step,epoch,loss,lr
1.0,0.0,1.0845754146575928,4.0000000000000003e-07
2.0,0.0,1.0873370170593262,6.000000000000001e-07
3.0,0.0,1.0795605182647705,8.000000000000001e-07
4.0,0.0,1.078096628189087,1.0000000000000002e-06
5.0,0.0,1.0758877992630005,1.2000000000000002e-06
6.0,0.0,1.0748722553253174,1.4000000000000001e-06
7.0,0.0,1.0703017711639404,1.6000000000000001e-06
8.0,0.0,1.0678496360778809,1.8e-06
9.0,0.0,1.0618438720703125,2.0000000000000003e-06
10.0,0.0,1.0576059818267822,2.2e-06
11.0,0.0,1.0508753061294556,2.4000000000000003e-06
12.0,0.0,1.0426886081695557,2.6e-06
13.0,0.0,1.037652850151062,2.8000000000000003e-06
14.0,0.0,1.0407795906066895,3e-06
15.0,0.0,1.0231932401657104,3.2000000000000003e-06
16.0,0.0,1.0199657678604126,3.4000000000000005e-06
17.0,0.0,1.0136072635650635,3.6e-06
18.0,0.0,1.0022211074829102,3.8e-06
19.0,0.0,0.9971058368682861,4.000000000000001e-06
20.0,0.0,0.9892010688781738,4.2000000000000004e-06
21.0,0.0,0.9820942878723145,4.4e-06
22.0,0.0,0.9674775004386902,4.6e-06
23.0,0.0,0.965696394443512,4.800000000000001e-06
24.0,0.0,0.9521703124046326,5e-06
25.0,0.0,0.9397740960121155,5.2e-06
26.0,0.0,0.9219424724578857,5.4e-06
27.0,0.0,0.9238609075546265,5.600000000000001e-06
28.0,0.0,0.8956639766693115,5.8e-06
29.0,0.0,0.8981311321258545,6e-06
30.0,0.0,0.8725913763046265,6.2e-06
31.0,0.0,0.8725665211677551,6.4000000000000006e-06
32.0,0.0,0.855998694896698,6.6e-06
33.0,0.0,0.8516567945480347,6.800000000000001e-06
34.0,0.0,0.8257769346237183,7.000000000000001e-06
35.0,0.0,0.814730167388916,7.2e-06
36.0,0.0,0.7979027032852173,7.4e-06
37.0,0.0,0.7784584760665894,7.6e-06
38.0,0.0,0.762641429901123,7.8e-06
39.0,0.0,0.7698533535003662,8.000000000000001e-06
40.0,0.0,0.7525917291641235,8.200000000000001e-06
41.0,0.0,0.7334342002868652,8.400000000000001e-06
42.0,0.0,0.7089470624923706,8.599999999999999e-06
43.0,0.0,0.7080888152122498,8.8e-06
44.0,0.0,0.6788290739059448,9e-06
45.0,0.0,0.6640705466270447,9.2e-06
46.0,0.0,0.6628071069717407,9.4e-06
47.0,0.0,0.6448955535888672,9.600000000000001e-06
48.0,0.0,0.6228019595146179,9.800000000000001e-06
49.0,0.0,0.6125491857528687,1e-05
50.0,0.0,0.6279455423355103,1.02e-05
51.0,0.0,0.5794726014137268,1.04e-05
52.0,0.0,0.573161244392395,1.06e-05
53.0,0.0,0.54063880443573,1.08e-05
54.0,0.0,0.5509200096130371,1.1000000000000001e-05
55.0,0.0,0.5075392723083496,1.1200000000000001e-05
56.0,0.0,0.5310046672821045,1.1400000000000001e-05
57.0,0.0,0.4871295392513275,1.16e-05
58.0,0.0,0.48372411727905273,1.18e-05
59.0,0.0,0.44964921474456787,1.2e-05
60.0,0.0,0.4576948881149292,1.22e-05
61.0,0.0,0.4426685571670532,1.24e-05
62.0,0.0,0.4231518507003784,1.2600000000000001e-05
63.0,0.0,0.4118133783340454,1.2800000000000001e-05
64.0,0.0,0.4067397713661194,1.3000000000000001e-05
65.0,0.0,0.38422340154647827,1.32e-05
66.0,0.0,0.39334362745285034,1.3400000000000002e-05
67.0,0.0,0.35871434211730957,1.3600000000000002e-05
68.0,0.0,0.348575234413147,1.3800000000000002e-05
69.0,0.0,0.33206939697265625,1.4000000000000001e-05
70.0,0.0,0.32718175649642944,1.42e-05
71.0,0.0,0.33856403827667236,1.44e-05
72.0,0.0,0.3145754933357239,1.4599999999999999e-05
73.0,0.0,0.30982527136802673,1.48e-05
74.0,0.0,0.3250037431716919,1.5e-05
75.0,0.0,0.288179874420166,1.52e-05
76.0,0.0,0.2818715274333954,1.54e-05
77.0,0.0,0.27457794547080994,1.56e-05
78.0,0.0,0.2642860412597656,1.58e-05
79.0,0.0,0.2407069206237793,1.6000000000000003e-05
80.0,0.0,0.23496241867542267,1.62e-05
81.0,0.0,0.2268158346414566,1.6400000000000002e-05
82.0,0.0,0.21760058403015137,1.66e-05
83.0,0.0,0.2197890281677246,1.6800000000000002e-05
84.0,0.0,0.22837668657302856,1.7000000000000003e-05
85.0,0.0,0.2330968976020813,1.7199999999999998e-05
86.0,0.0,0.20850950479507446,1.74e-05
87.0,0.0,0.197549968957901,1.76e-05
88.0,0.0,0.20376744866371155,1.78e-05
89.0,0.0,0.19030365347862244,1.8e-05
90.0,0.0,0.21847322583198547,1.8200000000000002e-05
91.0,0.0,0.19610556960105896,1.84e-05
92.0,0.0,0.18185190856456757,1.86e-05
93.0,0.0,0.18757787346839905,1.88e-05
94.0,0.0,0.20740732550621033,1.9e-05
95.0,0.0,0.18017709255218506,1.9200000000000003e-05
96.0,0.0,0.19136066734790802,1.94e-05
97.0,0.0,0.21134677529335022,1.9600000000000002e-05
98.0,0.0,0.15954306721687317,1.9800000000000004e-05
99.0,0.0,0.15932375192642212,2e-05
100.0,0.0,0.1810360699892044,2.0200000000000003e-05
101.0,0.0,0.17673462629318237,2.04e-05
102.0,0.0,0.16138595342636108,2.06e-05
103.0,0.0,0.16213928163051605,2.08e-05
104.0,0.0,0.16201436519622803,2.1e-05
105.0,0.0,0.1431894302368164,2.12e-05
106.0,0.0,0.13056695461273193,2.1400000000000002e-05
107.0,0.0,0.1770440638065338,2.16e-05
108.0,0.0,0.15966756641864777,2.18e-05
109.0,0.0,0.16385015845298767,2.2000000000000003e-05
110.0,0.0,0.16519707441329956,2.22e-05
111.0,0.0,0.15966200828552246,2.2400000000000002e-05
112.0,0.0,0.13891449570655823,2.26e-05
113.0,0.0,0.15628285706043243,2.2800000000000002e-05
114.0,0.0,0.16261646151542664,2.3000000000000003e-05
115.0,0.0,0.13524486124515533,2.32e-05
116.0,0.0,0.14142002165317535,2.3400000000000003e-05
117.0,0.0,0.129166841506958,2.36e-05
118.0,0.0,0.13321475684642792,2.38e-05
119.0,0.0,0.1407497525215149,2.4e-05
120.0,0.0,0.12917287647724152,2.4200000000000002e-05
121.0,0.0,0.16478843986988068,2.44e-05
122.0,0.0,0.14689578115940094,2.46e-05
123.0,0.0,0.14476951956748962,2.48e-05
124.0,0.0,0.14441907405853271,2.5e-05
125.0,0.0,0.13294488191604614,2.5200000000000003e-05
126.0,0.0,0.15265117585659027,2.54e-05
127.0,0.0,0.12883150577545166,2.5600000000000002e-05
128.0,0.0,0.1417171061038971,2.58e-05
129.0,0.0,0.13861143589019775,2.6000000000000002e-05
130.0,0.0,0.11569234728813171,2.6200000000000003e-05
131.0,0.0,0.1244998425245285,2.64e-05
132.0,0.0,0.13553400337696075,2.6600000000000003e-05
133.0,0.0,0.11895149201154709,2.6800000000000004e-05
134.0,0.0,0.10654080659151077,2.7000000000000002e-05
135.0,0.0,0.11665581166744232,2.7200000000000004e-05
136.0,0.0,0.157576322555542,2.7400000000000002e-05
137.0,0.0,0.1282811164855957,2.7600000000000003e-05
138.0,0.0,0.13972699642181396,2.7800000000000005e-05
139.0,0.0,0.10761886090040207,2.8000000000000003e-05
140.0,0.0,0.13421857357025146,2.8199999999999998e-05
141.0,0.0,0.12410353869199753,2.84e-05
142.0,0.0,0.110889732837677,2.86e-05
143.0,0.0,0.1186857521533966,2.88e-05
144.0,0.0,0.13028346002101898,2.9e-05
145.0,0.0,0.11354818940162659,2.9199999999999998e-05
146.0,0.0,0.10711146891117096,2.94e-05
147.0,0.0,0.12666663527488708,2.96e-05
148.0,0.0,0.09336766600608826,2.98e-05
149.0,0.0,0.11028437316417694,3e-05
150.0,0.0,0.09820903092622757,3.02e-05
151.0,0.0,0.11008408665657043,3.04e-05
152.0,0.0,0.12051746249198914,3.06e-05
153.0,0.0,0.09896527230739594,3.08e-05
154.0,0.0,0.1068735420703888,3.1e-05
155.0,0.0,0.1101798564195633,3.12e-05
156.0,0.0,0.10898588597774506,3.1400000000000004e-05
157.0,0.0,0.11244627833366394,3.16e-05
158.0,0.0,0.08985821902751923,3.18e-05
159.0,0.0,0.10739103704690933,3.2000000000000005e-05
160.0,0.0,0.11536075174808502,3.2200000000000003e-05
161.0,0.0,0.0914553850889206,3.24e-05
162.0,0.0,0.11881917715072632,3.26e-05
163.0,0.0,0.11267947405576706,3.2800000000000004e-05
164.0,0.0,0.11256249248981476,3.3e-05
165.0,0.0,0.11101041734218597,3.32e-05
166.0,0.0,0.10791422426700592,3.3400000000000005e-05
167.0,0.0,0.09198445081710815,3.3600000000000004e-05
168.0,0.0,0.10667243599891663,3.38e-05
169.0,0.0,0.09973104298114777,3.4000000000000007e-05
170.0,0.0,0.10938282310962677,3.4200000000000005e-05
171.0,0.0,0.09130380302667618,3.4399999999999996e-05
172.0,0.0,0.09052306413650513,3.46e-05
173.0,0.0,0.09109656512737274,3.48e-05
174.0,0.0,0.10062211006879807,3.5e-05
175.0,0.0,0.09179311245679855,3.52e-05
176.0,0.0,0.10012644529342651,3.54e-05
177.0,0.0,0.11207705736160278,3.56e-05
178.0,0.0,0.12525057792663574,3.58e-05
179.0,0.0,0.11702164262533188,3.6e-05
180.0,0.0,0.11879957467317581,3.62e-05
181.0,0.0,0.09507723152637482,3.6400000000000004e-05
182.0,0.0,0.09503622353076935,3.66e-05
183.0,0.0,0.08642663061618805,3.68e-05
184.0,0.0,0.07775431871414185,3.7e-05
185.0,0.0,0.09159134328365326,3.72e-05
186.0,0.0,0.09555260837078094,3.74e-05
187.0,0.0,0.07131554186344147,3.76e-05
188.0,0.0,0.10143817961215973,3.7800000000000004e-05
189.0,0.0,0.07133743911981583,3.8e-05
190.0,0.0,0.08977623283863068,3.82e-05
191.0,0.0,0.09740941226482391,3.8400000000000005e-05
192.0,0.0,0.08921691030263901,3.86e-05
193.0,0.0,0.08738382160663605,3.88e-05
194.0,0.0,0.08139455318450928,3.9000000000000006e-05
195.0,0.0,0.08757525682449341,3.9200000000000004e-05
196.0,0.0,0.0889478325843811,3.94e-05
197.0,0.0,0.07167998701334,3.960000000000001e-05
198.0,0.0,0.07887141406536102,3.9800000000000005e-05
199.0,0.0,0.08981551975011826,4e-05
200.0,0.0,0.06873021274805069,4.02e-05
201.0,0.0,0.06649864464998245,4.0400000000000006e-05
202.0,0.0,0.08654572069644928,4.0600000000000004e-05
203.0,0.0,0.07454577088356018,4.08e-05
204.0,0.0,0.08279747515916824,4.1e-05
205.0,0.0,0.08932264894247055,4.12e-05
206.0,0.0,0.07763630151748657,4.14e-05
207.0,0.0,0.09482754021883011,4.16e-05
208.0,0.0,0.07097610831260681,4.18e-05
209.0,0.0,0.08716899901628494,4.2e-05
210.0,0.0,0.08956693112850189,4.22e-05
211.0,0.0,0.09277999401092529,4.24e-05
212.0,0.0,0.07948796451091766,4.26e-05
213.0,0.0,0.08687261492013931,4.2800000000000004e-05
214.0,0.0,0.07417935132980347,4.3e-05
215.0,0.0,0.07119761407375336,4.32e-05
216.0,0.0,0.06711190938949585,4.3400000000000005e-05
217.0,0.0,0.07401641458272934,4.36e-05
218.0,0.0,0.0713810920715332,4.38e-05
219.0,0.0,0.07241825014352798,4.4000000000000006e-05
220.0,0.0,0.08713031560182571,4.4200000000000004e-05
221.0,0.0,0.07688240706920624,4.44e-05
222.0,0.0,0.07018952071666718,4.46e-05
223.0,0.0,0.07442273199558258,4.4800000000000005e-05
224.0,0.0,0.09912820905447006,4.5e-05
225.0,0.0,0.054075874388217926,4.52e-05
226.0,0.0,0.10665880143642426,4.5400000000000006e-05
227.0,0.0,0.07351130247116089,4.5600000000000004e-05
228.0,0.0,0.05940588563680649,4.58e-05
229.0,0.0,0.06013789772987366,4.600000000000001e-05
230.0,0.0,0.09548480808734894,4.6200000000000005e-05
231.0,0.0,0.0731726661324501,4.64e-05
232.0,0.0,0.056079763919115067,4.660000000000001e-05
233.0,0.0,0.09329098463058472,4.6800000000000006e-05
234.0,0.0,0.06636549532413483,4.7e-05
235.0,0.0,0.06828400492668152,4.72e-05
236.0,0.0,0.0729311928153038,4.74e-05
237.0,0.0,0.07059101015329361,4.76e-05
238.0,0.0,0.08554914593696594,4.78e-05
239.0,0.0,0.08867643028497696,4.8e-05
240.0,0.0,0.05451064929366112,4.82e-05
241.0,0.0,0.06978098303079605,4.8400000000000004e-05
242.0,0.0,0.061631351709365845,4.86e-05
243.0,0.0,0.08151762187480927,4.88e-05
244.0,0.0,0.05644683912396431,4.9e-05
245.0,0.0,0.05146314203739166,4.92e-05
246.0,0.0,0.07017466425895691,4.94e-05
247.0,0.0,0.06321050971746445,4.96e-05
248.0,0.0,0.07051064074039459,4.9800000000000004e-05
249.0,0.0,0.06664799153804779,5e-05
250.0,0.0,0.07194099575281143,5.02e-05
251.0,0.0,0.0602935291826725,5.0400000000000005e-05
252.0,0.0,0.0600493960082531,5.0600000000000003e-05
253.0,0.0,0.046605806797742844,5.08e-05
254.0,0.0,0.06863012164831161,5.1000000000000006e-05
255.0,0.0,0.05882171168923378,5.1200000000000004e-05
256.0,0.0,0.07125923037528992,5.14e-05
257.0,0.0,0.07331763207912445,5.16e-05
258.0,0.0,0.07071967422962189,5.1800000000000005e-05
259.0,0.0,0.05664224177598953,5.2000000000000004e-05
260.0,0.0,0.058733612298965454,5.22e-05
261.0,0.0,0.05657059699296951,5.2400000000000007e-05
262.0,0.0,0.05962058901786804,5.2600000000000005e-05
263.0,0.0,0.07373055070638657,5.28e-05
264.0,0.0,0.05222566798329353,5.300000000000001e-05
265.0,0.0,0.06271293014287949,5.3200000000000006e-05
266.0,0.0,0.05829445272684097,5.3400000000000004e-05
267.0,0.0,0.05233453959226608,5.360000000000001e-05
268.0,0.0,0.048125963658094406,5.380000000000001e-05
269.0,0.0,0.05471496284008026,5.4000000000000005e-05
270.0,0.0,0.06413573026657104,5.420000000000001e-05
271.0,0.0,0.060821518301963806,5.440000000000001e-05
272.0,0.0,0.061089541763067245,5.4600000000000006e-05
273.0,0.0,0.06773137301206589,5.4800000000000004e-05
274.0,0.0,0.06106845289468765,5.500000000000001e-05
275.0,0.0,0.06468744575977325,5.520000000000001e-05
276.0,0.0,0.0664403885602951,5.5400000000000005e-05
277.0,0.0,0.04440974444150925,5.560000000000001e-05
278.0,0.0,0.06338503211736679,5.580000000000001e-05
279.0,0.0,0.0589718297123909,5.6000000000000006e-05
280.0,0.0,0.05588832125067711,5.620000000000001e-05
281.0,0.0,0.06223319470882416,5.6399999999999995e-05
282.0,0.0,0.056504957377910614,5.66e-05
283.0,0.0,0.05108040198683739,5.68e-05
284.0,0.0,0.07069097459316254,5.6999999999999996e-05
285.0,0.0,0.059142760932445526,5.72e-05
286.0,0.0,0.057225894182920456,5.74e-05
287.0,0.0,0.059762485325336456,5.76e-05
288.0,0.0,0.06440483033657074,5.7799999999999995e-05
289.0,0.0,0.054689474403858185,5.8e-05
290.0,0.0,0.06043922156095505,5.82e-05
291.0,0.0,0.07361657917499542,5.8399999999999997e-05
292.0,0.0,0.06573686003684998,5.86e-05
293.0,0.0,0.04981695115566254,5.88e-05
294.0,0.0,0.05317537859082222,5.9e-05
295.0,0.0,0.061870016157627106,5.92e-05
296.0,0.0,0.08537841588258743,5.94e-05
297.0,0.0,0.052843980491161346,5.96e-05
298.0,0.0,0.04894315451383591,5.9800000000000003e-05
299.0,0.0,0.05674253776669502,6e-05
300.0,0.0,0.057905085384845734,6.02e-05
301.0,0.0,0.06097739562392235,6.04e-05
302.0,0.0,0.05506215989589691,6.06e-05
303.0,0.0,0.06199530512094498,6.08e-05
304.0,0.0,0.054810237139463425,6.1e-05
305.0,0.0,0.056668613106012344,6.12e-05
306.0,0.0,0.05127975344657898,6.14e-05
307.0,0.0,0.06147707253694534,6.16e-05
308.0,0.0,0.06200835481286049,6.18e-05
309.0,0.0,0.05157889798283577,6.2e-05
310.0,0.0,0.055547330528497696,6.220000000000001e-05
311.0,0.0,0.042618341743946075,6.24e-05
312.0,0.0,0.05570702999830246,6.26e-05
313.0,0.0,0.0663355216383934,6.280000000000001e-05
314.0,0.0,0.05788493528962135,6.3e-05
315.0,0.0,0.0587015375494957,6.32e-05
316.0,0.0,0.06246552616357803,6.340000000000001e-05
317.0,0.0,0.06803912669420242,6.36e-05
318.0,0.0,0.05129477009177208,6.38e-05
319.0,0.0,0.07311732321977615,6.400000000000001e-05
320.0,0.0,0.06791222095489502,6.42e-05
321.0,0.0,0.04335973039269447,6.440000000000001e-05
322.0,0.0,0.05240003764629364,6.460000000000001e-05
323.0,0.0,0.05719633400440216,6.48e-05
324.0,0.0,0.05852169543504715,6.500000000000001e-05
325.0,0.0,0.061648666858673096,6.52e-05
326.0,0.0,0.045160260051488876,6.54e-05
327.0,0.0,0.051502715796232224,6.560000000000001e-05
328.0,0.0,0.06271383166313171,6.58e-05
329.0,0.0,0.0534517839550972,6.6e-05
330.0,0.0,0.053914472460746765,6.620000000000001e-05
331.0,0.0,0.056753817945718765,6.64e-05
332.0,0.0,0.053843822330236435,6.66e-05
333.0,0.0,0.05342993140220642,6.680000000000001e-05
334.0,0.0,0.05453774333000183,6.7e-05
335.0,0.0,0.06006890535354614,6.720000000000001e-05
336.0,0.0,0.06287780404090881,6.740000000000001e-05
337.0,0.0,0.049351561814546585,6.76e-05
338.0,0.0,0.07044728100299835,6.780000000000001e-05
339.0,0.0,0.058820948004722595,6.800000000000001e-05
340.0,0.0,0.04308153688907623,6.82e-05
341.0,0.0,0.05892455205321312,6.840000000000001e-05
342.0,0.0,0.0539504811167717,6.860000000000001e-05
343.0,0.0,0.059776559472084045,6.879999999999999e-05
344.0,0.0,0.04881909862160683,6.9e-05
345.0,0.0,0.05098133906722069,6.92e-05
346.0,0.0,0.04975235089659691,6.939999999999999e-05
347.0,0.0,0.05276898294687271,6.96e-05
348.0,0.0,0.06788253784179688,6.98e-05
349.0,0.0,0.048458755016326904,7e-05
350.0,0.0,0.050926607102155685,7.02e-05
351.0,0.0,0.05461166799068451,7.04e-05
352.0,0.0,0.04419318586587906,7.06e-05
353.0,0.0,0.05031903088092804,7.08e-05
354.0,0.0,0.04981620982289314,7.1e-05
355.0,0.0,0.05761188641190529,7.12e-05
356.0,0.0,0.043001458048820496,7.14e-05
357.0,0.0,0.04939926415681839,7.16e-05
358.0,0.0,0.05527932196855545,7.18e-05
359.0,0.0,0.04159907251596451,7.2e-05
360.0,0.0,0.04937043786048889,7.22e-05
361.0,0.0,0.04817163944244385,7.24e-05
362.0,0.0,0.04746183753013611,7.26e-05
363.0,0.0,0.04922274127602577,7.280000000000001e-05
364.0,0.0,0.05082748830318451,7.3e-05
365.0,0.0,0.0531732477247715,7.32e-05
366.0,0.0,0.04904743283987045,7.340000000000001e-05
367.0,0.0,0.06309515237808228,7.36e-05
368.0,0.0,0.05250551551580429,7.38e-05
369.0,0.0,0.05476456135511398,7.4e-05
370.0,0.0,0.04585661739110947,7.42e-05
371.0,0.0,0.04978334158658981,7.44e-05
372.0,0.0,0.04830726236104965,7.46e-05
373.0,0.0,0.05301457643508911,7.48e-05
374.0,0.0,0.046078115701675415,7.500000000000001e-05
375.0,0.0,0.051500339061021805,7.52e-05
376.0,0.0,0.06296496838331223,7.54e-05
377.0,0.0,0.058015190064907074,7.560000000000001e-05
378.0,0.0,0.050753917545080185,7.58e-05
379.0,0.0,0.05295373499393463,7.6e-05
380.0,0.0,0.041466303169727325,7.620000000000001e-05
381.0,0.0,0.04743601009249687,7.64e-05
382.0,0.0,0.05088749900460243,7.66e-05
383.0,0.0,0.043660230934619904,7.680000000000001e-05
384.0,0.0,0.045738883316516876,7.7e-05
385.0,0.0,0.04691184312105179,7.72e-05
386.0,0.0,0.04570870101451874,7.740000000000001e-05
387.0,0.0,0.035023778676986694,7.76e-05
388.0,0.0,0.04587443917989731,7.780000000000001e-05
389.0,0.0,0.05264541134238243,7.800000000000001e-05
390.0,0.0,0.05657022446393967,7.82e-05
391.0,0.0,0.04789934307336807,7.840000000000001e-05
392.0,0.0,0.040524400770664215,7.860000000000001e-05
393.0,0.0,0.049805380403995514,7.88e-05
394.0,0.0,0.05261530727148056,7.900000000000001e-05
395.0,0.0,0.049870461225509644,7.920000000000001e-05
396.0,0.0,0.044433578848838806,7.94e-05
397.0,0.0,0.05603169649839401,7.960000000000001e-05
398.0,0.0,0.041887495666742325,7.98e-05
399.0,0.0,0.03571013733744621,8e-05
400.0,0.0,0.04529872536659241,8.020000000000001e-05
401.0,0.0,0.0512416809797287,8.04e-05
402.0,0.0,0.043854281306266785,8.060000000000001e-05
403.0,0.0,0.039227306842803955,8.080000000000001e-05
404.0,0.0,0.042678818106651306,8.1e-05
405.0,0.0,0.04428407922387123,8.120000000000001e-05
406.0,0.0,0.04715704917907715,8.14e-05
407.0,0.0,0.0446108877658844,8.16e-05
408.0,0.0,0.04016890004277229,8.18e-05
409.0,0.0,0.053208138793706894,8.2e-05
410.0,0.0,0.03351418673992157,8.22e-05
411.0,0.0,0.048752449452877045,8.24e-05
412.0,0.0,0.04748988524079323,8.26e-05
413.0,0.0,0.03918691724538803,8.28e-05
414.0,0.0,0.05288892239332199,8.3e-05
415.0,0.0,0.04125605896115303,8.32e-05
416.0,0.0,0.04440491273999214,8.34e-05
417.0,0.0,0.042456429451704025,8.36e-05
418.0,0.0,0.045240871608257294,8.38e-05
419.0,0.0,0.03899078816175461,8.4e-05
420.0,0.0,0.038129206746816635,8.42e-05
421.0,0.0,0.044060297310352325,8.44e-05
422.0,0.0,0.039167359471321106,8.46e-05
423.0,0.0,0.044973984360694885,8.48e-05
424.0,0.0,0.03596830368041992,8.5e-05
425.0,0.0,0.041502729058265686,8.52e-05
426.0,0.0,0.04056143760681152,8.54e-05
427.0,0.0,0.03957882523536682,8.560000000000001e-05
428.0,0.0,0.04304786026477814,8.58e-05
429.0,0.0,0.046784743666648865,8.6e-05
430.0,0.0,0.0423043891787529,8.620000000000001e-05
431.0,0.0,0.04100775718688965,8.64e-05
432.0,0.0,0.037771839648485184,8.66e-05
433.0,0.0,0.04871324822306633,8.680000000000001e-05
434.0,0.0,0.029257191345095634,8.7e-05
435.0,0.0,0.03840193897485733,8.72e-05
436.0,0.0,0.04331576079130173,8.740000000000001e-05
437.0,0.0,0.03696106746792793,8.76e-05
438.0,0.0,0.04186636209487915,8.78e-05
439.0,0.0,0.04527105763554573,8.800000000000001e-05
440.0,0.0,0.04297556355595589,8.82e-05
441.0,0.0,0.043484751135110855,8.840000000000001e-05
442.0,0.0,0.03893258795142174,8.86e-05
443.0,0.0,0.0452224425971508,8.88e-05
444.0,0.0,0.04118158668279648,8.900000000000001e-05
445.0,0.0,0.054179929196834564,8.92e-05
446.0,0.0,0.0493672639131546,8.94e-05
447.0,0.0,0.05762374401092529,8.960000000000001e-05
448.0,0.0,0.040990494191646576,8.98e-05
449.0,0.0,0.044704288244247437,9e-05
450.0,0.0,0.03729899972677231,9.020000000000001e-05
451.0,0.0,0.036809224635362625,9.04e-05
452.0,0.0,0.044529132544994354,9.06e-05
453.0,0.0,0.03976058214902878,9.080000000000001e-05
454.0,0.0,0.04900858551263809,9.1e-05
455.0,0.0,0.04168495535850525,9.120000000000001e-05
456.0,0.0,0.037391502410173416,9.140000000000001e-05
457.0,0.0,0.03572408854961395,9.16e-05
458.0,0.0,0.05279840528964996,9.180000000000001e-05
459.0,0.0,0.045734524726867676,9.200000000000001e-05
460.0,0.0,0.04315975308418274,9.22e-05
461.0,0.0,0.05019617825746536,9.240000000000001e-05
462.0,0.0,0.04094760864973068,9.260000000000001e-05
463.0,0.0,0.040864497423172,9.28e-05
464.0,0.0,0.03462981432676315,9.300000000000001e-05
465.0,0.0,0.036377567797899246,9.320000000000002e-05
466.0,0.0,0.049246616661548615,9.340000000000001e-05
467.0,0.0,0.04370608925819397,9.360000000000001e-05
468.0,0.0,0.04693279415369034,9.38e-05
469.0,1.0,0.05004166066646576,9.4e-05
470.0,1.0,0.04015546292066574,9.42e-05
471.0,1.0,0.04253409802913666,9.44e-05
472.0,1.0,0.03216955065727234,9.46e-05
473.0,1.0,0.04187195748090744,9.48e-05
474.0,1.0,0.03710103780031204,9.5e-05
475.0,1.0,0.04541502892971039,9.52e-05
476.0,1.0,0.04830852895975113,9.54e-05
477.0,1.0,0.0579540990293026,9.56e-05
478.0,1.0,0.05469966679811478,9.58e-05
479.0,1.0,0.04012094438076019,9.6e-05
480.0,1.0,0.03893619775772095,9.620000000000001e-05
481.0,1.0,0.05198553949594498,9.64e-05
482.0,1.0,0.048079025000333786,9.66e-05
483.0,1.0,0.040563665330410004,9.680000000000001e-05
484.0,1.0,0.035353511571884155,9.7e-05
485.0,1.0,0.04198262095451355,9.72e-05
486.0,1.0,0.04544699192047119,9.74e-05
487.0,1.0,0.036735501140356064,9.76e-05
488.0,1.0,0.03904447704553604,9.78e-05
489.0,1.0,0.04659254103899002,9.8e-05
490.0,1.0,0.04010502249002457,9.82e-05
491.0,1.0,0.049775753170251846,9.84e-05
492.0,1.0,0.03371003270149231,9.86e-05
493.0,1.0,0.04441719874739647,9.88e-05
494.0,1.0,0.0411100797355175,9.900000000000001e-05
495.0,1.0,0.04200301691889763,9.92e-05
496.0,1.0,0.03726470470428467,9.94e-05
497.0,1.0,0.03890804946422577,9.960000000000001e-05
498.0,1.0,0.037599340081214905,9.98e-05
499.0,1.0,0.04191139340400696,0.0001
500.0,1.0,0.04336921125650406,0.00010020000000000001
501.0,1.0,0.039713434875011444,0.0001004
502.0,1.0,0.03652630373835564,0.0001006
503.0,1.0,0.037410177290439606,0.00010080000000000001
504.0,1.0,0.04665923863649368,0.000101
505.0,1.0,0.04394381493330002,0.00010120000000000001
506.0,1.0,0.049490831792354584,0.00010140000000000001
507.0,1.0,0.035085007548332214,0.0001016
508.0,1.0,0.047165241092443466,0.00010180000000000001
509.0,1.0,0.03541651740670204,0.00010200000000000001
510.0,1.0,0.029556456953287125,0.0001022
511.0,1.0,0.03433240205049515,0.00010240000000000001
512.0,1.0,0.038461603224277496,0.00010260000000000001
513.0,1.0,0.043948687613010406,0.0001028
514.0,1.0,0.044819772243499756,0.00010300000000000001
515.0,1.0,0.03183843940496445,0.0001032
516.0,1.0,0.03048783913254738,0.0001034
517.0,1.0,0.02667471207678318,0.00010360000000000001
518.0,1.0,0.033706650137901306,0.0001038
519.0,1.0,0.03490418940782547,0.00010400000000000001
520.0,1.0,0.04626540094614029,0.00010420000000000001
521.0,1.0,0.041839297860860825,0.0001044
522.0,1.0,0.03965394198894501,0.00010460000000000001
523.0,1.0,0.0423814058303833,0.00010480000000000001
524.0,1.0,0.047304630279541016,0.000105
525.0,1.0,0.03445924073457718,0.00010520000000000001
526.0,1.0,0.03559614345431328,0.00010540000000000001
527.0,1.0,0.035649463534355164,0.0001056
528.0,1.0,0.03968968242406845,0.00010580000000000001
529.0,1.0,0.03510075435042381,0.00010600000000000002
530.0,1.0,0.04002848267555237,0.0001062
531.0,1.0,0.03693709522485733,0.00010640000000000001
532.0,1.0,0.0333838053047657,0.00010660000000000002
533.0,1.0,0.039383187890052795,0.00010680000000000001
534.0,1.0,0.03143490478396416,0.00010700000000000001
535.0,1.0,0.041193924844264984,0.00010720000000000002
536.0,1.0,0.0414833128452301,0.00010740000000000001
537.0,1.0,0.03518179431557655,0.00010760000000000001
538.0,1.0,0.0437883660197258,0.00010780000000000002
539.0,1.0,0.02719265967607498,0.00010800000000000001
540.0,1.0,0.040752869099378586,0.00010820000000000001
541.0,1.0,0.037801943719387054,0.00010840000000000002
542.0,1.0,0.03611311316490173,0.00010860000000000001
543.0,1.0,0.02854953706264496,0.00010880000000000002
544.0,1.0,0.052952248603105545,0.000109
545.0,1.0,0.03113589435815811,0.00010920000000000001
546.0,1.0,0.03563767671585083,0.00010940000000000002
547.0,1.0,0.03663777559995651,0.00010960000000000001
548.0,1.0,0.03611667826771736,0.00010980000000000001
549.0,1.0,0.028147729113698006,0.00011000000000000002
550.0,1.0,0.03674747049808502,0.00011020000000000001
551.0,1.0,0.04111649841070175,0.00011040000000000001
552.0,1.0,0.040932029485702515,0.00011060000000000002
553.0,1.0,0.0358552485704422,0.00011080000000000001
554.0,1.0,0.03662446141242981,0.00011100000000000001
555.0,1.0,0.04097217321395874,0.00011120000000000002
556.0,1.0,0.03598012402653694,0.00011140000000000001
557.0,1.0,0.03897658735513687,0.00011160000000000002
558.0,1.0,0.0313887894153595,0.00011180000000000002
559.0,1.0,0.03647078573703766,0.00011200000000000001
560.0,1.0,0.03879321366548538,0.00011220000000000002
561.0,1.0,0.03100910782814026,0.00011240000000000002
562.0,1.0,0.03314658999443054,0.0001126
563.0,1.0,0.03733144700527191,0.00011279999999999999
564.0,1.0,0.032199613749980927,0.000113
565.0,1.0,0.04294348508119583,0.0001132
566.0,1.0,0.0317142978310585,0.00011339999999999999
567.0,1.0,0.04429864510893822,0.0001136
568.0,1.0,0.04240914434194565,0.0001138
569.0,1.0,0.03566151112318039,0.00011399999999999999
570.0,1.0,0.04421112686395645,0.0001142
571.0,1.0,0.039993852376937866,0.0001144
572.0,1.0,0.03797971457242966,0.0001146
573.0,1.0,0.036118362098932266,0.0001148
574.0,1.0,0.040225908160209656,0.00011499999999999999
575.0,1.0,0.03555074334144592,0.0001152
576.0,1.0,0.03997405618429184,0.0001154
577.0,1.0,0.033061571419239044,0.00011559999999999999
578.0,1.0,0.03165815770626068,0.0001158
579.0,1.0,0.03600916266441345,0.000116
580.0,1.0,0.03016364574432373,0.00011619999999999999
581.0,1.0,0.03999738022685051,0.0001164
582.0,1.0,0.035443052649497986,0.0001166
583.0,1.0,0.03932487219572067,0.00011679999999999999
584.0,1.0,0.03034154139459133,0.000117
585.0,1.0,0.036923848092556,0.0001172
586.0,1.0,0.043648310005664825,0.0001174
587.0,1.0,0.03537977486848831,0.0001176
588.0,1.0,0.03383069485425949,0.0001178
589.0,1.0,0.02717827633023262,0.000118
590.0,1.0,0.028459802269935608,0.0001182
591.0,1.0,0.03489282727241516,0.0001184
592.0,1.0,0.039391085505485535,0.0001186
593.0,1.0,0.034709565341472626,0.0001188
594.0,1.0,0.040629792958498,0.000119
595.0,1.0,0.031017538160085678,0.0001192
596.0,1.0,0.03752739727497101,0.0001194
597.0,1.0,0.040585629642009735,0.00011960000000000001
598.0,1.0,0.03525400161743164,0.0001198
599.0,1.0,0.03393828868865967,0.00012
600.0,1.0,0.05354180186986923,0.00012020000000000001
601.0,1.0,0.042192939668893814,0.0001204
602.0,1.0,0.040762461721897125,0.0001206
603.0,1.0,0.03326516970992088,0.0001208
604.0,1.0,0.02748984284698963,0.000121
605.0,1.0,0.03311938792467117,0.0001212
606.0,1.0,0.03581435978412628,0.0001214
607.0,1.0,0.029279842972755432,0.0001216
608.0,1.0,0.03831295296549797,0.0001218
609.0,1.0,0.03248438984155655,0.000122
610.0,1.0,0.036126598715782166,0.00012220000000000002
611.0,1.0,0.03414151072502136,0.0001224
612.0,1.0,0.036230284720659256,0.0001226
613.0,1.0,0.03297092393040657,0.0001228
614.0,1.0,0.03809107840061188,0.000123
615.0,1.0,0.03660762310028076,0.0001232
616.0,1.0,0.03384442254900932,0.00012340000000000002
617.0,1.0,0.03336033970117569,0.0001236
618.0,1.0,0.03975389152765274,0.0001238
619.0,1.0,0.02769879251718521,0.000124
620.0,1.0,0.03609826788306236,0.0001242
621.0,1.0,0.03746628761291504,0.00012440000000000002
622.0,1.0,0.040705859661102295,0.0001246
623.0,1.0,0.028768017888069153,0.0001248
624.0,1.0,0.03098430298268795,0.000125
625.0,1.0,0.04302217811346054,0.0001252
626.0,1.0,0.039695654064416885,0.0001254
627.0,1.0,0.028129804879426956,0.00012560000000000002
628.0,1.0,0.032773539423942566,0.0001258
629.0,1.0,0.033133260905742645,0.000126
630.0,1.0,0.04092027619481087,0.0001262
631.0,1.0,0.03248154744505882,0.0001264
632.0,1.0,0.030741171911358833,0.00012660000000000001
633.0,1.0,0.0302137304097414,0.00012680000000000002
634.0,1.0,0.03039422817528248,0.000127
635.0,1.0,0.03199431300163269,0.0001272
636.0,1.0,0.02900373935699463,0.0001274
637.0,1.0,0.028646893799304962,0.0001276
638.0,1.0,0.03956599533557892,0.00012780000000000002
639.0,1.0,0.0321149043738842,0.00012800000000000002
640.0,1.0,0.040011972188949585,0.0001282
641.0,1.0,0.04041607677936554,0.0001284
642.0,1.0,0.03494463488459587,0.0001286
643.0,1.0,0.035100698471069336,0.00012880000000000001
644.0,1.0,0.028577346354722977,0.00012900000000000002
645.0,1.0,0.037881843745708466,0.00012920000000000002
646.0,1.0,0.03456597030162811,0.0001294
647.0,1.0,0.03378060460090637,0.0001296
648.0,1.0,0.03983527421951294,0.0001298
649.0,1.0,0.03482189029455185,0.00013000000000000002
650.0,1.0,0.04166562482714653,0.00013020000000000002
651.0,1.0,0.03691559284925461,0.0001304
652.0,1.0,0.04446834698319435,0.0001306
653.0,1.0,0.036258190870285034,0.0001308
654.0,1.0,0.03661206364631653,0.000131
655.0,1.0,0.028902575373649597,0.00013120000000000002
656.0,1.0,0.03762289136648178,0.00013140000000000002
657.0,1.0,0.03249319642782211,0.0001316
658.0,1.0,0.030512183904647827,0.0001318
659.0,1.0,0.029257718473672867,0.000132
660.0,1.0,0.03518906608223915,0.00013220000000000001
661.0,1.0,0.032815296202898026,0.00013240000000000002
662.0,1.0,0.02782142534852028,0.00013260000000000002
663.0,1.0,0.031810462474823,0.0001328
664.0,1.0,0.03991840034723282,0.000133
665.0,1.0,0.03596549481153488,0.0001332
666.0,1.0,0.034714676439762115,0.00013340000000000002
667.0,1.0,0.03970067948102951,0.00013360000000000002
668.0,1.0,0.03414120525121689,0.00013380000000000003
669.0,1.0,0.0306093692779541,0.000134
670.0,1.0,0.03554916009306908,0.0001342
671.0,1.0,0.03769705444574356,0.00013440000000000001
672.0,1.0,0.03445040434598923,0.00013460000000000002
673.0,1.0,0.02962678298354149,0.00013480000000000002
674.0,1.0,0.031032780185341835,0.00013500000000000003
675.0,1.0,0.035931557416915894,0.0001352
676.0,1.0,0.03562789782881737,0.0001354
677.0,1.0,0.022261373698711395,0.00013560000000000002
678.0,1.0,0.03434820473194122,0.00013580000000000002
679.0,1.0,0.030753441154956818,0.00013600000000000003
680.0,1.0,0.029259219765663147,0.0001362
681.0,1.0,0.03615350276231766,0.0001364
682.0,1.0,0.030295226722955704,0.0001366
683.0,1.0,0.03284009173512459,0.00013680000000000002
684.0,1.0,0.03311529755592346,0.00013700000000000002
685.0,1.0,0.030870459973812103,0.00013720000000000003
686.0,1.0,0.03197320178151131,0.0001374
687.0,1.0,0.03185150772333145,0.00013759999999999998
688.0,1.0,0.030468285083770752,0.0001378
689.0,1.0,0.03365279734134674,0.000138
690.0,1.0,0.030334824696183205,0.0001382
691.0,1.0,0.034789107739925385,0.0001384
692.0,1.0,0.03540576249361038,0.0001386
693.0,1.0,0.03708188980817795,0.00013879999999999999
694.0,1.0,0.042334288358688354,0.000139
695.0,1.0,0.042571619153022766,0.0001392
696.0,1.0,0.03176305443048477,0.0001394
697.0,1.0,0.03502623364329338,0.0001396
698.0,1.0,0.03639199212193489,0.0001398
699.0,1.0,0.04350219666957855,0.00014
700.0,1.0,0.0331830233335495,0.0001402
701.0,1.0,0.04200585186481476,0.0001404
702.0,1.0,0.022544782608747482,0.0001406
703.0,1.0,0.032388873398303986,0.0001408
704.0,1.0,0.03793535381555557,0.000141
705.0,1.0,0.027976449579000473,0.0001412
706.0,1.0,0.03816283866763115,0.0001414
707.0,1.0,0.03092597983777523,0.0001416
708.0,1.0,0.027429182082414627,0.0001418
709.0,1.0,0.02676404081285,0.000142
710.0,1.0,0.034563206136226654,0.0001422
711.0,1.0,0.028113365173339844,0.0001424
712.0,1.0,0.040303345769643784,0.0001426
713.0,1.0,0.027707654982805252,0.0001428
714.0,1.0,0.031794510781764984,0.000143
715.0,1.0,0.02940240502357483,0.0001432
716.0,1.0,0.03280860185623169,0.0001434
717.0,1.0,0.036445774137973785,0.0001436
718.0,1.0,0.03726223111152649,0.0001438
719.0,1.0,0.029306184500455856,0.000144
720.0,1.0,0.043728187680244446,0.0001442
721.0,1.0,0.035584431141614914,0.0001444
722.0,1.0,0.03129039332270622,0.0001446
723.0,1.0,0.030024491250514984,0.0001448
724.0,1.0,0.037205617874860764,0.000145
725.0,1.0,0.03543674945831299,0.0001452
726.0,1.0,0.035538628697395325,0.0001454
727.0,1.0,0.031745120882987976,0.00014560000000000002
728.0,1.0,0.040026046335697174,0.0001458
729.0,1.0,0.03171497955918312,0.000146
730.0,1.0,0.03619219362735748,0.0001462
731.0,1.0,0.03575665503740311,0.0001464
732.0,1.0,0.03647923469543457,0.0001466
733.0,1.0,0.027764182537794113,0.00014680000000000002
734.0,1.0,0.02674791030585766,0.000147
735.0,1.0,0.027733631432056427,0.0001472
736.0,1.0,0.03789253532886505,0.0001474
737.0,1.0,0.03173112869262695,0.0001476
738.0,1.0,0.037988677620887756,0.00014780000000000001
739.0,1.0,0.024955103173851967,0.000148
740.0,1.0,0.030708156526088715,0.0001482
741.0,1.0,0.02819383516907692,0.0001484
742.0,1.0,0.0254767294973135,0.0001486
743.0,1.0,0.035054825246334076,0.0001488
744.0,1.0,0.028636734932661057,0.00014900000000000002
745.0,1.0,0.03369726985692978,0.0001492
746.0,1.0,0.03307671099901199,0.0001494
747.0,1.0,0.030923832207918167,0.0001496
748.0,1.0,0.03210567310452461,0.0001498
749.0,1.0,0.03021920658648014,0.00015000000000000001
750.0,1.0,0.034656867384910583,0.00015020000000000002
751.0,1.0,0.03138408064842224,0.0001504
752.0,1.0,0.0296192467212677,0.0001506
753.0,1.0,0.026089470833539963,0.0001508
754.0,1.0,0.03163006901741028,0.000151
755.0,1.0,0.031154774129390717,0.00015120000000000002
756.0,1.0,0.03450707346200943,0.00015140000000000002
757.0,1.0,0.04215133190155029,0.0001516
758.0,1.0,0.036953285336494446,0.0001518
759.0,1.0,0.029219264164566994,0.000152
760.0,1.0,0.02814418077468872,0.0001522
761.0,1.0,0.02944851666688919,0.00015240000000000002
762.0,1.0,0.02754417061805725,0.00015260000000000002
763.0,1.0,0.03276849910616875,0.0001528
764.0,1.0,0.02255769446492195,0.000153
765.0,1.0,0.03076760098338127,0.0001532
766.0,1.0,0.032841190695762634,0.00015340000000000002
767.0,1.0,0.028191253542900085,0.00015360000000000002
768.0,1.0,0.03772006928920746,0.0001538
769.0,1.0,0.028904449194669724,0.000154
770.0,1.0,0.030067596584558487,0.0001542
771.0,1.0,0.03503870964050293,0.0001544
772.0,1.0,0.03337223082780838,0.00015460000000000002
773.0,1.0,0.0392768457531929,0.00015480000000000002
774.0,1.0,0.03488347679376602,0.000155
775.0,1.0,0.03170426934957504,0.0001552
776.0,1.0,0.031458087265491486,0.0001554
777.0,1.0,0.029246967285871506,0.00015560000000000001
778.0,1.0,0.036963626742362976,0.00015580000000000002
779.0,1.0,0.03281651437282562,0.00015600000000000002
780.0,1.0,0.02839173935353756,0.0001562
781.0,1.0,0.034789249300956726,0.0001564
782.0,1.0,0.02799393981695175,0.0001566
783.0,1.0,0.035707976669073105,0.00015680000000000002
784.0,1.0,0.03282284736633301,0.00015700000000000002
785.0,1.0,0.03209242597222328,0.00015720000000000003
786.0,1.0,0.03147044777870178,0.0001574
787.0,1.0,0.038638584315776825,0.0001576
788.0,1.0,0.03179644048213959,0.00015780000000000001
789.0,1.0,0.02828848548233509,0.00015800000000000002
790.0,1.0,0.03501652553677559,0.00015820000000000002
791.0,1.0,0.03583941608667374,0.00015840000000000003
792.0,1.0,0.030733749270439148,0.0001586
793.0,1.0,0.03198465704917908,0.0001588
794.0,1.0,0.03414812311530113,0.00015900000000000002
795.0,1.0,0.028415324166417122,0.00015920000000000002
796.0,1.0,0.031225919723510742,0.00015940000000000003
797.0,1.0,0.032019712030887604,0.0001596
798.0,1.0,0.02781800366938114,0.0001598
799.0,1.0,0.03746891766786575,0.00016
800.0,1.0,0.03059399500489235,0.00016020000000000002
801.0,1.0,0.032675862312316895,0.00016040000000000002
802.0,1.0,0.03206198662519455,0.00016060000000000003
803.0,1.0,0.03503980487585068,0.0001608
804.0,1.0,0.0316874235868454,0.000161
805.0,1.0,0.03231292963027954,0.00016120000000000002
806.0,1.0,0.03261657804250717,0.00016140000000000002
807.0,1.0,0.027560390532016754,0.00016160000000000002
808.0,1.0,0.034541428089141846,0.00016180000000000003
809.0,1.0,0.02186483144760132,0.000162
810.0,1.0,0.0360465869307518,0.0001622
811.0,1.0,0.026591692119836807,0.00016240000000000002
812.0,1.0,0.030622189864516258,0.0001626
813.0,1.0,0.030874568969011307,0.0001628
814.0,1.0,0.026071857661008835,0.000163
815.0,1.0,0.03559034317731857,0.0001632
816.0,1.0,0.025486622005701065,0.0001634
817.0,1.0,0.03259842470288277,0.0001636
818.0,1.0,0.02861318364739418,0.0001638
819.0,1.0,0.0360650010406971,0.000164
820.0,1.0,0.025572601705789566,0.0001642
821.0,1.0,0.02845221571624279,0.0001644
822.0,1.0,0.028101466596126556,0.0001646
823.0,1.0,0.03883945941925049,0.0001648
824.0,1.0,0.03313656896352768,0.000165
825.0,1.0,0.03209208697080612,0.0001652
826.0,1.0,0.02853432670235634,0.0001654
827.0,1.0,0.02344050258398056,0.0001656
828.0,1.0,0.03559403121471405,0.0001658
829.0,1.0,0.032195016741752625,0.000166
830.0,1.0,0.033789169043302536,0.0001662
831.0,1.0,0.02825506217777729,0.0001664
832.0,1.0,0.02709796279668808,0.0001666
833.0,1.0,0.023817546665668488,0.0001668
834.0,1.0,0.02718801610171795,0.000167
835.0,1.0,0.02116171456873417,0.0001672
836.0,1.0,0.03789467737078667,0.0001674
837.0,1.0,0.02937905490398407,0.0001676
838.0,1.0,0.025996416807174683,0.0001678
839.0,1.0,0.029804237186908722,0.000168
840.0,1.0,0.03000631183385849,0.0001682
841.0,1.0,0.0417192280292511,0.0001684
842.0,1.0,0.031632453203201294,0.0001686
843.0,1.0,0.03417206555604935,0.0001688
844.0,1.0,0.03582879155874252,0.00016900000000000002
845.0,1.0,0.03644325211644173,0.0001692
846.0,1.0,0.025504684075713158,0.0001694
847.0,1.0,0.03140456974506378,0.0001696
848.0,1.0,0.029935428872704506,0.0001698
849.0,1.0,0.02749692276120186,0.00017
850.0,1.0,0.0359465517103672,0.00017020000000000002
851.0,1.0,0.027516242116689682,0.0001704
852.0,1.0,0.029988029971718788,0.0001706
853.0,1.0,0.03356824070215225,0.0001708
854.0,1.0,0.027225889265537262,0.000171
855.0,1.0,0.0340333916246891,0.00017120000000000001
856.0,1.0,0.03265488147735596,0.0001714
857.0,1.0,0.02598898485302925,0.0001716
858.0,1.0,0.03094465471804142,0.0001718
859.0,1.0,0.03366059064865112,0.000172
860.0,1.0,0.040852904319763184,0.0001722
861.0,1.0,0.02910805121064186,0.00017240000000000002
862.0,1.0,0.030772630125284195,0.0001726
863.0,1.0,0.028681309893727303,0.0001728
864.0,1.0,0.031105156987905502,0.000173
865.0,1.0,0.03549344837665558,0.0001732
866.0,1.0,0.025463508442044258,0.0001734
867.0,1.0,0.03198251873254776,0.00017360000000000002
868.0,1.0,0.030823174864053726,0.0001738
869.0,1.0,0.021132756024599075,0.000174
870.0,1.0,0.026684097945690155,0.0001742
871.0,1.0,0.025365320965647697,0.0001744
872.0,1.0,0.028243891894817352,0.00017460000000000002
873.0,1.0,0.02579953894019127,0.00017480000000000002
874.0,1.0,0.027585573494434357,0.000175
875.0,1.0,0.028025541454553604,0.0001752
876.0,1.0,0.02867152728140354,0.0001754
877.0,1.0,0.03639642894268036,0.0001756
878.0,1.0,0.028590315952897072,0.00017580000000000002
879.0,1.0,0.02631029486656189,0.00017600000000000002
880.0,1.0,0.03332497552037239,0.0001762
881.0,1.0,0.0339374803006649,0.0001764
882.0,1.0,0.03279349207878113,0.0001766
883.0,1.0,0.02656671404838562,0.00017680000000000001
884.0,1.0,0.030018402263522148,0.00017700000000000002
885.0,1.0,0.03621474653482437,0.0001772
886.0,1.0,0.030575979501008987,0.0001774
887.0,1.0,0.02994736284017563,0.0001776
888.0,1.0,0.028963670134544373,0.0001778
889.0,1.0,0.02845597080886364,0.00017800000000000002
890.0,1.0,0.029360216110944748,0.00017820000000000002
891.0,1.0,0.03739669919013977,0.0001784
892.0,1.0,0.03215261176228523,0.0001786
893.0,1.0,0.025863558053970337,0.0001788
894.0,1.0,0.02730036899447441,0.00017900000000000001
895.0,1.0,0.04445705562829971,0.00017920000000000002
896.0,1.0,0.02935735508799553,0.00017940000000000002
897.0,1.0,0.02958524599671364,0.0001796
898.0,1.0,0.029434986412525177,0.0001798
899.0,1.0,0.02174893394112587,0.00018
900.0,1.0,0.027674540877342224,0.00018020000000000002
901.0,1.0,0.021224722266197205,0.00018040000000000002
902.0,1.0,0.028024354949593544,0.00018060000000000003
903.0,1.0,0.03096191957592964,0.0001808
904.0,1.0,0.02720019407570362,0.000181
905.0,1.0,0.030993925407528877,0.0001812
906.0,1.0,0.03164100646972656,0.00018140000000000002
907.0,1.0,0.024914775043725967,0.00018160000000000002
908.0,1.0,0.033478956669569016,0.00018180000000000003
909.0,1.0,0.03136918321251869,0.000182
910.0,1.0,0.025948746129870415,0.0001822
911.0,1.0,0.03452213108539581,0.00018240000000000002
912.0,1.0,0.031414441764354706,0.00018260000000000002
913.0,1.0,0.028255939483642578,0.00018280000000000003
914.0,1.0,0.0308771263808012,0.000183
915.0,1.0,0.033077798783779144,0.0001832
916.0,1.0,0.0333690270781517,0.0001834
917.0,1.0,0.031449392437934875,0.00018360000000000002
918.0,1.0,0.025593839585781097,0.00018380000000000002
919.0,1.0,0.023726437240839005,0.00018400000000000003
920.0,1.0,0.026795383542776108,0.0001842
921.0,1.0,0.028730101883411407,0.0001844
922.0,1.0,0.02901322953402996,0.00018460000000000001
923.0,1.0,0.027772407978773117,0.00018480000000000002
924.0,1.0,0.024588534608483315,0.00018500000000000002
925.0,1.0,0.02669321373105049,0.00018520000000000003
926.0,1.0,0.030404455959796906,0.0001854
927.0,1.0,0.031682319939136505,0.0001856
928.0,1.0,0.033265817910432816,0.00018580000000000002
929.0,1.0,0.03162548691034317,0.00018600000000000002
930.0,1.0,0.02436678670346737,0.00018620000000000003
931.0,1.0,0.02592293545603752,0.00018640000000000003
932.0,1.0,0.03315718472003937,0.0001866
933.0,1.0,0.022839155048131943,0.00018680000000000001
934.0,1.0,0.0357348695397377,0.00018700000000000002
935.0,1.0,0.030378086492419243,0.00018720000000000002
936.0,1.0,0.027373071759939194,0.00018740000000000003
937.0,2.0,0.023708952590823174,0.0001876
938.0,2.0,0.026496343314647675,0.0001878
939.0,2.0,0.029724981635808945,0.000188
940.0,2.0,0.034472882747650146,0.0001882
941.0,2.0,0.02284141629934311,0.0001884
942.0,2.0,0.027221068739891052,0.0001886
943.0,2.0,0.04206663370132446,0.0001888
944.0,2.0,0.03234356641769409,0.00018899999999999999
945.0,2.0,0.02271922118961811,0.0001892
946.0,2.0,0.02715073898434639,0.0001894
947.0,2.0,0.027846086770296097,0.0001896
948.0,2.0,0.027820222079753876,0.0001898
949.0,2.0,0.01996658369898796,0.00019
950.0,2.0,0.026770319789648056,0.0001902
951.0,2.0,0.025102771818637848,0.0001904
952.0,2.0,0.025245536118745804,0.0001906
953.0,2.0,0.033757153898477554,0.0001908
954.0,2.0,0.02604193612933159,0.000191
955.0,2.0,0.02850382961332798,0.0001912
956.0,2.0,0.02787693962454796,0.0001914
957.0,2.0,0.026772063225507736,0.0001916
958.0,2.0,0.03266271948814392,0.0001918
959.0,2.0,0.024414563551545143,0.000192
960.0,2.0,0.027143236249685287,0.0001922
961.0,2.0,0.029216105118393898,0.00019240000000000001
962.0,2.0,0.026573006063699722,0.0001926
963.0,2.0,0.029008375480771065,0.0001928
964.0,2.0,0.02901950664818287,0.000193
965.0,2.0,0.027563249692320824,0.0001932
966.0,2.0,0.030132904648780823,0.0001934
967.0,2.0,0.024803876876831055,0.00019360000000000002
968.0,2.0,0.026197629049420357,0.0001938
969.0,2.0,0.0233120396733284,0.000194
970.0,2.0,0.022152524441480637,0.0001942
971.0,2.0,0.03418361395597458,0.0001944
972.0,2.0,0.022429287433624268,0.00019460000000000001
973.0,2.0,0.03398837149143219,0.0001948
974.0,2.0,0.026604047045111656,0.000195
975.0,2.0,0.02602706104516983,0.0001952
976.0,2.0,0.027674321085214615,0.0001954
977.0,2.0,0.031545381993055344,0.0001956
978.0,2.0,0.02799544297158718,0.00019580000000000002
979.0,2.0,0.030913781374692917,0.000196
980.0,2.0,0.0223909392952919,0.0001962
981.0,2.0,0.03923303633928299,0.0001964
982.0,2.0,0.028603460639715195,0.0001966
983.0,2.0,0.02562686800956726,0.0001968
984.0,2.0,0.02616451121866703,0.00019700000000000002
985.0,2.0,0.03373078256845474,0.0001972
986.0,2.0,0.025005370378494263,0.0001974
987.0,2.0,0.02030244842171669,0.0001976
988.0,2.0,0.030932921916246414,0.0001978
989.0,2.0,0.02810184471309185,0.00019800000000000002
990.0,2.0,0.027006449177861214,0.00019820000000000002
991.0,2.0,0.02458375319838524,0.0001984
992.0,2.0,0.028813019394874573,0.0001986
993.0,2.0,0.030397240072488785,0.0001988
994.0,2.0,0.021635007113218307,0.000199
995.0,2.0,0.027524547651410103,0.00019920000000000002
996.0,2.0,0.0278458371758461,0.00019940000000000002
997.0,2.0,0.042663201689720154,0.0001996
998.0,2.0,0.03802571818232536,0.0001998
999.0,2.0,0.028998829424381256,0.0002
1000.0,2.0,0.02753211371600628,0.0002
1001.0,2.0,0.02619168348610401,0.0002
1002.0,2.0,0.028705492615699768,0.0002
1003.0,2.0,0.03504348173737526,0.0002
1004.0,2.0,0.02596977725625038,0.0002
1005.0,2.0,0.02532673254609108,0.0002
1006.0,2.0,0.034644149243831635,0.0002
1007.0,2.0,0.02479933388531208,0.0002
1008.0,2.0,0.02987843006849289,0.0002
1009.0,2.0,0.03155958652496338,0.0002
1010.0,2.0,0.028463812544941902,0.0002
1011.0,2.0,0.02358279749751091,0.0002
1012.0,2.0,0.031378768384456635,0.0002
1013.0,2.0,0.025158755481243134,0.0002
1014.0,2.0,0.02260402962565422,0.0002
1015.0,2.0,0.030353248119354248,0.0002
1016.0,2.0,0.026495125144720078,0.0002
1017.0,2.0,0.027781575918197632,0.0002
1018.0,2.0,0.03256141021847725,0.0002
1019.0,2.0,0.032566118985414505,0.0002
1020.0,2.0,0.02723867818713188,0.0002
1021.0,2.0,0.02516886033117771,0.0002
1022.0,2.0,0.027229851111769676,0.0002
1023.0,2.0,0.02463211864233017,0.0002
1024.0,2.0,0.026298915967345238,0.0002
1025.0,2.0,0.02203749120235443,0.0002
1026.0,2.0,0.03159279376268387,0.0002
1027.0,2.0,0.025465339422225952,0.0002
1028.0,2.0,0.023061566054821014,0.0002
1029.0,2.0,0.023986458778381348,0.0002
1030.0,2.0,0.03113486059010029,0.0002
1031.0,2.0,0.03008338436484337,0.0002
1032.0,2.0,0.026407292112708092,0.0002
1033.0,2.0,0.025473613291978836,0.0002
1034.0,2.0,0.02462223917245865,0.0002
1035.0,2.0,0.026039592921733856,0.0002
1036.0,2.0,0.02608584612607956,0.0002
1037.0,2.0,0.03357638418674469,0.0002
1038.0,2.0,0.02756558731198311,0.0002
1039.0,2.0,0.023633666336536407,0.0002
1040.0,2.0,0.022870611399412155,0.0002
1041.0,2.0,0.02394961006939411,0.0002
1042.0,2.0,0.025912830606102943,0.0002
1043.0,2.0,0.02949129417538643,0.0002
1044.0,2.0,0.031522348523139954,0.0002
1045.0,2.0,0.023242007941007614,0.0002
1046.0,2.0,0.029042184352874756,0.0002
1047.0,2.0,0.024760518223047256,0.0002
1048.0,2.0,0.01989372819662094,0.0002
1049.0,2.0,0.03290063142776489,0.0002
1050.0,2.0,0.03177911043167114,0.0002
1051.0,2.0,0.031611546874046326,0.0002
1052.0,2.0,0.03154726326465607,0.0002
1053.0,2.0,0.028158551082015038,0.0002
1054.0,2.0,0.026999060064554214,0.0002
1055.0,2.0,0.027834294363856316,0.0002
1056.0,2.0,0.03265867382287979,0.0002
1057.0,2.0,0.021749932318925858,0.0002
1058.0,2.0,0.027134113013744354,0.0002
1059.0,2.0,0.028165971860289574,0.0002
1060.0,2.0,0.023412108421325684,0.0002
1061.0,2.0,0.027929605916142464,0.0002
1062.0,2.0,0.02631174959242344,0.0002
1063.0,2.0,0.027932263910770416,0.0002
1064.0,2.0,0.029021909460425377,0.0002
1065.0,2.0,0.02392994612455368,0.0002
1066.0,2.0,0.03457263857126236,0.0002
1067.0,2.0,0.025700660422444344,0.0002
1068.0,2.0,0.029363291338086128,0.0002
1069.0,2.0,0.02926560305058956,0.0002
1070.0,2.0,0.020740637555718422,0.0002
1071.0,2.0,0.024901799857616425,0.0002
1072.0,2.0,0.0283857099711895,0.0002
1073.0,2.0,0.029184415936470032,0.0002
1074.0,2.0,0.024291466921567917,0.0002
1075.0,2.0,0.028385818004608154,0.0002
1076.0,2.0,0.021998383104801178,0.0002
1077.0,2.0,0.02409958839416504,0.0002
1078.0,2.0,0.02668881230056286,0.0002
1079.0,2.0,0.024907657876610756,0.0002
1080.0,2.0,0.02566210925579071,0.0002
1081.0,2.0,0.02600334957242012,0.0002
1082.0,2.0,0.020560570061206818,0.0002
1083.0,2.0,0.02463805489242077,0.0002
1084.0,2.0,0.03193071112036705,0.0002
1085.0,2.0,0.03217354044318199,0.0002
1086.0,2.0,0.022003665566444397,0.0002
1087.0,2.0,0.027229245752096176,0.0002
1088.0,2.0,0.02403310313820839,0.0002
1089.0,2.0,0.023615382611751556,0.0002
1090.0,2.0,0.029035534709692,0.0002
1091.0,2.0,0.024421656504273415,0.0002
1092.0,2.0,0.02883540652692318,0.0002
1093.0,2.0,0.027826037257909775,0.0002
1094.0,2.0,0.02551964297890663,0.0002
1095.0,2.0,0.030891189351677895,0.0002
1096.0,2.0,0.02813427895307541,0.0002
1097.0,2.0,0.03256889432668686,0.0002
1098.0,2.0,0.024512147530913353,0.0002
1099.0,2.0,0.021594597026705742,0.0002
1100.0,2.0,0.026741478592157364,0.0002
1101.0,2.0,0.0246823001652956,0.0002
1102.0,2.0,0.029709868133068085,0.0002
1103.0,2.0,0.03283962234854698,0.0002
1104.0,2.0,0.02498270943760872,0.0002
1105.0,2.0,0.026247980073094368,0.0002
1106.0,2.0,0.030732618644833565,0.0002
1107.0,2.0,0.02497745119035244,0.0002
1108.0,2.0,0.02193591371178627,0.0002
1109.0,2.0,0.021044764667749405,0.0002
1110.0,2.0,0.03426273539662361,0.0002
1111.0,2.0,0.03150572627782822,0.0002
1112.0,2.0,0.02733546495437622,0.0002
1113.0,2.0,0.02795061469078064,0.0002
1114.0,2.0,0.02834157645702362,0.0002
1115.0,2.0,0.02247820794582367,0.0002
1116.0,2.0,0.02874872460961342,0.0002
1117.0,2.0,0.03337637335062027,0.0002
1118.0,2.0,0.030585773289203644,0.0002
1119.0,2.0,0.026003088802099228,0.0002
1120.0,2.0,0.02956719696521759,0.0002
1121.0,2.0,0.022253241389989853,0.0002
1122.0,2.0,0.029861748218536377,0.0002
1123.0,2.0,0.03292357921600342,0.0002
1124.0,2.0,0.0277455635368824,0.0002
1125.0,2.0,0.025692705065011978,0.0002
1126.0,2.0,0.024294305592775345,0.0002
1127.0,2.0,0.02852558344602585,0.0002
1128.0,2.0,0.026642609387636185,0.0002
1129.0,2.0,0.0270991250872612,0.0002
1130.0,2.0,0.028219792991876602,0.0002
1131.0,2.0,0.02518540620803833,0.0002
1132.0,2.0,0.029373593628406525,0.0002
1133.0,2.0,0.025445837527513504,0.0002
1134.0,2.0,0.027573544532060623,0.0002
1135.0,2.0,0.020771926268935204,0.0002
1136.0,2.0,0.02769375592470169,0.0002
1137.0,2.0,0.02694997563958168,0.0002
1138.0,2.0,0.024615556001663208,0.0002
1139.0,2.0,0.027629505842924118,0.0002
1140.0,2.0,0.02634674496948719,0.0002
1141.0,2.0,0.030507706105709076,0.0002
1142.0,2.0,0.026754386723041534,0.0002
1143.0,2.0,0.022119326516985893,0.0002
1144.0,2.0,0.026750639081001282,0.0002
1145.0,2.0,0.02665163017809391,0.0002
1146.0,2.0,0.023498650640249252,0.0002
1147.0,2.0,0.027589313685894012,0.0002
1148.0,2.0,0.02812918648123741,0.0002
1149.0,2.0,0.024788450449705124,0.0002
1150.0,2.0,0.029214076697826385,0.0002
1151.0,2.0,0.02817963808774948,0.0002
1152.0,2.0,0.03035997785627842,0.0002
1153.0,2.0,0.03122999146580696,0.0002
1154.0,2.0,0.0279953945428133,0.0002
1155.0,2.0,0.03152376413345337,0.0002
1156.0,2.0,0.024807918816804886,0.0002
1157.0,2.0,0.029928602278232574,0.0002
1158.0,2.0,0.030644936487078667,0.0002
1159.0,2.0,0.02280670963227749,0.0002
1160.0,2.0,0.02610735595226288,0.0002
1161.0,2.0,0.030887706205248833,0.0002
1162.0,2.0,0.02634274959564209,0.0002
1163.0,2.0,0.0230852123349905,0.0002
1164.0,2.0,0.03135974332690239,0.0002
1165.0,2.0,0.032102543860673904,0.0002
1166.0,2.0,0.02791454829275608,0.0002
1167.0,2.0,0.022769834846258163,0.0002
1168.0,2.0,0.02668050117790699,0.0002
1169.0,2.0,0.02717958763241768,0.0002
1170.0,2.0,0.029385529458522797,0.0002
1171.0,2.0,0.03165975213050842,0.0002
1172.0,2.0,0.015600907616317272,0.0002
1173.0,2.0,0.030821748077869415,0.0002
1174.0,2.0,0.023430462926626205,0.0002
1175.0,2.0,0.02738814614713192,0.0002
1176.0,2.0,0.027501802891492844,0.0002
1177.0,2.0,0.023217475041747093,0.0002
1178.0,2.0,0.027741916477680206,0.0002
1179.0,2.0,0.02875439077615738,0.0002
1180.0,2.0,0.02711963839828968,0.0002
1181.0,2.0,0.027636725455522537,0.0002
1182.0,2.0,0.03224201872944832,0.0002
1183.0,2.0,0.02150457724928856,0.0002
1184.0,2.0,0.030149294063448906,0.0002
1185.0,2.0,0.029463235288858414,0.0002
1186.0,2.0,0.02351389452815056,0.0002
1187.0,2.0,0.02965378388762474,0.0002
1188.0,2.0,0.025936651974916458,0.0002
1189.0,2.0,0.023550767451524734,0.0002
1190.0,2.0,0.028911566361784935,0.0002
1191.0,2.0,0.025963254272937775,0.0002
1192.0,2.0,0.025576084852218628,0.0002
1193.0,2.0,0.020086824893951416,0.0002
1194.0,2.0,0.023496851325035095,0.0002
1195.0,2.0,0.02062508463859558,0.0002
1196.0,2.0,0.023519739508628845,0.0002
1197.0,2.0,0.030303556472063065,0.0002
1198.0,2.0,0.024570610374212265,0.0002
1199.0,2.0,0.024354610592126846,0.0002
1200.0,2.0,0.0251392163336277,0.0002
1201.0,2.0,0.026512369513511658,0.0002
1202.0,2.0,0.02786111831665039,0.0002
1203.0,2.0,0.026746664196252823,0.0002
1204.0,2.0,0.026825401932001114,0.0002
1205.0,2.0,0.02146572805941105,0.0002
1206.0,2.0,0.02299617789685726,0.0002
1207.0,2.0,0.021832438185811043,0.0002
1208.0,2.0,0.03220975399017334,0.0002
1209.0,2.0,0.02282346785068512,0.0002
1210.0,2.0,0.030865471810102463,0.0002
1211.0,2.0,0.022125888615846634,0.0002
1212.0,2.0,0.025068018585443497,0.0002
1213.0,2.0,0.022388063371181488,0.0002
1214.0,2.0,0.02432909980416298,0.0002
1215.0,2.0,0.020610719919204712,0.0002
1216.0,2.0,0.026729395613074303,0.0002
1217.0,2.0,0.030433062463998795,0.0002
1218.0,2.0,0.02075270749628544,0.0002
1219.0,2.0,0.019879955798387527,0.0002
1220.0,2.0,0.02584713138639927,0.0002
1221.0,2.0,0.02826068177819252,0.0002
1222.0,2.0,0.03547988086938858,0.0002
1223.0,2.0,0.025968428701162338,0.0002
1224.0,2.0,0.02733447775244713,0.0002
1225.0,2.0,0.02656765654683113,0.0002
1226.0,2.0,0.02092805504798889,0.0002
1227.0,2.0,0.024678001180291176,0.0002
1228.0,2.0,0.028833962976932526,0.0002
1229.0,2.0,0.024062413722276688,0.0002
1230.0,2.0,0.02092086896300316,0.0002
1231.0,2.0,0.03168424591422081,0.0002
1232.0,2.0,0.0306107085198164,0.0002
1233.0,2.0,0.027304723858833313,0.0002
1234.0,2.0,0.024319734424352646,0.0002
1235.0,2.0,0.030355684459209442,0.0002
1236.0,2.0,0.024664249271154404,0.0002
1237.0,2.0,0.03615821897983551,0.0002
1238.0,2.0,0.028392598032951355,0.0002
1239.0,2.0,0.026540666818618774,0.0002
1240.0,2.0,0.02137921005487442,0.0002
1241.0,2.0,0.020298680290579796,0.0002
1242.0,2.0,0.026286691427230835,0.0002
1243.0,2.0,0.023119529709219933,0.0002
1244.0,2.0,0.02725795842707157,0.0002
1245.0,2.0,0.026332110166549683,0.0002
1246.0,2.0,0.02293897420167923,0.0002
1247.0,2.0,0.02805497497320175,0.0002
1248.0,2.0,0.021418673917651176,0.0002
1249.0,2.0,0.025864187628030777,0.0002
1250.0,2.0,0.02105160616338253,0.0002
1251.0,2.0,0.026924245059490204,0.0002
1252.0,2.0,0.028405170887708664,0.0002
1253.0,2.0,0.02172892913222313,0.0002
1254.0,2.0,0.02460569143295288,0.0002
1255.0,2.0,0.022629033774137497,0.0002
1256.0,2.0,0.02784089185297489,0.0002
1257.0,2.0,0.025125183165073395,0.0002
1258.0,2.0,0.025198761373758316,0.0002
1259.0,2.0,0.030891891568899155,0.0002
1260.0,2.0,0.026122592389583588,0.0002
1261.0,2.0,0.026974061504006386,0.0002
1262.0,2.0,0.021462397649884224,0.0002
1263.0,2.0,0.02308616414666176,0.0002
1264.0,2.0,0.024034373462200165,0.0002
1265.0,2.0,0.023595035076141357,0.0002
1266.0,2.0,0.024477383121848106,0.0002
1267.0,2.0,0.024317298084497452,0.0002
1268.0,2.0,0.021985355764627457,0.0002
1269.0,2.0,0.025742389261722565,0.0002
1270.0,2.0,0.026689663529396057,0.0002
1271.0,2.0,0.0225067138671875,0.0002
1272.0,2.0,0.02409185841679573,0.0002
1273.0,2.0,0.02150701731443405,0.0002
1274.0,2.0,0.023139234632253647,0.0002
1275.0,2.0,0.024391338229179382,0.0002
1276.0,2.0,0.02481313794851303,0.0002
1277.0,2.0,0.030564650893211365,0.0002
1278.0,2.0,0.023427309468388557,0.0002
1279.0,2.0,0.025431638583540916,0.0002
1280.0,2.0,0.023745892569422722,0.0002
1281.0,2.0,0.03396877646446228,0.0002
1282.0,2.0,0.025415834039449692,0.0002
1283.0,2.0,0.017296265810728073,0.0002
1284.0,2.0,0.027771877124905586,0.0002
1285.0,2.0,0.021105825901031494,0.0002
1286.0,2.0,0.025590240955352783,0.0002
1287.0,2.0,0.02010730467736721,0.0002
1288.0,2.0,0.02887721359729767,0.0002
1289.0,2.0,0.02189183607697487,0.0002
1290.0,2.0,0.02955167554318905,0.0002
1291.0,2.0,0.023286059498786926,0.0002
1292.0,2.0,0.025853652507066727,0.0002
1293.0,2.0,0.038760315626859665,0.0002
1294.0,2.0,0.028667980805039406,0.0002
1295.0,2.0,0.023450274020433426,0.0002
1296.0,2.0,0.025081459432840347,0.0002
1297.0,2.0,0.024662060663104057,0.0002
1298.0,2.0,0.0218194629997015,0.0002
1299.0,2.0,0.022454801946878433,0.0002
1300.0,2.0,0.029090262949466705,0.0002
1301.0,2.0,0.028570381924510002,0.0002
1302.0,2.0,0.02747442200779915,0.0002
1303.0,2.0,0.020609386265277863,0.0002
1304.0,2.0,0.0228964164853096,0.0002
1305.0,2.0,0.027310680598020554,0.0002
1306.0,2.0,0.021546704694628716,0.0002
1307.0,2.0,0.02250606194138527,0.0002
1308.0,2.0,0.02397533506155014,0.0002
1309.0,2.0,0.021786373108625412,0.0002
1310.0,2.0,0.028861764818429947,0.0002
1311.0,2.0,0.023249788209795952,0.0002
1312.0,2.0,0.022989679127931595,0.0002
1313.0,2.0,0.02254856750369072,0.0002
1314.0,2.0,0.022421184927225113,0.0002
1315.0,2.0,0.02299995720386505,0.0002
1316.0,2.0,0.028748711571097374,0.0002
1317.0,2.0,0.022854860872030258,0.0002
1318.0,2.0,0.02696540206670761,0.0002
1319.0,2.0,0.0224381722509861,0.0002
1320.0,2.0,0.019292395561933517,0.0002
1321.0,2.0,0.025700770318508148,0.0002
1322.0,2.0,0.02636309340596199,0.0002
1323.0,2.0,0.026617633178830147,0.0002
1324.0,2.0,0.026242390275001526,0.0002
1325.0,2.0,0.02509305067360401,0.0002
1326.0,2.0,0.023586321622133255,0.0002
1327.0,2.0,0.02321278303861618,0.0002
1328.0,2.0,0.024696677923202515,0.0002
1329.0,2.0,0.0319027453660965,0.0002
1330.0,2.0,0.028146758675575256,0.0002
1331.0,2.0,0.02401447668671608,0.0002
1332.0,2.0,0.029395461082458496,0.0002
1333.0,2.0,0.02449694648385048,0.0002
1334.0,2.0,0.022989444434642792,0.0002
1335.0,2.0,0.024899527430534363,0.0002
1336.0,2.0,0.02445930242538452,0.0002
1337.0,2.0,0.025612682104110718,0.0002
1338.0,2.0,0.024021584540605545,0.0002
1339.0,2.0,0.023891285061836243,0.0002
1340.0,2.0,0.02055342122912407,0.0002
1341.0,2.0,0.022398153319954872,0.0002
1342.0,2.0,0.022993776947259903,0.0002
1343.0,2.0,0.025242727249860764,0.0002
1344.0,2.0,0.02314569242298603,0.0002
1345.0,2.0,0.021898677572607994,0.0002
1346.0,2.0,0.02178720384836197,0.0002
1347.0,2.0,0.021059943363070488,0.0002
1348.0,2.0,0.02749946340918541,0.0002
1349.0,2.0,0.025785116478800774,0.0002
1350.0,2.0,0.02109520137310028,0.0002
1351.0,2.0,0.022133035585284233,0.0002
1352.0,2.0,0.02177826315164566,0.0002
1353.0,2.0,0.03311556205153465,0.0002
1354.0,2.0,0.024073733016848564,0.0002
1355.0,2.0,0.023660754784941673,0.0002
1356.0,2.0,0.021638065576553345,0.0002
1357.0,2.0,0.024366281926631927,0.0002
1358.0,2.0,0.0260201096534729,0.0002
1359.0,2.0,0.020981697365641594,0.0002
1360.0,2.0,0.018749846145510674,0.0002
1361.0,2.0,0.026192430406808853,0.0002
1362.0,2.0,0.019991718232631683,0.0002
1363.0,2.0,0.027946529909968376,0.0002
1364.0,2.0,0.02037668786942959,0.0002
1365.0,2.0,0.02662210538983345,0.0002
1366.0,2.0,0.025082148611545563,0.0002
1367.0,2.0,0.02151850238442421,0.0002
1368.0,2.0,0.021840061992406845,0.0002
1369.0,2.0,0.030552692711353302,0.0002
1370.0,2.0,0.02340921200811863,0.0002
1371.0,2.0,0.029136639088392258,0.0002
1372.0,2.0,0.016264919191598892,0.0002
1373.0,2.0,0.022417131811380386,0.0002
1374.0,2.0,0.02608680911362171,0.0002
1375.0,2.0,0.023033149540424347,0.0002
1376.0,2.0,0.021674633026123047,0.0002
1377.0,2.0,0.02096424251794815,0.0002
1378.0,2.0,0.025194713845849037,0.0002
1379.0,2.0,0.0337037518620491,0.0002
1380.0,2.0,0.023943224921822548,0.0002
1381.0,2.0,0.02426883578300476,0.0002
1382.0,2.0,0.025760479271411896,0.0002
1383.0,2.0,0.02767959237098694,0.0002
1384.0,2.0,0.024116426706314087,0.0002
1385.0,2.0,0.024374430999159813,0.0002
1386.0,2.0,0.02907852828502655,0.0002
1387.0,2.0,0.022836972028017044,0.0002
1388.0,2.0,0.02089879848062992,0.0002
1389.0,2.0,0.020683802664279938,0.0002
1390.0,2.0,0.025284375995397568,0.0002
1391.0,2.0,0.025448612868785858,0.0002
1392.0,2.0,0.022812850773334503,0.0002
1393.0,2.0,0.021830864250659943,0.0002
1394.0,2.0,0.023079244419932365,0.0002
1395.0,2.0,0.03198050707578659,0.0002
1396.0,2.0,0.020270122215151787,0.0002
1397.0,2.0,0.02792462706565857,0.0002
1398.0,2.0,0.029286134988069534,0.0002
1399.0,2.0,0.025121288374066353,0.0002
1400.0,2.0,0.02200891077518463,0.0002
1401.0,2.0,0.026816654950380325,0.0002
1402.0,2.0,0.02191358432173729,0.0002
1403.0,2.0,0.019194576889276505,0.0002
1404.0,2.0,0.02389620989561081,0.0002
1405.0,3.0,0.02454020455479622,0.0002
1406.0,3.0,0.027377642691135406,0.0002
1407.0,3.0,0.024770338088274002,0.0002
1408.0,3.0,0.021120477467775345,0.0002
1409.0,3.0,0.02467900514602661,0.0002
1410.0,3.0,0.023764656856656075,0.0002
1411.0,3.0,0.020653944462537766,0.0002
1412.0,3.0,0.022532783448696136,0.0002
1413.0,3.0,0.025083668529987335,0.0002
1414.0,3.0,0.02358746901154518,0.0002
1415.0,3.0,0.02406143769621849,0.0002
1416.0,3.0,0.022099485620856285,0.0002
1417.0,3.0,0.036999281495809555,0.0002
1418.0,3.0,0.027479657903313637,0.0002
1419.0,3.0,0.026124121621251106,0.0002
1420.0,3.0,0.019865773618221283,0.0002
1421.0,3.0,0.02410157397389412,0.0002
1422.0,3.0,0.03318854793906212,0.0002
1423.0,3.0,0.025035299360752106,0.0002
1424.0,3.0,0.019888821989297867,0.0002
1425.0,3.0,0.02500511333346367,0.0002
1426.0,3.0,0.03442104160785675,0.0002
1427.0,3.0,0.024086633697152138,0.0002
1428.0,3.0,0.022033771499991417,0.0002
1429.0,3.0,0.02721486985683441,0.0002
1430.0,3.0,0.026049163192510605,0.0002
1431.0,3.0,0.02512526512145996,0.0002
1432.0,3.0,0.02269156649708748,0.0002
1433.0,3.0,0.027279874309897423,0.0002
1434.0,3.0,0.03025073930621147,0.0002
1435.0,3.0,0.019635509699583054,0.0002
1436.0,3.0,0.02862521819770336,0.0002
1437.0,3.0,0.02178368717432022,0.0002
1438.0,3.0,0.020938172936439514,0.0002
1439.0,3.0,0.029993731528520584,0.0002
1440.0,3.0,0.022510262206196785,0.0002
1441.0,3.0,0.026591118425130844,0.0002
1442.0,3.0,0.02135280892252922,0.0002
1443.0,3.0,0.02673342265188694,0.0002
1444.0,3.0,0.022389058023691177,0.0002
1445.0,3.0,0.023188287392258644,0.0002
1446.0,3.0,0.025504808872938156,0.0002
1447.0,3.0,0.0188533216714859,0.0002
1448.0,3.0,0.02432152070105076,0.0002
1449.0,3.0,0.023825999349355698,0.0002
1450.0,3.0,0.026325784623622894,0.0002
1451.0,3.0,0.025364235043525696,0.0002
1452.0,3.0,0.024497563019394875,0.0002
1453.0,3.0,0.02823418565094471,0.0002
1454.0,3.0,0.020321961492300034,0.0002
1455.0,3.0,0.026070503517985344,0.0002
1456.0,3.0,0.020669488236308098,0.0002
1457.0,3.0,0.02541099488735199,0.0002
1458.0,3.0,0.03204290568828583,0.0002
1459.0,3.0,0.02565820701420307,0.0002
1460.0,3.0,0.020066505298018456,0.0002
1461.0,3.0,0.027225082740187645,0.0002
1462.0,3.0,0.01899527758359909,0.0002
1463.0,3.0,0.02377794310450554,0.0002
1464.0,3.0,0.02225453406572342,0.0002
1465.0,3.0,0.029658356681466103,0.0002
1466.0,3.0,0.028901778161525726,0.0002
1467.0,3.0,0.02213975414633751,0.0002
1468.0,3.0,0.020559845492243767,0.0002
1469.0,3.0,0.021538058295845985,0.0002
1470.0,3.0,0.025827839970588684,0.0002
1471.0,3.0,0.025516962632536888,0.0002
1472.0,3.0,0.024943707510828972,0.0002
1473.0,3.0,0.022872844710946083,0.0002
1474.0,3.0,0.023234572261571884,0.0002
1475.0,3.0,0.027646902948617935,0.0002
1476.0,3.0,0.025189578533172607,0.0002
1477.0,3.0,0.028433581814169884,0.0002
1478.0,3.0,0.023930899798870087,0.0002
1479.0,3.0,0.025424815714359283,0.0002
1480.0,3.0,0.02297521010041237,0.0002
1481.0,3.0,0.022209107875823975,0.0002
1482.0,3.0,0.022330105304718018,0.0002
1483.0,3.0,0.026788458228111267,0.0002
1484.0,3.0,0.029238946735858917,0.0002
1485.0,3.0,0.024831831455230713,0.0002
1486.0,3.0,0.023633122444152832,0.0002
1487.0,3.0,0.02458001673221588,0.0002
1488.0,3.0,0.030807550996541977,0.0002
1489.0,3.0,0.01843346655368805,0.0002
1490.0,3.0,0.01984250731766224,0.0002
1491.0,3.0,0.02586689591407776,0.0002
1492.0,3.0,0.023006943985819817,0.0002
1493.0,3.0,0.03459925949573517,0.0002
1494.0,3.0,0.019718557596206665,0.0002
1495.0,3.0,0.024446973577141762,0.0002
1496.0,3.0,0.02910071425139904,0.0002
1497.0,3.0,0.01518935989588499,0.0002
1498.0,3.0,0.021815400570631027,0.0002
1499.0,3.0,0.020003076642751694,0.0002
1500.0,3.0,0.029560187831521034,0.0002
1501.0,3.0,0.023287180811166763,0.0002
1502.0,3.0,0.02278902381658554,0.0002
1503.0,3.0,0.02109108865261078,0.0002
1504.0,3.0,0.021587703377008438,0.0002
1505.0,3.0,0.0241851843893528,0.0002
1506.0,3.0,0.01786734163761139,0.0002
1507.0,3.0,0.02399112842977047,0.0002
1508.0,3.0,0.021824121475219727,0.0002
1509.0,3.0,0.016728375107049942,0.0002
1510.0,3.0,0.021590251475572586,0.0002
1511.0,3.0,0.027279507368803024,0.0002
1512.0,3.0,0.020256057381629944,0.0002
1513.0,3.0,0.03026239015161991,0.0002
1514.0,3.0,0.0277315191924572,0.0002
1515.0,3.0,0.026068931445479393,0.0002
1516.0,3.0,0.0234293881803751,0.0002
1517.0,3.0,0.02052249014377594,0.0002
1518.0,3.0,0.016908900812268257,0.0002
1519.0,3.0,0.02682492509484291,0.0002
1520.0,3.0,0.01748252660036087,0.0002
1521.0,3.0,0.0198209248483181,0.0002
1522.0,3.0,0.019999109208583832,0.0002
1523.0,3.0,0.022000037133693695,0.0002
1524.0,3.0,0.0244741328060627,0.0002
1525.0,3.0,0.028070051223039627,0.0002
1526.0,3.0,0.021583812311291695,0.0002
1527.0,3.0,0.02281878888607025,0.0002
1528.0,3.0,0.027108633890748024,0.0002
1529.0,3.0,0.016909698024392128,0.0002
1530.0,3.0,0.02760167047381401,0.0002
1531.0,3.0,0.029143761843442917,0.0002
1532.0,3.0,0.026902565732598305,0.0002
1533.0,3.0,0.021430786699056625,0.0002
1534.0,3.0,0.02637474425137043,0.0002
1535.0,3.0,0.02147480845451355,0.0002
1536.0,3.0,0.024253148585557938,0.0002
1537.0,3.0,0.027286948636174202,0.0002
1538.0,3.0,0.01924188621342182,0.0002
1539.0,3.0,0.024027209728956223,0.0002
1540.0,3.0,0.0229665357619524,0.0002
1541.0,3.0,0.02550509013235569,0.0002
1542.0,3.0,0.0229013841599226,0.0002
1543.0,3.0,0.02364756539463997,0.0002
1544.0,3.0,0.025967735797166824,0.0002
1545.0,3.0,0.02391040325164795,0.0002
1546.0,3.0,0.017938407137989998,0.0002
1547.0,3.0,0.029108205810189247,0.0002
1548.0,3.0,0.024452239274978638,0.0002
1549.0,3.0,0.026428554207086563,0.0002
1550.0,3.0,0.024215951561927795,0.0002
1551.0,3.0,0.019006215035915375,0.0002
1552.0,3.0,0.018281996250152588,0.0002
1553.0,3.0,0.023302223533391953,0.0002
1554.0,3.0,0.02041579782962799,0.0002
1555.0,3.0,0.024130545556545258,0.0002
1556.0,3.0,0.021238872781395912,0.0002
1557.0,3.0,0.0186047051101923,0.0002
1558.0,3.0,0.021350175142288208,0.0002
1559.0,3.0,0.024217158555984497,0.0002
1560.0,3.0,0.021960778161883354,0.0002
1561.0,3.0,0.020943541079759598,0.0002
1562.0,3.0,0.021742310374975204,0.0002
1563.0,3.0,0.024767562747001648,0.0002
1564.0,3.0,0.021639810875058174,0.0002
1565.0,3.0,0.02415505424141884,0.0002
1566.0,3.0,0.024184953421354294,0.0002
1567.0,3.0,0.01674698293209076,0.0002
1568.0,3.0,0.030164703726768494,0.0002
1569.0,3.0,0.018067901954054832,0.0002
1570.0,3.0,0.02548407018184662,0.0002
1571.0,3.0,0.027491383254528046,0.0002
1572.0,3.0,0.028866909444332123,0.0002
1573.0,3.0,0.022353654727339745,0.0002
1574.0,3.0,0.028975835070014,0.0002
1575.0,3.0,0.02950219437479973,0.0002
1576.0,3.0,0.025416161864995956,0.0002
1577.0,3.0,0.02736326865851879,0.0002
1578.0,3.0,0.021190952509641647,0.0002
1579.0,3.0,0.020469672977924347,0.0002
1580.0,3.0,0.020111024379730225,0.0002
1581.0,3.0,0.01841842569410801,0.0002
1582.0,3.0,0.02136068418622017,0.0002
1583.0,3.0,0.023378003388643265,0.0002
1584.0,3.0,0.02699529007077217,0.0002
1585.0,3.0,0.0232317466288805,0.0002
1586.0,3.0,0.021869195625185966,0.0002
1587.0,3.0,0.021324072033166885,0.0002
1588.0,3.0,0.022958412766456604,0.0002
1589.0,3.0,0.02325282245874405,0.0002
1590.0,3.0,0.019257809966802597,0.0002
1591.0,3.0,0.02238680049777031,0.0002
1592.0,3.0,0.020508408546447754,0.0002
1593.0,3.0,0.028219331055879593,0.0002
1594.0,3.0,0.020530324429273605,0.0002
1595.0,3.0,0.02002527192234993,0.0002
1596.0,3.0,0.028372183442115784,0.0002
1597.0,3.0,0.019423075020313263,0.0002
1598.0,3.0,0.01865364797413349,0.0002
1599.0,3.0,0.020250950008630753,0.0002
1600.0,3.0,0.0236836988478899,0.0002
1601.0,3.0,0.020279407501220703,0.0002
1602.0,3.0,0.01923905313014984,0.0002
1603.0,3.0,0.02894485928118229,0.0002
1604.0,3.0,0.01914883777499199,0.0002
1605.0,3.0,0.020299216732382774,0.0002
1606.0,3.0,0.02244638279080391,0.0002
1607.0,3.0,0.022337032482028008,0.0002
1608.0,3.0,0.021822407841682434,0.0002
1609.0,3.0,0.028281424194574356,0.0002
1610.0,3.0,0.01947479322552681,0.0002
1611.0,3.0,0.019980505108833313,0.0002
1612.0,3.0,0.025661204010248184,0.0002
1613.0,3.0,0.0277728158980608,0.0002
1614.0,3.0,0.019883451983332634,0.0002
1615.0,3.0,0.020790856331586838,0.0002
1616.0,3.0,0.02058158814907074,0.0002
1617.0,3.0,0.028282087296247482,0.0002
1618.0,3.0,0.01931510865688324,0.0002
1619.0,3.0,0.01903323456645012,0.0002
1620.0,3.0,0.02804635837674141,0.0002
1621.0,3.0,0.02324226126074791,0.0002
1622.0,3.0,0.026625916361808777,0.0002
1623.0,3.0,0.02471408247947693,0.0002
1624.0,3.0,0.02618183195590973,0.0002
1625.0,3.0,0.02487235516309738,0.0002
1626.0,3.0,0.019363444298505783,0.0002
1627.0,3.0,0.020250944420695305,0.0002
1628.0,3.0,0.03244800120592117,0.0002
1629.0,3.0,0.022568844258785248,0.0002
1630.0,3.0,0.019515594467520714,0.0002
1631.0,3.0,0.02324000932276249,0.0002
1632.0,3.0,0.03206470236182213,0.0002
1633.0,3.0,0.023072194308042526,0.0002
1634.0,3.0,0.021394729614257812,0.0002
1635.0,3.0,0.020259439945220947,0.0002
1636.0,3.0,0.02494269236922264,0.0002
1637.0,3.0,0.018714480102062225,0.0002
1638.0,3.0,0.0288018137216568,0.0002
1639.0,3.0,0.018637897446751595,0.0002
1640.0,3.0,0.018107648938894272,0.0002
1641.0,3.0,0.019578689709305763,0.0002
1642.0,3.0,0.02581452764570713,0.0002
1643.0,3.0,0.022594835609197617,0.0002
1644.0,3.0,0.0262347012758255,0.0002
1645.0,3.0,0.023981479927897453,0.0002
1646.0,3.0,0.02907652035355568,0.0002
1647.0,3.0,0.029163384810090065,0.0002
1648.0,3.0,0.02002209983766079,0.0002
1649.0,3.0,0.02659413032233715,0.0002
1650.0,3.0,0.021898601204156876,0.0002
1651.0,3.0,0.02717892825603485,0.0002
1652.0,3.0,0.026347462087869644,0.0002
1653.0,3.0,0.02088502049446106,0.0002
1654.0,3.0,0.02328355796635151,0.0002
1655.0,3.0,0.022697526961565018,0.0002
1656.0,3.0,0.017405332997441292,0.0002
1657.0,3.0,0.02165042608976364,0.0002
1658.0,3.0,0.02358161099255085,0.0002
1659.0,3.0,0.02143271639943123,0.0002
1660.0,3.0,0.02257051318883896,0.0002
1661.0,3.0,0.021638330072164536,0.0002
1662.0,3.0,0.026156380772590637,0.0002
1663.0,3.0,0.025824371725320816,0.0002
1664.0,3.0,0.024467088282108307,0.0002
1665.0,3.0,0.021739531308412552,0.0002
1666.0,3.0,0.022611360996961594,0.0002
1667.0,3.0,0.017945725470781326,0.0002
1668.0,3.0,0.01962023600935936,0.0002
1669.0,3.0,0.025497907772660255,0.0002
1670.0,3.0,0.020728699862957,0.0002
1671.0,3.0,0.019175175577402115,0.0002
1672.0,3.0,0.024141114205121994,0.0002
1673.0,3.0,0.022964805364608765,0.0002
1674.0,3.0,0.023365555331110954,0.0002
1675.0,3.0,0.01988890767097473,0.0002
1676.0,3.0,0.024128038436174393,0.0002
1677.0,3.0,0.019935987889766693,0.0002
1678.0,3.0,0.02161036990582943,0.0002
1679.0,3.0,0.019118234515190125,0.0002
1680.0,3.0,0.02361292392015457,0.0002
1681.0,3.0,0.024011369794607162,0.0002
1682.0,3.0,0.02792660892009735,0.0002
1683.0,3.0,0.017574049532413483,0.0002
1684.0,3.0,0.020415499806404114,0.0002
1685.0,3.0,0.022243371233344078,0.0002
1686.0,3.0,0.01846700720489025,0.0002
1687.0,3.0,0.025360653176903725,0.0002
1688.0,3.0,0.02368422970175743,0.0002
1689.0,3.0,0.01727966219186783,0.0002
1690.0,3.0,0.027023201808333397,0.0002
1691.0,3.0,0.025579512119293213,0.0002
1692.0,3.0,0.01999371312558651,0.0002
1693.0,3.0,0.023242445662617683,0.0002
1694.0,3.0,0.025180354714393616,0.0002
1695.0,3.0,0.021754149347543716,0.0002
1696.0,3.0,0.028133708983659744,0.0002
1697.0,3.0,0.021044079214334488,0.0002
1698.0,3.0,0.021983953192830086,0.0002
1699.0,3.0,0.02374758943915367,0.0002
1700.0,3.0,0.019155878573656082,0.0002
1701.0,3.0,0.021984070539474487,0.0002
1702.0,3.0,0.024826345965266228,0.0002
1703.0,3.0,0.021514013409614563,0.0002
1704.0,3.0,0.021669063717126846,0.0002
1705.0,3.0,0.021065793931484222,0.0002
1706.0,3.0,0.01631898060441017,0.0002
1707.0,3.0,0.024641985073685646,0.0002
1708.0,3.0,0.027421046048402786,0.0002
1709.0,3.0,0.018477868288755417,0.0002
1710.0,3.0,0.028715088963508606,0.0002
1711.0,3.0,0.03182598203420639,0.0002
1712.0,3.0,0.020608481019735336,0.0002
1713.0,3.0,0.024207640439271927,0.0002
1714.0,3.0,0.020118020474910736,0.0002
1715.0,3.0,0.024298416450619698,0.0002
1716.0,3.0,0.022525738924741745,0.0002
1717.0,3.0,0.02355915680527687,0.0002
1718.0,3.0,0.025071140378713608,0.0002
1719.0,3.0,0.0228294525295496,0.0002
1720.0,3.0,0.01805778779089451,0.0002
1721.0,3.0,0.024657998234033585,0.0002
1722.0,3.0,0.020289182662963867,0.0002
1723.0,3.0,0.022360675036907196,0.0002
1724.0,3.0,0.023713961243629456,0.0002
1725.0,3.0,0.024300148710608482,0.0002
1726.0,3.0,0.019654199481010437,0.0002
1727.0,3.0,0.021711695939302444,0.0002
1728.0,3.0,0.015734151005744934,0.0002
1729.0,3.0,0.0250927172601223,0.0002
1730.0,3.0,0.019815487787127495,0.0002
1731.0,3.0,0.020124269649386406,0.0002
1732.0,3.0,0.0197257362306118,0.0002
1733.0,3.0,0.029689136892557144,0.0002
1734.0,3.0,0.017633991315960884,0.0002
1735.0,3.0,0.023632360622286797,0.0002
1736.0,3.0,0.01981249451637268,0.0002
1737.0,3.0,0.020821914076805115,0.0002
1738.0,3.0,0.019732797518372536,0.0002
1739.0,3.0,0.021403787657618523,0.0002
1740.0,3.0,0.021949119865894318,0.0002
1741.0,3.0,0.02254743129014969,0.0002
1742.0,3.0,0.023812275379896164,0.0002
1743.0,3.0,0.02413620799779892,0.0002
1744.0,3.0,0.02760593220591545,0.0002
1745.0,3.0,0.022383203729987144,0.0002
1746.0,3.0,0.026202615350484848,0.0002
1747.0,3.0,0.019051022827625275,0.0002
1748.0,3.0,0.024113614112138748,0.0002
1749.0,3.0,0.023632777854800224,0.0002
1750.0,3.0,0.02188205160200596,0.0002
1751.0,3.0,0.023762650787830353,0.0002
1752.0,3.0,0.02503465861082077,0.0002
1753.0,3.0,0.019285542890429497,0.0002
1754.0,3.0,0.01771249622106552,0.0002
1755.0,3.0,0.022282887250185013,0.0002
1756.0,3.0,0.025281287729740143,0.0002
1757.0,3.0,0.02429220825433731,0.0002
1758.0,3.0,0.021902035921812057,0.0002
1759.0,3.0,0.021868597716093063,0.0002
1760.0,3.0,0.018385741859674454,0.0002
1761.0,3.0,0.02154972217977047,0.0002
1762.0,3.0,0.0249224491417408,0.0002
1763.0,3.0,0.02653900347650051,0.0002
1764.0,3.0,0.023484408855438232,0.0002
1765.0,3.0,0.023262323811650276,0.0002
1766.0,3.0,0.01932677812874317,0.0002
1767.0,3.0,0.017697306349873543,0.0002
1768.0,3.0,0.021470502018928528,0.0002
1769.0,3.0,0.019823703914880753,0.0002
1770.0,3.0,0.018952466547489166,0.0002
1771.0,3.0,0.025233812630176544,0.0002
1772.0,3.0,0.019093483686447144,0.0002
1773.0,3.0,0.021151017397642136,0.0002
1774.0,3.0,0.015903351828455925,0.0002
1775.0,3.0,0.02122906595468521,0.0002
1776.0,3.0,0.0249384343624115,0.0002
1777.0,3.0,0.020956886932253838,0.0002
1778.0,3.0,0.02145068161189556,0.0002
1779.0,3.0,0.022778023034334183,0.0002
1780.0,3.0,0.01879812963306904,0.0002
1781.0,3.0,0.01933864690363407,0.0002
1782.0,3.0,0.022501107305288315,0.0002
1783.0,3.0,0.020313996821641922,0.0002
1784.0,3.0,0.01835254579782486,0.0002
1785.0,3.0,0.021159928292036057,0.0002
1786.0,3.0,0.022821083664894104,0.0002
1787.0,3.0,0.018961364403367043,0.0002
1788.0,3.0,0.014022791758179665,0.0002
1789.0,3.0,0.018911605700850487,0.0002
1790.0,3.0,0.0177611131221056,0.0002
1791.0,3.0,0.02169058844447136,0.0002
1792.0,3.0,0.019443323835730553,0.0002
1793.0,3.0,0.02118653431534767,0.0002
1794.0,3.0,0.020201144739985466,0.0002
1795.0,3.0,0.024521365761756897,0.0002
1796.0,3.0,0.019187424331903458,0.0002
1797.0,3.0,0.017237480729818344,0.0002
1798.0,3.0,0.018067356199026108,0.0002
1799.0,3.0,0.020807627588510513,0.0002
1800.0,3.0,0.018430911004543304,0.0002
1801.0,3.0,0.02181314304471016,0.0002
1802.0,3.0,0.022923454642295837,0.0002
1803.0,3.0,0.022034917026758194,0.0002
1804.0,3.0,0.019472293555736542,0.0002
1805.0,3.0,0.020320314913988113,0.0002
1806.0,3.0,0.020580733194947243,0.0002
1807.0,3.0,0.02639436349272728,0.0002
1808.0,3.0,0.023380331695079803,0.0002
1809.0,3.0,0.0239256639033556,0.0002
1810.0,3.0,0.02353408746421337,0.0002
1811.0,3.0,0.023953046649694443,0.0002
1812.0,3.0,0.025330323725938797,0.0002
1813.0,3.0,0.025215428322553635,0.0002
1814.0,3.0,0.021258223801851273,0.0002
1815.0,3.0,0.02136542648077011,0.0002
1816.0,3.0,0.01725151762366295,0.0002
1817.0,3.0,0.020126717165112495,0.0002
1818.0,3.0,0.02066771313548088,0.0002
1819.0,3.0,0.020820796489715576,0.0002
1820.0,3.0,0.02262505702674389,0.0002
1821.0,3.0,0.02345840446650982,0.0002
1822.0,3.0,0.020174458622932434,0.0002
1823.0,3.0,0.01920628361403942,0.0002
1824.0,3.0,0.022108985111117363,0.0002
1825.0,3.0,0.019982751458883286,0.0002
1826.0,3.0,0.02212389186024666,0.0002
1827.0,3.0,0.020259298384189606,0.0002
1828.0,3.0,0.019882388412952423,0.0002
1829.0,3.0,0.01854531280696392,0.0002
1830.0,3.0,0.019577160477638245,0.0002
1831.0,3.0,0.023790687322616577,0.0002
1832.0,3.0,0.027053512632846832,0.0002
1833.0,3.0,0.024905899539589882,0.0002
1834.0,3.0,0.01986747980117798,0.0002
1835.0,3.0,0.02197420969605446,0.0002
1836.0,3.0,0.020449437201023102,0.0002
1837.0,3.0,0.017417557537555695,0.0002
1838.0,3.0,0.018626132979989052,0.0002
1839.0,3.0,0.022366654127836227,0.0002
1840.0,3.0,0.020536309108138084,0.0002
1841.0,3.0,0.021047303453087807,0.0002
1842.0,3.0,0.01959245838224888,0.0002
1843.0,3.0,0.020170293748378754,0.0002
1844.0,3.0,0.020173119381070137,0.0002
1845.0,3.0,0.02331729047000408,0.0002
1846.0,3.0,0.025056976824998856,0.0002
1847.0,3.0,0.02389402687549591,0.0002
1848.0,3.0,0.025531459599733353,0.0002
1849.0,3.0,0.02521233819425106,0.0002
1850.0,3.0,0.021501079201698303,0.0002
1851.0,3.0,0.02112985961139202,0.0002
1852.0,3.0,0.01938125118613243,0.0002
1853.0,3.0,0.019305519759655,0.0002
1854.0,3.0,0.028813540935516357,0.0002
1855.0,3.0,0.02375066839158535,0.0002
1856.0,3.0,0.017077334225177765,0.0002
1857.0,3.0,0.024122359231114388,0.0002
1858.0,3.0,0.022353176027536392,0.0002
1859.0,3.0,0.016078732907772064,0.0002
1860.0,3.0,0.02245176024734974,0.0002
1861.0,3.0,0.017752770334482193,0.0002
1862.0,3.0,0.02662716619670391,0.0002
1863.0,3.0,0.02362346649169922,0.0002
1864.0,3.0,0.023537758737802505,0.0002
1865.0,3.0,0.02267145738005638,0.0002
1866.0,3.0,0.021687820553779602,0.0002
1867.0,3.0,0.022523630410432816,0.0002
1868.0,3.0,0.021695423871278763,0.0002
1869.0,3.0,0.021344434469938278,0.0002
1870.0,3.0,0.020632443949580193,0.0002
1871.0,3.0,0.022307008504867554,0.0002
1872.0,3.0,0.018553780391812325,0.0002
1873.0,4.0,0.018718596547842026,0.0002
1874.0,4.0,0.016584018245339394,0.0002
1875.0,4.0,0.019348464906215668,0.0002
1876.0,4.0,0.02133195474743843,0.0002
1877.0,4.0,0.023605827242136,0.0002
1878.0,4.0,0.024119719862937927,0.0002
1879.0,4.0,0.01957235112786293,0.0002
1880.0,4.0,0.022013572975993156,0.0002
1881.0,4.0,0.018685102462768555,0.0002
1882.0,4.0,0.0230245441198349,0.0002
1883.0,4.0,0.024315781891345978,0.0002
1884.0,4.0,0.025563225150108337,0.0002
1885.0,4.0,0.0168275386095047,0.0002
1886.0,4.0,0.020102020353078842,0.0002
1887.0,4.0,0.025377167388796806,0.0002
1888.0,4.0,0.019694261252880096,0.0002
1889.0,4.0,0.020653385668992996,0.0002
1890.0,4.0,0.021106120198965073,0.0002
1891.0,4.0,0.017294781282544136,0.0002
1892.0,4.0,0.016073891893029213,0.0002
1893.0,4.0,0.027264133095741272,0.0002
1894.0,4.0,0.017277365550398827,0.0002
1895.0,4.0,0.021121373400092125,0.0002
1896.0,4.0,0.014027107506990433,0.0002
1897.0,4.0,0.01774550788104534,0.0002
1898.0,4.0,0.022143956273794174,0.0002
1899.0,4.0,0.022996608167886734,0.0002
1900.0,4.0,0.027918221428990364,0.0002
1901.0,4.0,0.02656654641032219,0.0002
1902.0,4.0,0.017608024179935455,0.0002
1903.0,4.0,0.01658327504992485,0.0002
1904.0,4.0,0.02089545503258705,0.0002
1905.0,4.0,0.0201425738632679,0.0002
1906.0,4.0,0.020818855613470078,0.0002
1907.0,4.0,0.021937023848295212,0.0002
1908.0,4.0,0.024274567142128944,0.0002
1909.0,4.0,0.018298745155334473,0.0002
1910.0,4.0,0.019610704854130745,0.0002
1911.0,4.0,0.022360920906066895,0.0002
1912.0,4.0,0.02042476087808609,0.0002
1913.0,4.0,0.026493804529309273,0.0002
1914.0,4.0,0.024769753217697144,0.0002
1915.0,4.0,0.027613740414381027,0.0002
1916.0,4.0,0.024237073957920074,0.0002
1917.0,4.0,0.015140194445848465,0.0002
1918.0,4.0,0.021363483741879463,0.0002
1919.0,4.0,0.017035869881510735,0.0002
1920.0,4.0,0.019261959940195084,0.0002
1921.0,4.0,0.02092621847987175,0.0002
1922.0,4.0,0.022267838940024376,0.0002
1923.0,4.0,0.021475590765476227,0.0002
1924.0,4.0,0.02194410189986229,0.0002
1925.0,4.0,0.02437630668282509,0.0002
1926.0,4.0,0.019815951585769653,0.0002
1927.0,4.0,0.016054147854447365,0.0002
1928.0,4.0,0.0172203928232193,0.0002
1929.0,4.0,0.022410884499549866,0.0002
1930.0,4.0,0.016269411891698837,0.0002
1931.0,4.0,0.018944310024380684,0.0002
1932.0,4.0,0.019118545576930046,0.0002
1933.0,4.0,0.01937638223171234,0.0002
1934.0,4.0,0.021823717281222343,0.0002
1935.0,4.0,0.01741436868906021,0.0002
1936.0,4.0,0.018474295735359192,0.0002
1937.0,4.0,0.016669094562530518,0.0002
1938.0,4.0,0.020389243960380554,0.0002
1939.0,4.0,0.016128281131386757,0.0002
1940.0,4.0,0.020061593502759933,0.0002
1941.0,4.0,0.020931269973516464,0.0002
1942.0,4.0,0.020226478576660156,0.0002
1943.0,4.0,0.02120944857597351,0.0002
1944.0,4.0,0.017438199371099472,0.0002
1945.0,4.0,0.01709904707968235,0.0002
1946.0,4.0,0.018085815012454987,0.0002
1947.0,4.0,0.02175111696124077,0.0002
1948.0,4.0,0.02068931609392166,0.0002
1949.0,4.0,0.01861492544412613,0.0002
1950.0,4.0,0.022796466946601868,0.0002
1951.0,4.0,0.02287871763110161,0.0002
1952.0,4.0,0.020769942551851273,0.0002
1953.0,4.0,0.022647419944405556,0.0002
1954.0,4.0,0.02132641151547432,0.0002
1955.0,4.0,0.019007612019777298,0.0002
1956.0,4.0,0.018386736512184143,0.0002
1957.0,4.0,0.019299687817692757,0.0002
1958.0,4.0,0.0274493470788002,0.0002
1959.0,4.0,0.02214731089770794,0.0002
1960.0,4.0,0.021565444767475128,0.0002
1961.0,4.0,0.018348094075918198,0.0002
1962.0,4.0,0.02338419482111931,0.0002
1963.0,4.0,0.0225527286529541,0.0002
1964.0,4.0,0.019607968628406525,0.0002
1965.0,4.0,0.018002310767769814,0.0002
1966.0,4.0,0.019693836569786072,0.0002
1967.0,4.0,0.021390043199062347,0.0002
1968.0,4.0,0.017626941204071045,0.0002
1969.0,4.0,0.019274652004241943,0.0002
1970.0,4.0,0.023306939750909805,0.0002
1971.0,4.0,0.021497609093785286,0.0002
1972.0,4.0,0.02293933555483818,0.0002
1973.0,4.0,0.021889247000217438,0.0002
1974.0,4.0,0.019345633685588837,0.0002
1975.0,4.0,0.02302613854408264,0.0002
1976.0,4.0,0.016226952895522118,0.0002
1977.0,4.0,0.02613171562552452,0.0002
1978.0,4.0,0.023740462958812714,0.0002
1979.0,4.0,0.016733771190047264,0.0002
1980.0,4.0,0.019062284380197525,0.0002
1981.0,4.0,0.02242526039481163,0.0002
1982.0,4.0,0.021542618051171303,0.0002
1983.0,4.0,0.01998361386358738,0.0002
1984.0,4.0,0.022310353815555573,0.0002
1985.0,4.0,0.022130152210593224,0.0002
1986.0,4.0,0.02246687561273575,0.0002
1987.0,4.0,0.020066043362021446,0.0002
1988.0,4.0,0.018817001953721046,0.0002
1989.0,4.0,0.023365389555692673,0.0002
1990.0,4.0,0.017719194293022156,0.0002
1991.0,4.0,0.0218275748193264,0.0002
1992.0,4.0,0.02316030114889145,0.0002
1993.0,4.0,0.017804594710469246,0.0002
1994.0,4.0,0.019463038071990013,0.0002
1995.0,4.0,0.021373212337493896,0.0002
1996.0,4.0,0.018315088003873825,0.0002
1997.0,4.0,0.022319838404655457,0.0002
1998.0,4.0,0.02001647651195526,0.0002
1999.0,4.0,0.019246624782681465,0.0002
2000.0,4.0,0.015325399115681648,0.0002
2001.0,4.0,0.015949251130223274,0.0002
2002.0,4.0,0.023674573749303818,0.0002
2003.0,4.0,0.019453084096312523,0.0002
2004.0,4.0,0.020391732454299927,0.0002
2005.0,4.0,0.01691688969731331,0.0002
2006.0,4.0,0.020955201238393784,0.0002
2007.0,4.0,0.021853258833289146,0.0002
2008.0,4.0,0.020676232874393463,0.0002
2009.0,4.0,0.020940527319908142,0.0002
2010.0,4.0,0.020404409617185593,0.0002
2011.0,4.0,0.020083364099264145,0.0002
2012.0,4.0,0.027166493237018585,0.0002
2013.0,4.0,0.025114698335528374,0.0002
2014.0,4.0,0.021933211013674736,0.0002
2015.0,4.0,0.023883536458015442,0.0002
2016.0,4.0,0.02201269194483757,0.0002
2017.0,4.0,0.01588846743106842,0.0002
2018.0,4.0,0.021351825445890427,0.0002
2019.0,4.0,0.01933850347995758,0.0002
2020.0,4.0,0.025457024574279785,0.0002
2021.0,4.0,0.019165972247719765,0.0002
2022.0,4.0,0.02277183160185814,0.0002
2023.0,4.0,0.0262377317994833,0.0002
2024.0,4.0,0.017762240022420883,0.0002
2025.0,4.0,0.01679464802145958,0.0002
2026.0,4.0,0.021734900772571564,0.0002
2027.0,4.0,0.021785950288176537,0.0002
2028.0,4.0,0.027567360550165176,0.0002
2029.0,4.0,0.020721841603517532,0.0002
2030.0,4.0,0.02327771857380867,0.0002
2031.0,4.0,0.024164149537682533,0.0002
2032.0,4.0,0.022039812058210373,0.0002
2033.0,4.0,0.017574723809957504,0.0002
2034.0,4.0,0.023087818175554276,0.0002
2035.0,4.0,0.02846037596464157,0.0002
2036.0,4.0,0.019462380558252335,0.0002
2037.0,4.0,0.019713979214429855,0.0002
2038.0,4.0,0.027438852936029434,0.0002
2039.0,4.0,0.017341580241918564,0.0002
2040.0,4.0,0.023435477167367935,0.0002
2041.0,4.0,0.017157219350337982,0.0002
2042.0,4.0,0.01801348105072975,0.0002
2043.0,4.0,0.024011675268411636,0.0002
2044.0,4.0,0.02476396970450878,0.0002
2045.0,4.0,0.0158831924200058,0.0002
2046.0,4.0,0.02526286244392395,0.0002
2047.0,4.0,0.026067016646265984,0.0002
2048.0,4.0,0.019461434334516525,0.0002
2049.0,4.0,0.023588795214891434,0.0002
2050.0,4.0,0.016055632382631302,0.0002
2051.0,4.0,0.02143895998597145,0.0002
2052.0,4.0,0.02135159634053707,0.0002
2053.0,4.0,0.023181259632110596,0.0002
2054.0,4.0,0.01916073076426983,0.0002
2055.0,4.0,0.026119733229279518,0.0002
2056.0,4.0,0.02336522564291954,0.0002
2057.0,4.0,0.020013734698295593,0.0002
2058.0,4.0,0.020273692905902863,0.0002
2059.0,4.0,0.020979855209589005,0.0002
2060.0,4.0,0.02212676778435707,0.0002
2061.0,4.0,0.020059626549482346,0.0002
2062.0,4.0,0.020304404199123383,0.0002
2063.0,4.0,0.018681304529309273,0.0002
2064.0,4.0,0.020812805742025375,0.0002
2065.0,4.0,0.020519673824310303,0.0002
2066.0,4.0,0.01659434661269188,0.0002
2067.0,4.0,0.018989495933055878,0.0002
2068.0,4.0,0.01811075024306774,0.0002
2069.0,4.0,0.019791409373283386,0.0002
2070.0,4.0,0.021495582535862923,0.0002
2071.0,4.0,0.018753938376903534,0.0002
2072.0,4.0,0.023792799562215805,0.0002
2073.0,4.0,0.02164682187139988,0.0002
2074.0,4.0,0.021716352552175522,0.0002
2075.0,4.0,0.017819862812757492,0.0002
2076.0,4.0,0.02374463900923729,0.0002
2077.0,4.0,0.016643282026052475,0.0002
2078.0,4.0,0.0259561687707901,0.0002
2079.0,4.0,0.01896529458463192,0.0002
2080.0,4.0,0.01536327414214611,0.0002
2081.0,4.0,0.022051438689231873,0.0002
2082.0,4.0,0.018572814762592316,0.0002
2083.0,4.0,0.017345603555440903,0.0002
2084.0,4.0,0.016643136739730835,0.0002
2085.0,4.0,0.017124418169260025,0.0002
2086.0,4.0,0.018733074888586998,0.0002
2087.0,4.0,0.018406592309474945,0.0002
2088.0,4.0,0.017111167311668396,0.0002
2089.0,4.0,0.023875437676906586,0.0002
2090.0,4.0,0.020023610442876816,0.0002
2091.0,4.0,0.022522518411278725,0.0002
2092.0,4.0,0.019262848421931267,0.0002
2093.0,4.0,0.022480253130197525,0.0002
2094.0,4.0,0.021328911185264587,0.0002
2095.0,4.0,0.023127619177103043,0.0002
2096.0,4.0,0.016297977417707443,0.0002
2097.0,4.0,0.026155486702919006,0.0002
2098.0,4.0,0.01838744431734085,0.0002
2099.0,4.0,0.0218470711261034,0.0002
2100.0,4.0,0.022237468510866165,0.0002
2101.0,4.0,0.017511185258626938,0.0002
2102.0,4.0,0.02242247201502323,0.0002
2103.0,4.0,0.022145263850688934,0.0002
2104.0,4.0,0.02447151206433773,0.0002
2105.0,4.0,0.017385954037308693,0.0002
2106.0,4.0,0.017355317249894142,0.0002
2107.0,4.0,0.02411111444234848,0.0002
2108.0,4.0,0.024805786088109016,0.0002
2109.0,4.0,0.021263593807816505,0.0002
2110.0,4.0,0.02011251449584961,0.0002
2111.0,4.0,0.018684381619095802,0.0002
2112.0,4.0,0.02308376133441925,0.0002
2113.0,4.0,0.02019834890961647,0.0002
2114.0,4.0,0.019328095018863678,0.0002
2115.0,4.0,0.023113172501325607,0.0002
2116.0,4.0,0.022678200155496597,0.0002
2117.0,4.0,0.020793184638023376,0.0002
2118.0,4.0,0.02163708582520485,0.0002
2119.0,4.0,0.017132408916950226,0.0002
2120.0,4.0,0.018273815512657166,0.0002
2121.0,4.0,0.019234497100114822,0.0002
2122.0,4.0,0.020199868828058243,0.0002
2123.0,4.0,0.0176327433437109,0.0002
2124.0,4.0,0.017365526407957077,0.0002
2125.0,4.0,0.014108512550592422,0.0002
2126.0,4.0,0.022240011021494865,0.0002
2127.0,4.0,0.027068618685007095,0.0002
2128.0,4.0,0.022844165563583374,0.0002
2129.0,4.0,0.018842119723558426,0.0002
2130.0,4.0,0.020961906760931015,0.0002
2131.0,4.0,0.014569231308996677,0.0002
2132.0,4.0,0.019141066819429398,0.0002
2133.0,4.0,0.02183954045176506,0.0002
2134.0,4.0,0.020527422428131104,0.0002
2135.0,4.0,0.020995991304516792,0.0002
2136.0,4.0,0.018820665776729584,0.0002
2137.0,4.0,0.025080565363168716,0.0002
2138.0,4.0,0.02091764286160469,0.0002
2139.0,4.0,0.022412287071347237,0.0002
2140.0,4.0,0.02203000709414482,0.0002
2141.0,4.0,0.025366727262735367,0.0002
2142.0,4.0,0.020755844190716743,0.0002
2143.0,4.0,0.01780528947710991,0.0002
2144.0,4.0,0.022793972864747047,0.0002
2145.0,4.0,0.019879261031746864,0.0002
2146.0,4.0,0.023190049454569817,0.0002
2147.0,4.0,0.0198690053075552,0.0002
2148.0,4.0,0.02380187250673771,0.0002
2149.0,4.0,0.021072469651699066,0.0002
2150.0,4.0,0.014423871412873268,0.0002
2151.0,4.0,0.024993572384119034,0.0002
2152.0,4.0,0.018723245710134506,0.0002
2153.0,4.0,0.022531887516379356,0.0002
2154.0,4.0,0.022941946983337402,0.0002
2155.0,4.0,0.017458774149417877,0.0002
2156.0,4.0,0.019326146692037582,0.0002
2157.0,4.0,0.024965887889266014,0.0002
2158.0,4.0,0.021822089329361916,0.0002
2159.0,4.0,0.019707487896084785,0.0002
2160.0,4.0,0.016888126730918884,0.0002
2161.0,4.0,0.019961299374699593,0.0002
2162.0,4.0,0.017192751169204712,0.0002
2163.0,4.0,0.01832050457596779,0.0002
2164.0,4.0,0.01768922246992588,0.0002
2165.0,4.0,0.021791569888591766,0.0002
2166.0,4.0,0.017875252291560173,0.0002
2167.0,4.0,0.019393503665924072,0.0002
2168.0,4.0,0.020709306001663208,0.0002
2169.0,4.0,0.02804235741496086,0.0002
2170.0,4.0,0.017927516251802444,0.0002
2171.0,4.0,0.020314522087574005,0.0002
2172.0,4.0,0.023378053680062294,0.0002
2173.0,4.0,0.02841418795287609,0.0002
2174.0,4.0,0.02007228508591652,0.0002
2175.0,4.0,0.018825821578502655,0.0002
2176.0,4.0,0.015242129564285278,0.0002
2177.0,4.0,0.023325923830270767,0.0002
2178.0,4.0,0.019168755039572716,0.0002
2179.0,4.0,0.020254874601960182,0.0002
2180.0,4.0,0.0175354965031147,0.0002
2181.0,4.0,0.02286560647189617,0.0002
2182.0,4.0,0.019153829663991928,0.0002
2183.0,4.0,0.020641930401325226,0.0002
2184.0,4.0,0.01750091090798378,0.0002
2185.0,4.0,0.025706272572278976,0.0002
2186.0,4.0,0.019187122583389282,0.0002
2187.0,4.0,0.018576636910438538,0.0002
2188.0,4.0,0.018476901575922966,0.0002
2189.0,4.0,0.02276822179555893,0.0002
2190.0,4.0,0.0205796267837286,0.0002
2191.0,4.0,0.021106259897351265,0.0002
2192.0,4.0,0.023658357560634613,0.0002
2193.0,4.0,0.022025082260370255,0.0002
2194.0,4.0,0.021026138216257095,0.0002
2195.0,4.0,0.02168479561805725,0.0002
2196.0,4.0,0.019419707357883453,0.0002
2197.0,4.0,0.019086793065071106,0.0002
2198.0,4.0,0.02274591661989689,0.0002
2199.0,4.0,0.01850036345422268,0.0002
2200.0,4.0,0.020628321915864944,0.0002
2201.0,4.0,0.019767632707953453,0.0002
2202.0,4.0,0.022239206358790398,0.0002
2203.0,4.0,0.017707522958517075,0.0002
2204.0,4.0,0.021021591499447823,0.0002
2205.0,4.0,0.01983807608485222,0.0002
2206.0,4.0,0.023589733988046646,0.0002
2207.0,4.0,0.01672387681901455,0.0002
2208.0,4.0,0.029835375025868416,0.0002
2209.0,4.0,0.01886553317308426,0.0002
2210.0,4.0,0.024257533252239227,0.0002
2211.0,4.0,0.015967771410942078,0.0002
2212.0,4.0,0.022204669192433357,0.0002
2213.0,4.0,0.02558397315442562,0.0002
2214.0,4.0,0.02426399663090706,0.0002
2215.0,4.0,0.013763428665697575,0.0002
2216.0,4.0,0.01808939129114151,0.0002
2217.0,4.0,0.023786716163158417,0.0002
2218.0,4.0,0.018404271453619003,0.0002
2219.0,4.0,0.0185810849070549,0.0002
2220.0,4.0,0.02397066354751587,0.0002
2221.0,4.0,0.019705751910805702,0.0002
2222.0,4.0,0.020004000514745712,0.0002
2223.0,4.0,0.020875588059425354,0.0002
2224.0,4.0,0.021805131807923317,0.0002
2225.0,4.0,0.022061794996261597,0.0002
2226.0,4.0,0.02111092396080494,0.0002
2227.0,4.0,0.02693171612918377,0.0002
2228.0,4.0,0.0264175683259964,0.0002
2229.0,4.0,0.020179666578769684,0.0002
2230.0,4.0,0.01861787959933281,0.0002
2231.0,4.0,0.021936800330877304,0.0002
2232.0,4.0,0.0217225793749094,0.0002
2233.0,4.0,0.019391868263483047,0.0002
2234.0,4.0,0.02481653168797493,0.0002
2235.0,4.0,0.021857567131519318,0.0002
2236.0,4.0,0.020290330052375793,0.0002
2237.0,4.0,0.020113470032811165,0.0002
2238.0,4.0,0.020029503852128983,0.0002
2239.0,4.0,0.014946610666811466,0.0002
2240.0,4.0,0.02838538959622383,0.0002
2241.0,4.0,0.019746873527765274,0.0002
2242.0,4.0,0.018788468092679977,0.0002
2243.0,4.0,0.020729944109916687,0.0002
2244.0,4.0,0.020924866199493408,0.0002
2245.0,4.0,0.015804778784513474,0.0002
2246.0,4.0,0.023967847228050232,0.0002
2247.0,4.0,0.024682726711034775,0.0002
2248.0,4.0,0.01897355355322361,0.0002
2249.0,4.0,0.02104160748422146,0.0002
2250.0,4.0,0.018907472491264343,0.0002
2251.0,4.0,0.017209190875291824,0.0002
2252.0,4.0,0.02396337129175663,0.0002
2253.0,4.0,0.02025844343006611,0.0002
2254.0,4.0,0.019289880990982056,0.0002
2255.0,4.0,0.023771880194544792,0.0002
2256.0,4.0,0.019449319690465927,0.0002
2257.0,4.0,0.02123761735856533,0.0002
2258.0,4.0,0.01742592081427574,0.0002
2259.0,4.0,0.021343320608139038,0.0002
2260.0,4.0,0.021219106391072273,0.0002
2261.0,4.0,0.025197111070156097,0.0002
2262.0,4.0,0.022501183673739433,0.0002
2263.0,4.0,0.018868152052164078,0.0002
2264.0,4.0,0.019876841455698013,0.0002
2265.0,4.0,0.019868677482008934,0.0002
2266.0,4.0,0.027598924934864044,0.0002
2267.0,4.0,0.02372448891401291,0.0002
2268.0,4.0,0.023472413420677185,0.0002
2269.0,4.0,0.019346976652741432,0.0002
2270.0,4.0,0.020538991317152977,0.0002
2271.0,4.0,0.024433190003037453,0.0002
2272.0,4.0,0.027340654283761978,0.0002
2273.0,4.0,0.02095743641257286,0.0002
2274.0,4.0,0.02022036910057068,0.0002
2275.0,4.0,0.020130276679992676,0.0002
2276.0,4.0,0.019884537905454636,0.0002
2277.0,4.0,0.017534300684928894,0.0002
2278.0,4.0,0.02615424431860447,0.0002
2279.0,4.0,0.02114434912800789,0.0002
2280.0,4.0,0.018343281000852585,0.0002
2281.0,4.0,0.02029622159898281,0.0002
2282.0,4.0,0.019468795508146286,0.0002
2283.0,4.0,0.016699381172657013,0.0002
2284.0,4.0,0.025419030338525772,0.0002
2285.0,4.0,0.014316004700958729,0.0002
2286.0,4.0,0.01717316173017025,0.0002
2287.0,4.0,0.014977622777223587,0.0002
2288.0,4.0,0.021725283935666084,0.0002
2289.0,4.0,0.019338617101311684,0.0002
2290.0,4.0,0.02397453412413597,0.0002
2291.0,4.0,0.0238734669983387,0.0002
2292.0,4.0,0.02254456840455532,0.0002
2293.0,4.0,0.01793324016034603,0.0002
2294.0,4.0,0.019659826532006264,0.0002
2295.0,4.0,0.01764078065752983,0.0002
2296.0,4.0,0.017626283690333366,0.0002
2297.0,4.0,0.02139696478843689,0.0002
2298.0,4.0,0.019457023590803146,0.0002
2299.0,4.0,0.026762451976537704,0.0002
2300.0,4.0,0.020334811881184578,0.0002
2301.0,4.0,0.02373887412250042,0.0002
2302.0,4.0,0.019815616309642792,0.0002
2303.0,4.0,0.020135827362537384,0.0002
2304.0,4.0,0.01809726096689701,0.0002
2305.0,4.0,0.026212653145194054,0.0002
2306.0,4.0,0.018739156424999237,0.0002
2307.0,4.0,0.016087809577584267,0.0002
2308.0,4.0,0.0167672261595726,0.0002
2309.0,4.0,0.019942231476306915,0.0002
2310.0,4.0,0.02155069075524807,0.0002
2311.0,4.0,0.030855635181069374,0.0002
2312.0,4.0,0.02172001078724861,0.0002
2313.0,4.0,0.028310880064964294,0.0002
2314.0,4.0,0.018551049754023552,0.0002
2315.0,4.0,0.01826966181397438,0.0002
2316.0,4.0,0.025009771808981895,0.0002
2317.0,4.0,0.014846645295619965,0.0002
2318.0,4.0,0.02089242823421955,0.0002
2319.0,4.0,0.019421422854065895,0.0002
2320.0,4.0,0.020878709852695465,0.0002
2321.0,4.0,0.020594395697116852,0.0002
2322.0,4.0,0.024472292512655258,0.0002
2323.0,4.0,0.015414551831781864,0.0002
2324.0,4.0,0.021916044875979424,0.0002
2325.0,4.0,0.019111204892396927,0.0002
2326.0,4.0,0.022170986980199814,0.0002
2327.0,4.0,0.017049161717295647,0.0002
2328.0,4.0,0.02049538679420948,0.0002
2329.0,4.0,0.016847852617502213,0.0002
2330.0,4.0,0.024886010214686394,0.0002
2331.0,4.0,0.017425240948796272,0.0002
2332.0,4.0,0.020963154733181,0.0002
2333.0,4.0,0.018836993724107742,0.0002
2334.0,4.0,0.02120259404182434,0.0002
2335.0,4.0,0.0212545245885849,0.0002
2336.0,4.0,0.02735539898276329,0.0002
2337.0,4.0,0.017559992149472237,0.0002
2338.0,4.0,0.018186241388320923,0.0002
2339.0,4.0,0.01793031394481659,0.0002
2340.0,4.0,0.020446479320526123,0.0002
2341.0,5.0,0.015994753688573837,0.0002
2342.0,5.0,0.018728140741586685,0.0002
2343.0,5.0,0.020142070949077606,0.0002
2344.0,5.0,0.02069069817662239,0.0002
2345.0,5.0,0.022195713594555855,0.0002
2346.0,5.0,0.02561498060822487,0.0002
2347.0,5.0,0.02247924730181694,0.0002
2348.0,5.0,0.018780909478664398,0.0002
2349.0,5.0,0.018084198236465454,0.0002
2350.0,5.0,0.01940811611711979,0.0002
2351.0,5.0,0.019956856966018677,0.0002
2352.0,5.0,0.025661122053861618,0.0002
2353.0,5.0,0.02407100237905979,0.0002
2354.0,5.0,0.02560272067785263,0.0002
2355.0,5.0,0.01757083088159561,0.0002
2356.0,5.0,0.020359987393021584,0.0002
2357.0,5.0,0.02110046148300171,0.0002
2358.0,5.0,0.01659136265516281,0.0002
2359.0,5.0,0.02053019404411316,0.0002
2360.0,5.0,0.017115717753767967,0.0002
2361.0,5.0,0.031089704483747482,0.0002
2362.0,5.0,0.017573559656739235,0.0002
2363.0,5.0,0.020733654499053955,0.0002
2364.0,5.0,0.019797053188085556,0.0002
2365.0,5.0,0.02448832243680954,0.0002
2366.0,5.0,0.02010137401521206,0.0002
2367.0,5.0,0.023569032549858093,0.0002
2368.0,5.0,0.017790881916880608,0.0002
2369.0,5.0,0.024486061185598373,0.0002
2370.0,5.0,0.026078473776578903,0.0002
2371.0,5.0,0.02188163250684738,0.0002
2372.0,5.0,0.017332442104816437,0.0002
2373.0,5.0,0.018053356558084488,0.0002
2374.0,5.0,0.01840963214635849,0.0002
2375.0,5.0,0.020208247005939484,0.0002
2376.0,5.0,0.016479797661304474,0.0002
2377.0,5.0,0.016553211957216263,0.0002
2378.0,5.0,0.020235512405633926,0.0002
2379.0,5.0,0.023733610287308693,0.0002
2380.0,5.0,0.02289191260933876,0.0002
2381.0,5.0,0.018488438799977303,0.0002
2382.0,5.0,0.021123718470335007,0.0002
2383.0,5.0,0.020019862800836563,0.0002
2384.0,5.0,0.014407699927687645,0.0002
2385.0,5.0,0.01827586628496647,0.0002
2386.0,5.0,0.022556094452738762,0.0002
2387.0,5.0,0.017262525856494904,0.0002
2388.0,5.0,0.018458131700754166,0.0002
2389.0,5.0,0.02109682746231556,0.0002
2390.0,5.0,0.023121826350688934,0.0002
2391.0,5.0,0.020364882424473763,0.0002
2392.0,5.0,0.017760396003723145,0.0002
2393.0,5.0,0.016749903559684753,0.0002
2394.0,5.0,0.02112956903874874,0.0002
2395.0,5.0,0.01919485628604889,0.0002
2396.0,5.0,0.021922271698713303,0.0002
2397.0,5.0,0.021457476541399956,0.0002
2398.0,5.0,0.019181523472070694,0.0002
2399.0,5.0,0.019749324768781662,0.0002
2400.0,5.0,0.0167158804833889,0.0002
2401.0,5.0,0.02282971516251564,0.0002
2402.0,5.0,0.020841285586357117,0.0002
2403.0,5.0,0.01661042682826519,0.0002
2404.0,5.0,0.018312975764274597,0.0002
2405.0,5.0,0.018629837781190872,0.0002
2406.0,5.0,0.013241088949143887,0.0002
2407.0,5.0,0.01684311032295227,0.0002
2408.0,5.0,0.02045142836868763,0.0002
2409.0,5.0,0.020661845803260803,0.0002
2410.0,5.0,0.02273770235478878,0.0002
2411.0,5.0,0.015713145956397057,0.0002
2412.0,5.0,0.021260477602481842,0.0002
2413.0,5.0,0.016846386715769768,0.0002
2414.0,5.0,0.02544165775179863,0.0002
2415.0,5.0,0.020049389451742172,0.0002
2416.0,5.0,0.01907370612025261,0.0002
2417.0,5.0,0.020804710686206818,0.0002
2418.0,5.0,0.02112407051026821,0.0002
2419.0,5.0,0.024853136390447617,0.0002
2420.0,5.0,0.0207618847489357,0.0002
2421.0,5.0,0.020746946334838867,0.0002
2422.0,5.0,0.016945496201515198,0.0002
2423.0,5.0,0.02294839173555374,0.0002
2424.0,5.0,0.023831073194742203,0.0002
2425.0,5.0,0.014584233984351158,0.0002
2426.0,5.0,0.02503681182861328,0.0002
2427.0,5.0,0.022631684318184853,0.0002
2428.0,5.0,0.017622627317905426,0.0002
2429.0,5.0,0.021356143057346344,0.0002
2430.0,5.0,0.01561940647661686,0.0002
2431.0,5.0,0.015786197036504745,0.0002
2432.0,5.0,0.01760202646255493,0.0002
2433.0,5.0,0.018934857100248337,0.0002
2434.0,5.0,0.015143362805247307,0.0002
2435.0,5.0,0.02049935609102249,0.0002
2436.0,5.0,0.022311989217996597,0.0002
2437.0,5.0,0.021727247163653374,0.0002
2438.0,5.0,0.01896638050675392,0.0002
2439.0,5.0,0.018317604437470436,0.0002
2440.0,5.0,0.018448462709784508,0.0002
2441.0,5.0,0.021876098588109016,0.0002
2442.0,5.0,0.01811887137591839,0.0002
2443.0,5.0,0.020477691665291786,0.0002
2444.0,5.0,0.01978236809372902,0.0002
2445.0,5.0,0.02449813485145569,0.0002
2446.0,5.0,0.01982218027114868,0.0002
2447.0,5.0,0.024571208283305168,0.0002
2448.0,5.0,0.019381452351808548,0.0002
2449.0,5.0,0.017680535092949867,0.0002
2450.0,5.0,0.021855294704437256,0.0002
2451.0,5.0,0.019146103411912918,0.0002
2452.0,5.0,0.021882902830839157,0.0002
2453.0,5.0,0.018776077777147293,0.0002
2454.0,5.0,0.018084600567817688,0.0002
2455.0,5.0,0.021132702007889748,0.0002
2456.0,5.0,0.019935717806220055,0.0002
2457.0,5.0,0.02204594947397709,0.0002
2458.0,5.0,0.021891918033361435,0.0002
2459.0,5.0,0.02406400255858898,0.0002
2460.0,5.0,0.016344239935278893,0.0002
2461.0,5.0,0.021275997161865234,0.0002
2462.0,5.0,0.023535065352916718,0.0002
2463.0,5.0,0.023692380636930466,0.0002
2464.0,5.0,0.016083458438515663,0.0002
2465.0,5.0,0.020275825634598732,0.0002
2466.0,5.0,0.016955099999904633,0.0002
2467.0,5.0,0.021844353526830673,0.0002
2468.0,5.0,0.01812548190355301,0.0002
2469.0,5.0,0.023245804011821747,0.0002
2470.0,5.0,0.022105108946561813,0.0002
2471.0,5.0,0.0243806391954422,0.0002
2472.0,5.0,0.02032889798283577,0.0002
2473.0,5.0,0.022578375414013863,0.0002
2474.0,5.0,0.01876194030046463,0.0002
2475.0,5.0,0.016863375902175903,0.0002
2476.0,5.0,0.018130037933588028,0.0002
2477.0,5.0,0.019934063777327538,0.0002
2478.0,5.0,0.017777420580387115,0.0002
2479.0,5.0,0.019787121564149857,0.0002
2480.0,5.0,0.019981101155281067,0.0002
2481.0,5.0,0.016068769618868828,0.0002
2482.0,5.0,0.023988310247659683,0.0002
2483.0,5.0,0.01892053708434105,0.0002
2484.0,5.0,0.025788873434066772,0.0002
2485.0,5.0,0.025686386972665787,0.0002
2486.0,5.0,0.020111259073019028,0.0002
2487.0,5.0,0.014898558147251606,0.0002
2488.0,5.0,0.020079728215932846,0.0002
2489.0,5.0,0.017476575449109077,0.0002
2490.0,5.0,0.023363374173641205,0.0002
2491.0,5.0,0.015298061072826385,0.0002
2492.0,5.0,0.02016885206103325,0.0002
2493.0,5.0,0.017299961298704147,0.0002
2494.0,5.0,0.019801530987024307,0.0002
2495.0,5.0,0.015423381701111794,0.0002
2496.0,5.0,0.016935423016548157,0.0002
2497.0,5.0,0.0184580460190773,0.0002
2498.0,5.0,0.021897677332162857,0.0002
2499.0,5.0,0.015406958758831024,0.0002
2500.0,5.0,0.023876506835222244,0.0002
2501.0,5.0,0.02247127704322338,0.0002
2502.0,5.0,0.020025433972477913,0.0002
2503.0,5.0,0.018179936334490776,0.0002
2504.0,5.0,0.01939326524734497,0.0002
2505.0,5.0,0.022571006789803505,0.0002
2506.0,5.0,0.017099682241678238,0.0002
2507.0,5.0,0.017665281891822815,0.0002
2508.0,5.0,0.02401328831911087,0.0002
2509.0,5.0,0.022466031834483147,0.0002
2510.0,5.0,0.023169033229351044,0.0002
2511.0,5.0,0.020040715113282204,0.0002
2512.0,5.0,0.019838174805045128,0.0002
2513.0,5.0,0.020340681076049805,0.0002
2514.0,5.0,0.019011469557881355,0.0002
2515.0,5.0,0.023310869932174683,0.0002
2516.0,5.0,0.020921379327774048,0.0002
2517.0,5.0,0.01874232292175293,0.0002
2518.0,5.0,0.017920730635523796,0.0002
2519.0,5.0,0.020454589277505875,0.0002
2520.0,5.0,0.015556039288640022,0.0002
2521.0,5.0,0.016490105539560318,0.0002
2522.0,5.0,0.020405180752277374,0.0002
2523.0,5.0,0.02230008877813816,0.0002
2524.0,5.0,0.012987661175429821,0.0002
2525.0,5.0,0.016943806782364845,0.0002
2526.0,5.0,0.019388945773243904,0.0002
2527.0,5.0,0.02236393839120865,0.0002
2528.0,5.0,0.020845159888267517,0.0002
2529.0,5.0,0.01692882552742958,0.0002
2530.0,5.0,0.018188785761594772,0.0002
2531.0,5.0,0.0170636884868145,0.0002
2532.0,5.0,0.016325902193784714,0.0002
2533.0,5.0,0.018320903182029724,0.0002
2534.0,5.0,0.014463314786553383,0.0002
2535.0,5.0,0.020189259201288223,0.0002
2536.0,5.0,0.025219332426786423,0.0002
2537.0,5.0,0.02265535667538643,0.0002
2538.0,5.0,0.02171826735138893,0.0002
2539.0,5.0,0.0246751569211483,0.0002
2540.0,5.0,0.019837697967886925,0.0002
2541.0,5.0,0.02231403812766075,0.0002
2542.0,5.0,0.017970919609069824,0.0002
2543.0,5.0,0.020345032215118408,0.0002
2544.0,5.0,0.022128067910671234,0.0002
2545.0,5.0,0.021406598389148712,0.0002
2546.0,5.0,0.01861761510372162,0.0002
2547.0,5.0,0.0195387601852417,0.0002
2548.0,5.0,0.018732961267232895,0.0002
2549.0,5.0,0.020734993740916252,0.0002
2550.0,5.0,0.02017671801149845,0.0002
2551.0,5.0,0.022508947178721428,0.0002
2552.0,5.0,0.018202943727374077,0.0002
2553.0,5.0,0.020291293039917946,0.0002
2554.0,5.0,0.0169687382876873,0.0002
2555.0,5.0,0.020657364279031754,0.0002
2556.0,5.0,0.023233763873577118,0.0002
2557.0,5.0,0.020853757858276367,0.0002
2558.0,5.0,0.019034693017601967,0.0002
2559.0,5.0,0.01554057840257883,0.0002
2560.0,5.0,0.017834365367889404,0.0002
2561.0,5.0,0.02111990377306938,0.0002
2562.0,5.0,0.018300745636224747,0.0002
2563.0,5.0,0.018446704372763634,0.0002
2564.0,5.0,0.021581482142210007,0.0002
2565.0,5.0,0.017855610698461533,0.0002
2566.0,5.0,0.01775442063808441,0.0002
2567.0,5.0,0.020997492596507072,0.0002
2568.0,5.0,0.01514503639191389,0.0002
2569.0,5.0,0.01542203314602375,0.0002
2570.0,5.0,0.01598554104566574,0.0002
2571.0,5.0,0.01599174551665783,0.0002
2572.0,5.0,0.023103289306163788,0.0002
2573.0,5.0,0.019994482398033142,0.0002
2574.0,5.0,0.016932830214500427,0.0002
2575.0,5.0,0.021089520305395126,0.0002
2576.0,5.0,0.015064478851854801,0.0002
2577.0,5.0,0.020716827362775803,0.0002
2578.0,5.0,0.021508822217583656,0.0002
2579.0,5.0,0.016709759831428528,0.0002
2580.0,5.0,0.018545493483543396,0.0002
2581.0,5.0,0.013204451650381088,0.0002
2582.0,5.0,0.016959771513938904,0.0002
2583.0,5.0,0.018210381269454956,0.0002
2584.0,5.0,0.02099502831697464,0.0002
2585.0,5.0,0.018184978514909744,0.0002
2586.0,5.0,0.016106773167848587,0.0002
2587.0,5.0,0.02485160157084465,0.0002
2588.0,5.0,0.01928507164120674,0.0002
2589.0,5.0,0.016531283035874367,0.0002
2590.0,5.0,0.02556818351149559,0.0002
2591.0,5.0,0.01858183927834034,0.0002
2592.0,5.0,0.021851643919944763,0.0002
2593.0,5.0,0.017828160896897316,0.0002
2594.0,5.0,0.017403999343514442,0.0002
2595.0,5.0,0.0182294063270092,0.0002
2596.0,5.0,0.022697001695632935,0.0002
2597.0,5.0,0.015218102373182774,0.0002
2598.0,5.0,0.025433426722884178,0.0002
2599.0,5.0,0.023309778422117233,0.0002
2600.0,5.0,0.02060897834599018,0.0002
2601.0,5.0,0.021386627107858658,0.0002
2602.0,5.0,0.02614058554172516,0.0002
2603.0,5.0,0.020560260862112045,0.0002
2604.0,5.0,0.021594930440187454,0.0002
2605.0,5.0,0.01935366354882717,0.0002
2606.0,5.0,0.01877695322036743,0.0002
2607.0,5.0,0.022316407412290573,0.0002
2608.0,5.0,0.01773928478360176,0.0002
2609.0,5.0,0.021534839645028114,0.0002
2610.0,5.0,0.018171733245253563,0.0002
2611.0,5.0,0.022122910246253014,0.0002
2612.0,5.0,0.0221798587590456,0.0002
2613.0,5.0,0.023392660543322563,0.0002
2614.0,5.0,0.015031126327812672,0.0002
2615.0,5.0,0.017592493444681168,0.0002
2616.0,5.0,0.015879953280091286,0.0002
2617.0,5.0,0.017483165487647057,0.0002
2618.0,5.0,0.014400464482605457,0.0002
2619.0,5.0,0.02492186240851879,0.0002
2620.0,5.0,0.02627788670361042,0.0002
2621.0,5.0,0.021947037428617477,0.0002
2622.0,5.0,0.01450879406183958,0.0002
2623.0,5.0,0.023985251784324646,0.0002
2624.0,5.0,0.020726555958390236,0.0002
2625.0,5.0,0.018384482711553574,0.0002
2626.0,5.0,0.02054528146982193,0.0002
2627.0,5.0,0.02611917071044445,0.0002
2628.0,5.0,0.023478617891669273,0.0002
2629.0,5.0,0.01657913252711296,0.0002
2630.0,5.0,0.015320336446166039,0.0002
2631.0,5.0,0.020227177068591118,0.0002
2632.0,5.0,0.01693904399871826,0.0002
2633.0,5.0,0.020506545901298523,0.0002
2634.0,5.0,0.016249066218733788,0.0002
2635.0,5.0,0.018672332167625427,0.0002
2636.0,5.0,0.022512145340442657,0.0002
2637.0,5.0,0.0181728508323431,0.0002
2638.0,5.0,0.015712996944785118,0.0002
2639.0,5.0,0.018936406821012497,0.0002
2640.0,5.0,0.01484707836061716,0.0002
2641.0,5.0,0.024902310222387314,0.0002
2642.0,5.0,0.018552575260400772,0.0002
2643.0,5.0,0.019551511853933334,0.0002
2644.0,5.0,0.02355930209159851,0.0002
2645.0,5.0,0.018760619685053825,0.0002
2646.0,5.0,0.014971951022744179,0.0002
2647.0,5.0,0.023044489324092865,0.0002
2648.0,5.0,0.02137105166912079,0.0002
2649.0,5.0,0.020648527890443802,0.0002
2650.0,5.0,0.02301112189888954,0.0002
2651.0,5.0,0.0201735720038414,0.0002
2652.0,5.0,0.021478144451975822,0.0002
2653.0,5.0,0.01710744947195053,0.0002
2654.0,5.0,0.020759664475917816,0.0002
2655.0,5.0,0.01891602762043476,0.0002
2656.0,5.0,0.020421989262104034,0.0002
2657.0,5.0,0.021016336977481842,0.0002
2658.0,5.0,0.01815813034772873,0.0002
2659.0,5.0,0.01594476029276848,0.0002
2660.0,5.0,0.019421454519033432,0.0002
2661.0,5.0,0.016931362450122833,0.0002
2662.0,5.0,0.026239542290568352,0.0002
2663.0,5.0,0.015274237841367722,0.0002
2664.0,5.0,0.02000761777162552,0.0002
2665.0,5.0,0.016631733626127243,0.0002
2666.0,5.0,0.02245948277413845,0.0002
2667.0,5.0,0.018836621195077896,0.0002
2668.0,5.0,0.0170777328312397,0.0002
2669.0,5.0,0.019491838291287422,0.0002
2670.0,5.0,0.02288525179028511,0.0002
2671.0,5.0,0.01877545565366745,0.0002
2672.0,5.0,0.01877828687429428,0.0002
2673.0,5.0,0.02201737090945244,0.0002
2674.0,5.0,0.017392698675394058,0.0002
2675.0,5.0,0.015661055222153664,0.0002
2676.0,5.0,0.020261384546756744,0.0002
2677.0,5.0,0.019578883424401283,0.0002
2678.0,5.0,0.0181545652449131,0.0002
2679.0,5.0,0.014926640316843987,0.0002
2680.0,5.0,0.01973125897347927,0.0002
2681.0,5.0,0.02084827423095703,0.0002
2682.0,5.0,0.0177075807005167,0.0002
2683.0,5.0,0.02291841246187687,0.0002
2684.0,5.0,0.017341725528240204,0.0002
2685.0,5.0,0.019705846905708313,0.0002
2686.0,5.0,0.02562202513217926,0.0002
2687.0,5.0,0.019735243171453476,0.0002
2688.0,5.0,0.018538493663072586,0.0002
2689.0,5.0,0.020900998264551163,0.0002
2690.0,5.0,0.021556325256824493,0.0002
2691.0,5.0,0.018110383301973343,0.0002
2692.0,5.0,0.01829538121819496,0.0002
2693.0,5.0,0.016527075320482254,0.0002
2694.0,5.0,0.0171075277030468,0.0002
2695.0,5.0,0.016701865941286087,0.0002
2696.0,5.0,0.020841823890805244,0.0002
2697.0,5.0,0.02294331043958664,0.0002
2698.0,5.0,0.019060935825109482,0.0002
2699.0,5.0,0.018611358478665352,0.0002
2700.0,5.0,0.017837094143033028,0.0002
2701.0,5.0,0.024432163685560226,0.0002
2702.0,5.0,0.017771901562809944,0.0002
2703.0,5.0,0.021345339715480804,0.0002
2704.0,5.0,0.018972091376781464,0.0002
2705.0,5.0,0.018921848386526108,0.0002
2706.0,5.0,0.02390226162970066,0.0002
2707.0,5.0,0.01766206882894039,0.0002
2708.0,5.0,0.018515221774578094,0.0002
2709.0,5.0,0.018626537173986435,0.0002
2710.0,5.0,0.0178640466183424,0.0002
2711.0,5.0,0.018539778888225555,0.0002
2712.0,5.0,0.019610174000263214,0.0002
2713.0,5.0,0.019143011420965195,0.0002
2714.0,5.0,0.02100653573870659,0.0002
2715.0,5.0,0.019985340535640717,0.0002
2716.0,5.0,0.0204547718167305,0.0002
2717.0,5.0,0.01972818374633789,0.0002
2718.0,5.0,0.01833852007985115,0.0002
2719.0,5.0,0.01922191120684147,0.0002
2720.0,5.0,0.01748708263039589,0.0002
2721.0,5.0,0.018484333530068398,0.0002
2722.0,5.0,0.02045508474111557,0.0002
2723.0,5.0,0.025167521089315414,0.0002
2724.0,5.0,0.02160654217004776,0.0002
2725.0,5.0,0.02104966901242733,0.0002
2726.0,5.0,0.017544731497764587,0.0002
2727.0,5.0,0.023448333144187927,0.0002
2728.0,5.0,0.01276424340903759,0.0002
2729.0,5.0,0.017586711794137955,0.0002
2730.0,5.0,0.02207402139902115,0.0002
2731.0,5.0,0.015385696664452553,0.0002
2732.0,5.0,0.021635569632053375,0.0002
2733.0,5.0,0.018267396837472916,0.0002
2734.0,5.0,0.020218148827552795,0.0002
2735.0,5.0,0.019974391907453537,0.0002
2736.0,5.0,0.018721211701631546,0.0002
2737.0,5.0,0.019772343337535858,0.0002
2738.0,5.0,0.021371427923440933,0.0002
2739.0,5.0,0.0191827192902565,0.0002
2740.0,5.0,0.020829811692237854,0.0002
2741.0,5.0,0.017940480262041092,0.0002
2742.0,5.0,0.019579928368330002,0.0002
2743.0,5.0,0.024253904819488525,0.0002
2744.0,5.0,0.02344096079468727,0.0002
2745.0,5.0,0.015966279432177544,0.0002
2746.0,5.0,0.0212310291826725,0.0002
2747.0,5.0,0.019093366339802742,0.0002
2748.0,5.0,0.01577567681670189,0.0002
2749.0,5.0,0.021125545725226402,0.0002
2750.0,5.0,0.014906104654073715,0.0002
2751.0,5.0,0.01639079861342907,0.0002
2752.0,5.0,0.027458392083644867,0.0002
2753.0,5.0,0.020442204549908638,0.0002
2754.0,5.0,0.018644515424966812,0.0002
2755.0,5.0,0.02058551460504532,0.0002
2756.0,5.0,0.02016696333885193,0.0002
2757.0,5.0,0.02061004936695099,0.0002
2758.0,5.0,0.017461586743593216,0.0002
2759.0,5.0,0.016906794160604477,0.0002
2760.0,5.0,0.022781912237405777,0.0002
2761.0,5.0,0.022491566836833954,0.0002
2762.0,5.0,0.016704268753528595,0.0002
2763.0,5.0,0.02226404659450054,0.0002
2764.0,5.0,0.01490721758455038,0.0002
2765.0,5.0,0.01995575800538063,0.0002
2766.0,5.0,0.017421778291463852,0.0002
2767.0,5.0,0.016340292990207672,0.0002
2768.0,5.0,0.02177261747419834,0.0002
2769.0,5.0,0.02082090824842453,0.0002
2770.0,5.0,0.017633989453315735,0.0002
2771.0,5.0,0.01866932027041912,0.0002
2772.0,5.0,0.02090880088508129,0.0002
2773.0,5.0,0.019757471978664398,0.0002
2774.0,5.0,0.017741572111845016,0.0002
2775.0,5.0,0.021366938948631287,0.0002
2776.0,5.0,0.020160745829343796,0.0002
2777.0,5.0,0.022514719516038895,0.0002
2778.0,5.0,0.018714945763349533,0.0002
2779.0,5.0,0.01814042031764984,0.0002
2780.0,5.0,0.016843289136886597,0.0002
2781.0,5.0,0.017240040004253387,0.0002
2782.0,5.0,0.02282118797302246,0.0002
2783.0,5.0,0.017618320882320404,0.0002
2784.0,5.0,0.020235951989889145,0.0002
2785.0,5.0,0.024355459958314896,0.0002
2786.0,5.0,0.021528776735067368,0.0002
2787.0,5.0,0.017865054309368134,0.0002
2788.0,5.0,0.018573366105556488,0.0002
2789.0,5.0,0.015981951728463173,0.0002
2790.0,5.0,0.021493934094905853,0.0002
2791.0,5.0,0.018756110221147537,0.0002
2792.0,5.0,0.024282876402139664,0.0002
2793.0,5.0,0.019666573032736778,0.0002
2794.0,5.0,0.019688254222273827,0.0002
2795.0,5.0,0.02263421192765236,0.0002
2796.0,5.0,0.017772341147065163,0.0002
2797.0,5.0,0.02258230745792389,0.0002
2798.0,5.0,0.02268303371965885,0.0002
2799.0,5.0,0.019817110151052475,0.0002
2800.0,5.0,0.022741876542568207,0.0002
2801.0,5.0,0.018620412796735764,0.0002
2802.0,5.0,0.015087950974702835,0.0002
2803.0,5.0,0.020409591495990753,0.0002
2804.0,5.0,0.018229737877845764,0.0002
2805.0,5.0,0.02021329663693905,0.0002
2806.0,5.0,0.020494818687438965,0.0002
2807.0,5.0,0.019717920571565628,0.0002
2808.0,5.0,0.021786831319332123,0.0002
2809.0,6.0,0.01861080899834633,0.0002
2810.0,6.0,0.023941807448863983,0.0002
2811.0,6.0,0.016641240566968918,0.0002
2812.0,6.0,0.02028428390622139,0.0002
2813.0,6.0,0.013740429654717445,0.0002
2814.0,6.0,0.01805087924003601,0.0002
2815.0,6.0,0.024113209918141365,0.0002
2816.0,6.0,0.020805329084396362,0.0002
2817.0,6.0,0.023992743343114853,0.0002
2818.0,6.0,0.019686274230480194,0.0002
2819.0,6.0,0.018689502030611038,0.0002
2820.0,6.0,0.014698266983032227,0.0002
2821.0,6.0,0.018181294202804565,0.0002
2822.0,6.0,0.01710689067840576,0.0002
2823.0,6.0,0.014258552342653275,0.0002
2824.0,6.0,0.017266791313886642,0.0002
2825.0,6.0,0.016503438353538513,0.0002
2826.0,6.0,0.01585911028087139,0.0002
2827.0,6.0,0.02245859056711197,0.0002
2828.0,6.0,0.020529910922050476,0.0002
2829.0,6.0,0.020343974232673645,0.0002
2830.0,6.0,0.021236345171928406,0.0002
2831.0,6.0,0.0195146556943655,0.0002
2832.0,6.0,0.025987474247813225,0.0002
2833.0,6.0,0.02241319790482521,0.0002
2834.0,6.0,0.015125339850783348,0.0002
2835.0,6.0,0.017517462372779846,0.0002
2836.0,6.0,0.018030453473329544,0.0002
2837.0,6.0,0.017536289989948273,0.0002
2838.0,6.0,0.019239697605371475,0.0002
2839.0,6.0,0.020383896306157112,0.0002
2840.0,6.0,0.020397502928972244,0.0002
2841.0,6.0,0.0232237596064806,0.0002
2842.0,6.0,0.02012975513935089,0.0002
2843.0,6.0,0.021174371242523193,0.0002
2844.0,6.0,0.02373366430401802,0.0002
2845.0,6.0,0.021106865257024765,0.0002
2846.0,6.0,0.017434515058994293,0.0002
2847.0,6.0,0.018175911158323288,0.0002
2848.0,6.0,0.019304033368825912,0.0002
2849.0,6.0,0.021532030776143074,0.0002
2850.0,6.0,0.018714874982833862,0.0002
2851.0,6.0,0.02729821763932705,0.0002
2852.0,6.0,0.018782097846269608,0.0002
2853.0,6.0,0.01935558207333088,0.0002
2854.0,6.0,0.019823234528303146,0.0002
2855.0,6.0,0.019033703953027725,0.0002
2856.0,6.0,0.018329733982682228,0.0002
2857.0,6.0,0.021922405809164047,0.0002
2858.0,6.0,0.02026038058102131,0.0002
2859.0,6.0,0.02086036093533039,0.0002
2860.0,6.0,0.022960105910897255,0.0002
2861.0,6.0,0.01850854605436325,0.0002
2862.0,6.0,0.01666366495192051,0.0002
2863.0,6.0,0.019495997577905655,0.0002
2864.0,6.0,0.02200886979699135,0.0002
2865.0,6.0,0.021559707820415497,0.0002
2866.0,6.0,0.019977271556854248,0.0002
2867.0,6.0,0.02224363572895527,0.0002
2868.0,6.0,0.01837274804711342,0.0002
2869.0,6.0,0.015178361907601357,0.0002
2870.0,6.0,0.019597262144088745,0.0002
2871.0,6.0,0.018664484843611717,0.0002
2872.0,6.0,0.022865215316414833,0.0002
2873.0,6.0,0.019428391009569168,0.0002
2874.0,6.0,0.018966959789395332,0.0002
2875.0,6.0,0.027923692017793655,0.0002
2876.0,6.0,0.022138331085443497,0.0002
2877.0,6.0,0.018203899264335632,0.0002
2878.0,6.0,0.019002217799425125,0.0002
2879.0,6.0,0.015315607190132141,0.0002
2880.0,6.0,0.018481116741895676,0.0002
2881.0,6.0,0.023736990988254547,0.0002
2882.0,6.0,0.016255371272563934,0.0002
2883.0,6.0,0.02002514898777008,0.0002
2884.0,6.0,0.017305918037891388,0.0002
2885.0,6.0,0.02103681117296219,0.0002
2886.0,6.0,0.02101006731390953,0.0002
2887.0,6.0,0.017105694860219955,0.0002
2888.0,6.0,0.016021788120269775,0.0002
2889.0,6.0,0.014797838404774666,0.0002
2890.0,6.0,0.016105428338050842,0.0002
2891.0,6.0,0.021347710862755775,0.0002
2892.0,6.0,0.02122867852449417,0.0002
2893.0,6.0,0.018384087830781937,0.0002
2894.0,6.0,0.025688346475362778,0.0002
2895.0,6.0,0.023961924016475677,0.0002
2896.0,6.0,0.018811289221048355,0.0002
2897.0,6.0,0.01891104131937027,0.0002
2898.0,6.0,0.024340759962797165,0.0002
2899.0,6.0,0.017039524391293526,0.0002
2900.0,6.0,0.024481624364852905,0.0002
2901.0,6.0,0.015351487323641777,0.0002
2902.0,6.0,0.017882090061903,0.0002
2903.0,6.0,0.02159157022833824,0.0002
2904.0,6.0,0.020755557343363762,0.0002
2905.0,6.0,0.016699519008398056,0.0002
2906.0,6.0,0.016543323174118996,0.0002
2907.0,6.0,0.01641739159822464,0.0002
2908.0,6.0,0.017271224409341812,0.0002
2909.0,6.0,0.019642900675535202,0.0002
2910.0,6.0,0.018247440457344055,0.0002
2911.0,6.0,0.02129032090306282,0.0002
2912.0,6.0,0.01803898811340332,0.0002
2913.0,6.0,0.021188879385590553,0.0002
2914.0,6.0,0.020673852413892746,0.0002
2915.0,6.0,0.013990169391036034,0.0002
2916.0,6.0,0.020405026152729988,0.0002
2917.0,6.0,0.02599141001701355,0.0002
2918.0,6.0,0.02288445457816124,0.0002
2919.0,6.0,0.01801281049847603,0.0002
2920.0,6.0,0.019919592887163162,0.0002
2921.0,6.0,0.017496734857559204,0.0002
2922.0,6.0,0.019846929237246513,0.0002
2923.0,6.0,0.020889248698949814,0.0002
2924.0,6.0,0.016949594020843506,0.0002
2925.0,6.0,0.02006770670413971,0.0002
2926.0,6.0,0.019067587330937386,0.0002
2927.0,6.0,0.020038863644003868,0.0002
2928.0,6.0,0.014146493747830391,0.0002
2929.0,6.0,0.017257368192076683,0.0002
2930.0,6.0,0.019569741562008858,0.0002
2931.0,6.0,0.0157858245074749,0.0002
2932.0,6.0,0.01795060560107231,0.0002
2933.0,6.0,0.020059634000062943,0.0002
2934.0,6.0,0.016288043931126595,0.0002
2935.0,6.0,0.016639400273561478,0.0002
2936.0,6.0,0.020806126296520233,0.0002
2937.0,6.0,0.021510738879442215,0.0002
2938.0,6.0,0.017212992534041405,0.0002
2939.0,6.0,0.01717975363135338,0.0002
2940.0,6.0,0.017611727118492126,0.0002
2941.0,6.0,0.021068232133984566,0.0002
2942.0,6.0,0.02130594663321972,0.0002
2943.0,6.0,0.01916588842868805,0.0002
2944.0,6.0,0.019587695598602295,0.0002
2945.0,6.0,0.016078636050224304,0.0002
2946.0,6.0,0.020214512944221497,0.0002
2947.0,6.0,0.019609538838267326,0.0002
2948.0,6.0,0.01883579045534134,0.0002
2949.0,6.0,0.021564912050962448,0.0002
2950.0,6.0,0.014705369248986244,0.0002
2951.0,6.0,0.014143523760139942,0.0002
2952.0,6.0,0.021313577890396118,0.0002
2953.0,6.0,0.016409775242209435,0.0002
2954.0,6.0,0.016359496861696243,0.0002
2955.0,6.0,0.022946292534470558,0.0002
2956.0,6.0,0.020092274993658066,0.0002
2957.0,6.0,0.02426690235733986,0.0002
2958.0,6.0,0.0211908221244812,0.0002
2959.0,6.0,0.01286325603723526,0.0002
2960.0,6.0,0.018777426332235336,0.0002
2961.0,6.0,0.01949487440288067,0.0002
2962.0,6.0,0.019459646195173264,0.0002
2963.0,6.0,0.016039807349443436,0.0002
2964.0,6.0,0.02186795324087143,0.0002
2965.0,6.0,0.016151271760463715,0.0002
2966.0,6.0,0.017851414158940315,0.0002
2967.0,6.0,0.01632901094853878,0.0002
2968.0,6.0,0.019438717514276505,0.0002
2969.0,6.0,0.02032403275370598,0.0002
2970.0,6.0,0.02428143098950386,0.0002
2971.0,6.0,0.019906003028154373,0.0002
2972.0,6.0,0.016201097518205643,0.0002
2973.0,6.0,0.018495697528123856,0.0002
2974.0,6.0,0.019166138023138046,0.0002
2975.0,6.0,0.024445656687021255,0.0002
2976.0,6.0,0.02239806205034256,0.0002
2977.0,6.0,0.01947547122836113,0.0002
2978.0,6.0,0.020804619416594505,0.0002
2979.0,6.0,0.01874309964478016,0.0002
2980.0,6.0,0.01557930652052164,0.0002
2981.0,6.0,0.019489452242851257,0.0002
2982.0,6.0,0.018068838864564896,0.0002
2983.0,6.0,0.017569463700056076,0.0002
2984.0,6.0,0.015753624960780144,0.0002
2985.0,6.0,0.020729007199406624,0.0002
2986.0,6.0,0.016726478934288025,0.0002
2987.0,6.0,0.02048901468515396,0.0002
2988.0,6.0,0.019674792885780334,0.0002
2989.0,6.0,0.016491396352648735,0.0002
2990.0,6.0,0.021253110840916634,0.0002
2991.0,6.0,0.017502930015325546,0.0002
2992.0,6.0,0.018672212958335876,0.0002
2993.0,6.0,0.014815041795372963,0.0002
2994.0,6.0,0.018577806651592255,0.0002
2995.0,6.0,0.018750259652733803,0.0002
2996.0,6.0,0.019503168761730194,0.0002
2997.0,6.0,0.023313429206609726,0.0002
2998.0,6.0,0.01664443127810955,0.0002
2999.0,6.0,0.014504194259643555,0.0002
3000.0,6.0,0.014690113253891468,0.0002
3001.0,6.0,0.01959698647260666,0.0002
3002.0,6.0,0.015986859798431396,0.0002
3003.0,6.0,0.020054403692483902,0.0002
3004.0,6.0,0.01929795928299427,0.0002
3005.0,6.0,0.01902986690402031,0.0002
3006.0,6.0,0.019411180168390274,0.0002
3007.0,6.0,0.015592029318213463,0.0002
3008.0,6.0,0.01903737708926201,0.0002
3009.0,6.0,0.021512193605303764,0.0002
3010.0,6.0,0.01825653575360775,0.0002
3011.0,6.0,0.019105538725852966,0.0002
3012.0,6.0,0.017322489991784096,0.0002
3013.0,6.0,0.015534156933426857,0.0002
3014.0,6.0,0.01834811270236969,0.0002
3015.0,6.0,0.024591956287622452,0.0002
3016.0,6.0,0.021812360733747482,0.0002
3017.0,6.0,0.015816237777471542,0.0002
3018.0,6.0,0.018101880326867104,0.0002
3019.0,6.0,0.019247956573963165,0.0002
3020.0,6.0,0.02903446927666664,0.0002
3021.0,6.0,0.01858070120215416,0.0002
3022.0,6.0,0.019605332985520363,0.0002
3023.0,6.0,0.02080872282385826,0.0002
3024.0,6.0,0.018138516694307327,0.0002
3025.0,6.0,0.022721249610185623,0.0002
3026.0,6.0,0.021530669182538986,0.0002
3027.0,6.0,0.021262170746922493,0.0002
3028.0,6.0,0.01767059415578842,0.0002
3029.0,6.0,0.022875681519508362,0.0002
3030.0,6.0,0.014242652803659439,0.0002
3031.0,6.0,0.018617313355207443,0.0002
3032.0,6.0,0.018980659544467926,0.0002
3033.0,6.0,0.01610064134001732,0.0002
3034.0,6.0,0.021518871188163757,0.0002
3035.0,6.0,0.016270197927951813,0.0002
3036.0,6.0,0.018874019384384155,0.0002
3037.0,6.0,0.023570207878947258,0.0002
3038.0,6.0,0.019254181534051895,0.0002
3039.0,6.0,0.02156846597790718,0.0002
3040.0,6.0,0.01604452356696129,0.0002
3041.0,6.0,0.021651145070791245,0.0002
3042.0,6.0,0.020013844594359398,0.0002
3043.0,6.0,0.01713627763092518,0.0002
3044.0,6.0,0.016804667189717293,0.0002
3045.0,6.0,0.01800837740302086,0.0002
3046.0,6.0,0.016566433012485504,0.0002
3047.0,6.0,0.01477892231196165,0.0002
3048.0,6.0,0.021146029233932495,0.0002
3049.0,6.0,0.02195594273507595,0.0002
3050.0,6.0,0.017699342221021652,0.0002
3051.0,6.0,0.014976621605455875,0.0002
3052.0,6.0,0.014935504645109177,0.0002
3053.0,6.0,0.01699056476354599,0.0002
3054.0,6.0,0.018541963770985603,0.0002
3055.0,6.0,0.016733186319470406,0.0002
3056.0,6.0,0.021692106500267982,0.0002
3057.0,6.0,0.019128799438476562,0.0002
3058.0,6.0,0.020944729447364807,0.0002
3059.0,6.0,0.018594011664390564,0.0002
3060.0,6.0,0.02202816680073738,0.0002
3061.0,6.0,0.01820152997970581,0.0002
3062.0,6.0,0.020482882857322693,0.0002
3063.0,6.0,0.015805676579475403,0.0002
3064.0,6.0,0.01513142790645361,0.0002
3065.0,6.0,0.021180342882871628,0.0002
3066.0,6.0,0.017334502190351486,0.0002
3067.0,6.0,0.015205212868750095,0.0002
3068.0,6.0,0.015599492006003857,0.0002
3069.0,6.0,0.018152732402086258,0.0002
3070.0,6.0,0.018956176936626434,0.0002
3071.0,6.0,0.025369146838784218,0.0002
3072.0,6.0,0.018543828278779984,0.0002
3073.0,6.0,0.017503630369901657,0.0002
3074.0,6.0,0.018947292119264603,0.0002
3075.0,6.0,0.018086744472384453,0.0002
3076.0,6.0,0.019176935777068138,0.0002
3077.0,6.0,0.013041611760854721,0.0002
3078.0,6.0,0.0207318477332592,0.0002
3079.0,6.0,0.015556836500763893,0.0002
3080.0,6.0,0.02075982093811035,0.0002
3081.0,6.0,0.017883237451314926,0.0002
3082.0,6.0,0.01941453106701374,0.0002
3083.0,6.0,0.01628277823328972,0.0002
3084.0,6.0,0.017917297780513763,0.0002
3085.0,6.0,0.017738696187734604,0.0002
3086.0,6.0,0.017820479348301888,0.0002
3087.0,6.0,0.02311805635690689,0.0002
3088.0,6.0,0.01761380210518837,0.0002
3089.0,6.0,0.024738147854804993,0.0002
3090.0,6.0,0.020730257034301758,0.0002
3091.0,6.0,0.020808294415473938,0.0002
3092.0,6.0,0.01872284710407257,0.0002
3093.0,6.0,0.014652237296104431,0.0002
3094.0,6.0,0.02004936710000038,0.0002
3095.0,6.0,0.018242238089442253,0.0002
3096.0,6.0,0.017821064218878746,0.0002
3097.0,6.0,0.020789390429854393,0.0002
3098.0,6.0,0.019975949078798294,0.0002
3099.0,6.0,0.019500402733683586,0.0002
3100.0,6.0,0.016234582290053368,0.0002
3101.0,6.0,0.020078137516975403,0.0002
3102.0,6.0,0.02032402902841568,0.0002
3103.0,6.0,0.01748622953891754,0.0002
3104.0,6.0,0.015638619661331177,0.0002
3105.0,6.0,0.019898487254977226,0.0002
3106.0,6.0,0.017688807100057602,0.0002
3107.0,6.0,0.015072457492351532,0.0002
3108.0,6.0,0.017345473170280457,0.0002
3109.0,6.0,0.014814021065831184,0.0002
3110.0,6.0,0.018065238371491432,0.0002
3111.0,6.0,0.02269846946001053,0.0002
3112.0,6.0,0.016645677387714386,0.0002
3113.0,6.0,0.013943505473434925,0.0002
3114.0,6.0,0.017054561525583267,0.0002
3115.0,6.0,0.019987192004919052,0.0002
3116.0,6.0,0.01766955852508545,0.0002
3117.0,6.0,0.021074607968330383,0.0002
3118.0,6.0,0.016719192266464233,0.0002
3119.0,6.0,0.018054170534014702,0.0002
3120.0,6.0,0.019155126065015793,0.0002
3121.0,6.0,0.021114526316523552,0.0002
3122.0,6.0,0.019479595124721527,0.0002
3123.0,6.0,0.01905594766139984,0.0002
3124.0,6.0,0.02027209848165512,0.0002
3125.0,6.0,0.01658722013235092,0.0002
3126.0,6.0,0.019656097516417503,0.0002
3127.0,6.0,0.014762316830456257,0.0002
3128.0,6.0,0.021745219826698303,0.0002
3129.0,6.0,0.01708390936255455,0.0002
3130.0,6.0,0.02566077746450901,0.0002
3131.0,6.0,0.015326518565416336,0.0002
3132.0,6.0,0.018303975462913513,0.0002
3133.0,6.0,0.020452722907066345,0.0002
3134.0,6.0,0.021007539704442024,0.0002
3135.0,6.0,0.018237322568893433,0.0002
3136.0,6.0,0.019912786781787872,0.0002
3137.0,6.0,0.018676307052373886,0.0002
3138.0,6.0,0.017086394131183624,0.0002
3139.0,6.0,0.021973062306642532,0.0002
3140.0,6.0,0.01813749223947525,0.0002
3141.0,6.0,0.01662273332476616,0.0002
3142.0,6.0,0.022921664640307426,0.0002
3143.0,6.0,0.015508417971432209,0.0002
3144.0,6.0,0.017098134383559227,0.0002
3145.0,6.0,0.01916995458304882,0.0002
3146.0,6.0,0.021538706496357918,0.0002
3147.0,6.0,0.020161103457212448,0.0002
3148.0,6.0,0.020526017993688583,0.0002
3149.0,6.0,0.01620577462017536,0.0002
3150.0,6.0,0.016410665586590767,0.0002
3151.0,6.0,0.01821070909500122,0.0002
3152.0,6.0,0.019939148798584938,0.0002
3153.0,6.0,0.023640917614102364,0.0002
3154.0,6.0,0.020946698263287544,0.0002
3155.0,6.0,0.018082696944475174,0.0002
3156.0,6.0,0.021057311445474625,0.0002
3157.0,6.0,0.020962335169315338,0.0002
3158.0,6.0,0.01826578937470913,0.0002
3159.0,6.0,0.021807905286550522,0.0002
3160.0,6.0,0.017932012677192688,0.0002
3161.0,6.0,0.017111806198954582,0.0002
3162.0,6.0,0.01872284710407257,0.0002
3163.0,6.0,0.015055621042847633,0.0002
3164.0,6.0,0.020387880504131317,0.0002
3165.0,6.0,0.020930057391524315,0.0002
3166.0,6.0,0.01977190561592579,0.0002
3167.0,6.0,0.01846855692565441,0.0002
3168.0,6.0,0.013169917277991772,0.0002
3169.0,6.0,0.021111374720931053,0.0002
3170.0,6.0,0.02090594917535782,0.0002
3171.0,6.0,0.017748598009347916,0.0002
3172.0,6.0,0.01753256842494011,0.0002
3173.0,6.0,0.01922519877552986,0.0002
3174.0,6.0,0.016901129856705666,0.0002
3175.0,6.0,0.015032383613288403,0.0002
3176.0,6.0,0.01625235751271248,0.0002
3177.0,6.0,0.020115060731768608,0.0002
3178.0,6.0,0.02167479135096073,0.0002
3179.0,6.0,0.017224222421646118,0.0002
3180.0,6.0,0.021663524210453033,0.0002
3181.0,6.0,0.014675069600343704,0.0002
3182.0,6.0,0.020667824894189835,0.0002
3183.0,6.0,0.02042202278971672,0.0002
3184.0,6.0,0.01738426834344864,0.0002
3185.0,6.0,0.015248804353177547,0.0002
3186.0,6.0,0.019982613623142242,0.0002
3187.0,6.0,0.01855688914656639,0.0002
3188.0,6.0,0.022552315145730972,0.0002
3189.0,6.0,0.023122915998101234,0.0002
3190.0,6.0,0.016795950010418892,0.0002
3191.0,6.0,0.01912575401365757,0.0002
3192.0,6.0,0.01941937580704689,0.0002
3193.0,6.0,0.019567353650927544,0.0002
3194.0,6.0,0.023693934082984924,0.0002
3195.0,6.0,0.020781829953193665,0.0002
3196.0,6.0,0.020502844825387,0.0002
3197.0,6.0,0.023408275097608566,0.0002
3198.0,6.0,0.020225917920470238,0.0002
3199.0,6.0,0.019774794578552246,0.0002
3200.0,6.0,0.015749577432870865,0.0002
3201.0,6.0,0.01810426265001297,0.0002
3202.0,6.0,0.016703035682439804,0.0002
3203.0,6.0,0.021853173151612282,0.0002
3204.0,6.0,0.019447654485702515,0.0002
3205.0,6.0,0.024870119988918304,0.0002
3206.0,6.0,0.013894980773329735,0.0002
3207.0,6.0,0.019798753783106804,0.0002
3208.0,6.0,0.018854383379220963,0.0002
3209.0,6.0,0.0158343855291605,0.0002
3210.0,6.0,0.02130626142024994,0.0002
3211.0,6.0,0.016961637884378433,0.0002
3212.0,6.0,0.022817887365818024,0.0002
3213.0,6.0,0.019987663254141808,0.0002
3214.0,6.0,0.020076710730791092,0.0002
3215.0,6.0,0.018152356147766113,0.0002
3216.0,6.0,0.017595069482922554,0.0002
3217.0,6.0,0.011718576774001122,0.0002
3218.0,6.0,0.011251552030444145,0.0002
3219.0,6.0,0.024575740098953247,0.0002
3220.0,6.0,0.01731402426958084,0.0002
3221.0,6.0,0.01971255987882614,0.0002
3222.0,6.0,0.015416206791996956,0.0002
3223.0,6.0,0.014840681105852127,0.0002
3224.0,6.0,0.0199047289788723,0.0002
3225.0,6.0,0.0201185941696167,0.0002
3226.0,6.0,0.022848695516586304,0.0002
3227.0,6.0,0.019030701369047165,0.0002
3228.0,6.0,0.020723802968859673,0.0002
3229.0,6.0,0.0152034442871809,0.0002
3230.0,6.0,0.018158473074436188,0.0002
3231.0,6.0,0.01804712414741516,0.0002
3232.0,6.0,0.02089759334921837,0.0002
3233.0,6.0,0.02012338489294052,0.0002
3234.0,6.0,0.015884242951869965,0.0002
3235.0,6.0,0.019604552537202835,0.0002
3236.0,6.0,0.018825100734829903,0.0002
3237.0,6.0,0.016795463860034943,0.0002
3238.0,6.0,0.01658405363559723,0.0002
3239.0,6.0,0.014382092282176018,0.0002
3240.0,6.0,0.019540341570973396,0.0002
3241.0,6.0,0.019588511437177658,0.0002
3242.0,6.0,0.01736837811768055,0.0002
3243.0,6.0,0.01762733794748783,0.0002
3244.0,6.0,0.018672730773687363,0.0002
3245.0,6.0,0.021802498027682304,0.0002
3246.0,6.0,0.02078947424888611,0.0002
3247.0,6.0,0.02189064398407936,0.0002
3248.0,6.0,0.019293595105409622,0.0002
3249.0,6.0,0.014981250278651714,0.0002
3250.0,6.0,0.02038789913058281,0.0002
3251.0,6.0,0.014659791253507137,0.0002
3252.0,6.0,0.019658170640468597,0.0002
3253.0,6.0,0.01843692734837532,0.0002
3254.0,6.0,0.021285997703671455,0.0002
3255.0,6.0,0.017403248697519302,0.0002
3256.0,6.0,0.019835207611322403,0.0002
3257.0,6.0,0.015204770490527153,0.0002
3258.0,6.0,0.018092704936861992,0.0002
3259.0,6.0,0.0236486978828907,0.0002
3260.0,6.0,0.01856233738362789,0.0002
3261.0,6.0,0.017614983022212982,0.0002
3262.0,6.0,0.018748857080936432,0.0002
3263.0,6.0,0.01776828058063984,0.0002
3264.0,6.0,0.017092149704694748,0.0002
3265.0,6.0,0.016333533450961113,0.0002
3266.0,6.0,0.013208139687776566,0.0002
3267.0,6.0,0.019725274294614792,0.0002
3268.0,6.0,0.01839238405227661,0.0002
3269.0,6.0,0.022461481392383575,0.0002
3270.0,6.0,0.018735527992248535,0.0002
3271.0,6.0,0.018750019371509552,0.0002
3272.0,6.0,0.018225684762001038,0.0002
3273.0,6.0,0.019549747928977013,0.0002
3274.0,6.0,0.023127522319555283,0.0002
3275.0,6.0,0.019345980137586594,0.0002
3276.0,6.0,0.024311810731887817,0.0002
3277.0,7.0,0.021724577993154526,0.0002
3278.0,7.0,0.017132777720689774,0.0002
3279.0,7.0,0.018002169206738472,0.0002
3280.0,7.0,0.016840798780322075,0.0002
3281.0,7.0,0.01733921468257904,0.0002
3282.0,7.0,0.02026951313018799,0.0002
3283.0,7.0,0.023990627378225327,0.0002
3284.0,7.0,0.021471265703439713,0.0002
3285.0,7.0,0.019684895873069763,0.0002
3286.0,7.0,0.02188015729188919,0.0002
3287.0,7.0,0.02132914587855339,0.0002
3288.0,7.0,0.01883716695010662,0.0002
3289.0,7.0,0.020453112199902534,0.0002
3290.0,7.0,0.0161883682012558,0.0002
3291.0,7.0,0.014777809381484985,0.0002
3292.0,7.0,0.017413314431905746,0.0002
3293.0,7.0,0.01641472429037094,0.0002
3294.0,7.0,0.020777598023414612,0.0002
3295.0,7.0,0.013617251068353653,0.0002
3296.0,7.0,0.016602247953414917,0.0002
3297.0,7.0,0.015561988577246666,0.0002
3298.0,7.0,0.016124317422509193,0.0002
3299.0,7.0,0.017689421772956848,0.0002
3300.0,7.0,0.018195873126387596,0.0002
3301.0,7.0,0.017960485070943832,0.0002
3302.0,7.0,0.015548785217106342,0.0002
3303.0,7.0,0.0191446952521801,0.0002
3304.0,7.0,0.02163815125823021,0.0002
3305.0,7.0,0.01923094131052494,0.0002
3306.0,7.0,0.016701307147741318,0.0002
3307.0,7.0,0.015921277925372124,0.0002
3308.0,7.0,0.016681931912899017,0.0002
3309.0,7.0,0.013106860220432281,0.0002
3310.0,7.0,0.021640554070472717,0.0002
3311.0,7.0,0.016592539846897125,0.0002
3312.0,7.0,0.01680954359471798,0.0002
3313.0,7.0,0.018870465457439423,0.0002
3314.0,7.0,0.02179112657904625,0.0002
3315.0,7.0,0.018039477989077568,0.0002
3316.0,7.0,0.02136428840458393,0.0002
3317.0,7.0,0.019239842891693115,0.0002
3318.0,7.0,0.01863962784409523,0.0002
3319.0,7.0,0.022075768560171127,0.0002
3320.0,7.0,0.018666710704565048,0.0002
3321.0,7.0,0.02054869569838047,0.0002
3322.0,7.0,0.01750968210399151,0.0002
3323.0,7.0,0.015631843358278275,0.0002
3324.0,7.0,0.016494205221533775,0.0002
3325.0,7.0,0.017929937690496445,0.0002
3326.0,7.0,0.019039493054151535,0.0002
3327.0,7.0,0.014041168615221977,0.0002
3328.0,7.0,0.02456658147275448,0.0002
3329.0,7.0,0.017736369743943214,0.0002
3330.0,7.0,0.018730781972408295,0.0002
3331.0,7.0,0.025654379278421402,0.0002
3332.0,7.0,0.020342303439974785,0.0002
3333.0,7.0,0.017536815255880356,0.0002
3334.0,7.0,0.015136683359742165,0.0002
3335.0,7.0,0.018400367349386215,0.0002
3336.0,7.0,0.019305866211652756,0.0002
3337.0,7.0,0.016130520030856133,0.0002
3338.0,7.0,0.01850801520049572,0.0002
3339.0,7.0,0.02239585667848587,0.0002
3340.0,7.0,0.017916055396199226,0.0002
3341.0,7.0,0.01716005988419056,0.0002
3342.0,7.0,0.01664634793996811,0.0002
3343.0,7.0,0.01906478777527809,0.0002
3344.0,7.0,0.016073016449809074,0.0002
3345.0,7.0,0.01754477620124817,0.0002
3346.0,7.0,0.01698961853981018,0.0002
3347.0,7.0,0.01732167787849903,0.0002
3348.0,7.0,0.01887444406747818,0.0002
3349.0,7.0,0.020161200314760208,0.0002
3350.0,7.0,0.019055724143981934,0.0002
3351.0,7.0,0.01882452890276909,0.0002
3352.0,7.0,0.01933141238987446,0.0002
3353.0,7.0,0.018300842493772507,0.0002
3354.0,7.0,0.01782076433300972,0.0002
3355.0,7.0,0.014971009455621243,0.0002
3356.0,7.0,0.016256805509328842,0.0002
3357.0,7.0,0.01773003488779068,0.0002
3358.0,7.0,0.021644502878189087,0.0002
3359.0,7.0,0.02035665139555931,0.0002
3360.0,7.0,0.021209899336099625,0.0002
3361.0,7.0,0.014975902624428272,0.0002
3362.0,7.0,0.015406643971800804,0.0002
3363.0,7.0,0.015690740197896957,0.0002
3364.0,7.0,0.015913402661681175,0.0002
3365.0,7.0,0.021393880248069763,0.0002
3366.0,7.0,0.022965338081121445,0.0002
3367.0,7.0,0.018091358244419098,0.0002
3368.0,7.0,0.018611997365951538,0.0002
3369.0,7.0,0.019415700808167458,0.0002
3370.0,7.0,0.018505221232771873,0.0002
3371.0,7.0,0.017842791974544525,0.0002
3372.0,7.0,0.019019413739442825,0.0002
3373.0,7.0,0.01579427532851696,0.0002
3374.0,7.0,0.01963304728269577,0.0002
3375.0,7.0,0.01770733669400215,0.0002
3376.0,7.0,0.01781955361366272,0.0002
3377.0,7.0,0.02057693898677826,0.0002
3378.0,7.0,0.018183834850788116,0.0002
3379.0,7.0,0.020282277837395668,0.0002
3380.0,7.0,0.01743679866194725,0.0002
3381.0,7.0,0.017345495522022247,0.0002
3382.0,7.0,0.014845297671854496,0.0002
3383.0,7.0,0.015494447201490402,0.0002
3384.0,7.0,0.022163448855280876,0.0002
3385.0,7.0,0.019506318494677544,0.0002
3386.0,7.0,0.015766002237796783,0.0002
3387.0,7.0,0.01935061626136303,0.0002
3388.0,7.0,0.019481271505355835,0.0002
3389.0,7.0,0.02144274301826954,0.0002
3390.0,7.0,0.014893502928316593,0.0002
3391.0,7.0,0.016993192955851555,0.0002
3392.0,7.0,0.015268413349986076,0.0002
3393.0,7.0,0.016501888632774353,0.0002
3394.0,7.0,0.016657063737511635,0.0002
3395.0,7.0,0.01646149903535843,0.0002
3396.0,7.0,0.021288007497787476,0.0002
3397.0,7.0,0.021538447588682175,0.0002
3398.0,7.0,0.015444674529135227,0.0002
3399.0,7.0,0.01614818163216114,0.0002
3400.0,7.0,0.018400888890028,0.0002
3401.0,7.0,0.018590224906802177,0.0002
3402.0,7.0,0.02021283097565174,0.0002
3403.0,7.0,0.015744615346193314,0.0002
3404.0,7.0,0.019156429916620255,0.0002
3405.0,7.0,0.01880059391260147,0.0002
3406.0,7.0,0.015854638069868088,0.0002
3407.0,7.0,0.02085464634001255,0.0002
3408.0,7.0,0.01981288567185402,0.0002
3409.0,7.0,0.018162405118346214,0.0002
3410.0,7.0,0.020202593877911568,0.0002
3411.0,7.0,0.016422955319285393,0.0002
3412.0,7.0,0.015745270997285843,0.0002
3413.0,7.0,0.01679062470793724,0.0002
3414.0,7.0,0.012393232434988022,0.0002
3415.0,7.0,0.015482894144952297,0.0002
3416.0,7.0,0.020028356462717056,0.0002
3417.0,7.0,0.02401505783200264,0.0002
3418.0,7.0,0.014485407620668411,0.0002
3419.0,7.0,0.017488550394773483,0.0002
3420.0,7.0,0.020631881430745125,0.0002
3421.0,7.0,0.018244953826069832,0.0002
3422.0,7.0,0.017323452979326248,0.0002
3423.0,7.0,0.0150858573615551,0.0002
3424.0,7.0,0.021134691312909126,0.0002
3425.0,7.0,0.0202044490724802,0.0002
3426.0,7.0,0.020243734121322632,0.0002
3427.0,7.0,0.01617325283586979,0.0002
3428.0,7.0,0.017752476036548615,0.0002
3429.0,7.0,0.018391989171504974,0.0002
3430.0,7.0,0.016928603872656822,0.0002
3431.0,7.0,0.015935704112052917,0.0002
3432.0,7.0,0.01900811865925789,0.0002
3433.0,7.0,0.02019457146525383,0.0002
3434.0,7.0,0.015085222199559212,0.0002
3435.0,7.0,0.02260453999042511,0.0002
3436.0,7.0,0.019341234117746353,0.0002
3437.0,7.0,0.020313862711191177,0.0002
3438.0,7.0,0.01529522705823183,0.0002
3439.0,7.0,0.01760926842689514,0.0002
3440.0,7.0,0.021693654358386993,0.0002
3441.0,7.0,0.015453167259693146,0.0002
3442.0,7.0,0.018571887165308,0.0002
3443.0,7.0,0.015515855513513088,0.0002
3444.0,7.0,0.017032207921147346,0.0002
3445.0,7.0,0.020390592515468597,0.0002
3446.0,7.0,0.02032092958688736,0.0002
3447.0,7.0,0.017080392688512802,0.0002
3448.0,7.0,0.022337166592478752,0.0002
3449.0,7.0,0.019691292196512222,0.0002
3450.0,7.0,0.020822064951062202,0.0002
3451.0,7.0,0.017694521695375443,0.0002
3452.0,7.0,0.014245932921767235,0.0002
3453.0,7.0,0.018227607011795044,0.0002
3454.0,7.0,0.017934346571564674,0.0002
3455.0,7.0,0.014462593011558056,0.0002
3456.0,7.0,0.02568051964044571,0.0002
3457.0,7.0,0.018860891461372375,0.0002
3458.0,7.0,0.024941932410001755,0.0002
3459.0,7.0,0.01644059084355831,0.0002
3460.0,7.0,0.019130952656269073,0.0002
3461.0,7.0,0.018483653664588928,0.0002
3462.0,7.0,0.016024651005864143,0.0002
3463.0,7.0,0.016223210841417313,0.0002
3464.0,7.0,0.016033856198191643,0.0002
3465.0,7.0,0.01550066377967596,0.0002
3466.0,7.0,0.015456481836736202,0.0002
3467.0,7.0,0.022292498499155045,0.0002
3468.0,7.0,0.019065389409661293,0.0002
3469.0,7.0,0.018473509699106216,0.0002
3470.0,7.0,0.015163978561758995,0.0002
3471.0,7.0,0.02046438865363598,0.0002
3472.0,7.0,0.0157985407859087,0.0002
3473.0,7.0,0.0215890072286129,0.0002
3474.0,7.0,0.01798110455274582,0.0002
3475.0,7.0,0.020271848887205124,0.0002
3476.0,7.0,0.018480772152543068,0.0002
3477.0,7.0,0.01965719647705555,0.0002
3478.0,7.0,0.015211548656225204,0.0002
3479.0,7.0,0.017465025186538696,0.0002
3480.0,7.0,0.018526259809732437,0.0002
3481.0,7.0,0.018220283091068268,0.0002
3482.0,7.0,0.019778531044721603,0.0002
3483.0,7.0,0.023355260491371155,0.0002
3484.0,7.0,0.016799453645944595,0.0002
3485.0,7.0,0.021638525649905205,0.0002
3486.0,7.0,0.01908477209508419,0.0002
3487.0,7.0,0.016981659457087517,0.0002
3488.0,7.0,0.017119739204645157,0.0002
3489.0,7.0,0.01618369296193123,0.0002
3490.0,7.0,0.018143707886338234,0.0002
3491.0,7.0,0.017199257388710976,0.0002
3492.0,7.0,0.01672680303454399,0.0002
3493.0,7.0,0.02121705375611782,0.0002
3494.0,7.0,0.018977168947458267,0.0002
3495.0,7.0,0.014386896975338459,0.0002
3496.0,7.0,0.0174470916390419,0.0002
3497.0,7.0,0.014363007619976997,0.0002
3498.0,7.0,0.01913827657699585,0.0002
3499.0,7.0,0.018622800707817078,0.0002
3500.0,7.0,0.026103701442480087,0.0002
3501.0,7.0,0.013773946091532707,0.0002
3502.0,7.0,0.018131110817193985,0.0002
3503.0,7.0,0.017439136281609535,0.0002
3504.0,7.0,0.018935374915599823,0.0002
3505.0,7.0,0.015117581933736801,0.0002
3506.0,7.0,0.016837693750858307,0.0002
3507.0,7.0,0.020380305126309395,0.0002
3508.0,7.0,0.022579407319426537,0.0002
3509.0,7.0,0.019991647452116013,0.0002
3510.0,7.0,0.01844417303800583,0.0002
3511.0,7.0,0.015230165794491768,0.0002
3512.0,7.0,0.024347476661205292,0.0002
3513.0,7.0,0.018430868163704872,0.0002
3514.0,7.0,0.01917613483965397,0.0002
3515.0,7.0,0.017636986449360847,0.0002
3516.0,7.0,0.01669441908597946,0.0002
3517.0,7.0,0.015121674165129662,0.0002
3518.0,7.0,0.019023839384317398,0.0002
3519.0,7.0,0.022147653624415398,0.0002
3520.0,7.0,0.01843610778450966,0.0002
3521.0,7.0,0.019644979387521744,0.0002
3522.0,7.0,0.01728801243007183,0.0002
3523.0,7.0,0.01727224886417389,0.0002
3524.0,7.0,0.020093174651265144,0.0002
3525.0,7.0,0.016290990635752678,0.0002
3526.0,7.0,0.015954917296767235,0.0002
3527.0,7.0,0.01949642039835453,0.0002
3528.0,7.0,0.01512172631919384,0.0002
3529.0,7.0,0.016709214076399803,0.0002
3530.0,7.0,0.021320395171642303,0.0002
3531.0,7.0,0.02205478586256504,0.0002
3532.0,7.0,0.018894203007221222,0.0002
3533.0,7.0,0.01974284090101719,0.0002
3534.0,7.0,0.021837498992681503,0.0002
3535.0,7.0,0.01723349653184414,0.0002
3536.0,7.0,0.019120829179883003,0.0002
3537.0,7.0,0.02087647095322609,0.0002
3538.0,7.0,0.017480773851275444,0.0002
3539.0,7.0,0.022165892645716667,0.0002
3540.0,7.0,0.01865336298942566,0.0002
3541.0,7.0,0.019093552604317665,0.0002
3542.0,7.0,0.016534633934497833,0.0002
3543.0,7.0,0.02063414826989174,0.0002
3544.0,7.0,0.016789335757493973,0.0002
3545.0,7.0,0.02428564429283142,0.0002
3546.0,7.0,0.021307263523340225,0.0002
3547.0,7.0,0.01831943169236183,0.0002
3548.0,7.0,0.019192758947610855,0.0002
3549.0,7.0,0.0137021504342556,0.0002
3550.0,7.0,0.018658777698874474,0.0002
3551.0,7.0,0.016871115192770958,0.0002
3552.0,7.0,0.02164839766919613,0.0002
3553.0,7.0,0.015420629642903805,0.0002
3554.0,7.0,0.016179213300347328,0.0002
3555.0,7.0,0.015249723568558693,0.0002
3556.0,7.0,0.016919929534196854,0.0002
3557.0,7.0,0.014365999028086662,0.0002
3558.0,7.0,0.012790301814675331,0.0002
3559.0,7.0,0.019841879606246948,0.0002
3560.0,7.0,0.015430232509970665,0.0002
3561.0,7.0,0.01882755756378174,0.0002
3562.0,7.0,0.02101553976535797,0.0002
3563.0,7.0,0.02114728093147278,0.0002
3564.0,7.0,0.01886007748544216,0.0002
3565.0,7.0,0.01630077138543129,0.0002
3566.0,7.0,0.015414653345942497,0.0002
3567.0,7.0,0.019557230174541473,0.0002
3568.0,7.0,0.014660434797406197,0.0002
3569.0,7.0,0.018696265295147896,0.0002
3570.0,7.0,0.017090940847992897,0.0002
3571.0,7.0,0.02270304411649704,0.0002
3572.0,7.0,0.014591604471206665,0.0002
3573.0,7.0,0.018658805638551712,0.0002
3574.0,7.0,0.02103654481470585,0.0002
3575.0,7.0,0.02001822553575039,0.0002
3576.0,7.0,0.017325568944215775,0.0002
3577.0,7.0,0.01865384355187416,0.0002
3578.0,7.0,0.019988898187875748,0.0002
3579.0,7.0,0.018128518015146255,0.0002
3580.0,7.0,0.015883218497037888,0.0002
3581.0,7.0,0.019829150289297104,0.0002
3582.0,7.0,0.01580749824643135,0.0002
3583.0,7.0,0.015936659649014473,0.0002
3584.0,7.0,0.015138396061956882,0.0002
3585.0,7.0,0.018206220120191574,0.0002
3586.0,7.0,0.016423538327217102,0.0002
3587.0,7.0,0.02297569438815117,0.0002
3588.0,7.0,0.018833031877875328,0.0002
3589.0,7.0,0.017191026359796524,0.0002
3590.0,7.0,0.014513840898871422,0.0002
3591.0,7.0,0.01589168608188629,0.0002
3592.0,7.0,0.013218731619417667,0.0002
3593.0,7.0,0.018812203779816628,0.0002
3594.0,7.0,0.0232776440680027,0.0002
3595.0,7.0,0.020263690501451492,0.0002
3596.0,7.0,0.016168251633644104,0.0002
3597.0,7.0,0.027320001274347305,0.0002
3598.0,7.0,0.023253627121448517,0.0002
3599.0,7.0,0.02240227907896042,0.0002
3600.0,7.0,0.020488744601607323,0.0002
3601.0,7.0,0.017846114933490753,0.0002
3602.0,7.0,0.015675948932766914,0.0002
3603.0,7.0,0.015735872089862823,0.0002
3604.0,7.0,0.013855332508683205,0.0002
3605.0,7.0,0.015383652411401272,0.0002
3606.0,7.0,0.017032021656632423,0.0002
3607.0,7.0,0.020030468702316284,0.0002
3608.0,7.0,0.01754031702876091,0.0002
3609.0,7.0,0.018022364005446434,0.0002
3610.0,7.0,0.02007323130965233,0.0002
3611.0,7.0,0.018027178943157196,0.0002
3612.0,7.0,0.022281019017100334,0.0002
3613.0,7.0,0.020025964826345444,0.0002
3614.0,7.0,0.01883448287844658,0.0002
3615.0,7.0,0.020672954618930817,0.0002
3616.0,7.0,0.017057618126273155,0.0002
3617.0,7.0,0.023715883493423462,0.0002
3618.0,7.0,0.016734620556235313,0.0002
3619.0,7.0,0.013251550495624542,0.0002
3620.0,7.0,0.019898613914847374,0.0002
3621.0,7.0,0.017686542123556137,0.0002
3622.0,7.0,0.02047233283519745,0.0002
3623.0,7.0,0.017403412610292435,0.0002
3624.0,7.0,0.012471760623157024,0.0002
3625.0,7.0,0.018340736627578735,0.0002
3626.0,7.0,0.01594553142786026,0.0002
3627.0,7.0,0.017139362171292305,0.0002
3628.0,7.0,0.02311548963189125,0.0002
3629.0,7.0,0.019861087203025818,0.0002
3630.0,7.0,0.021639734506607056,0.0002
3631.0,7.0,0.01922275498509407,0.0002
3632.0,7.0,0.016621459275484085,0.0002
3633.0,7.0,0.015816936269402504,0.0002
3634.0,7.0,0.018453380092978477,0.0002
3635.0,7.0,0.01589367911219597,0.0002
3636.0,7.0,0.014881315641105175,0.0002
3637.0,7.0,0.015552847646176815,0.0002
3638.0,7.0,0.017627675086259842,0.0002
3639.0,7.0,0.01882859319448471,0.0002
3640.0,7.0,0.019777635112404823,0.0002
3641.0,7.0,0.019511394202709198,0.0002
3642.0,7.0,0.019074860960245132,0.0002
3643.0,7.0,0.01810544729232788,0.0002
3644.0,7.0,0.019218940287828445,0.0002
3645.0,7.0,0.019303105771541595,0.0002
3646.0,7.0,0.0196429044008255,0.0002
3647.0,7.0,0.016434308141469955,0.0002
3648.0,7.0,0.016326017677783966,0.0002
3649.0,7.0,0.020974265411496162,0.0002
3650.0,7.0,0.01900150254368782,0.0002
3651.0,7.0,0.020401988178491592,0.0002
3652.0,7.0,0.017078746110200882,0.0002
3653.0,7.0,0.022634685039520264,0.0002
3654.0,7.0,0.014517836272716522,0.0002
3655.0,7.0,0.01507468894124031,0.0002
3656.0,7.0,0.01986648142337799,0.0002
3657.0,7.0,0.018204469233751297,0.0002
3658.0,7.0,0.019534830003976822,0.0002
3659.0,7.0,0.01922818459570408,0.0002
3660.0,7.0,0.013737520202994347,0.0002
3661.0,7.0,0.017251841723918915,0.0002
3662.0,7.0,0.013268856331706047,0.0002
3663.0,7.0,0.01639048382639885,0.0002
3664.0,7.0,0.02061866596341133,0.0002
3665.0,7.0,0.019008737057447433,0.0002
3666.0,7.0,0.019400134682655334,0.0002
3667.0,7.0,0.015943901613354683,0.0002
3668.0,7.0,0.016410065814852715,0.0002
3669.0,7.0,0.017888624221086502,0.0002
3670.0,7.0,0.018384430557489395,0.0002
3671.0,7.0,0.014917107298970222,0.0002
3672.0,7.0,0.021009590476751328,0.0002
3673.0,7.0,0.01467819046229124,0.0002
3674.0,7.0,0.01754777505993843,0.0002
3675.0,7.0,0.024335380643606186,0.0002
3676.0,7.0,0.021576296538114548,0.0002
3677.0,7.0,0.018901867792010307,0.0002
3678.0,7.0,0.018644651398062706,0.0002
3679.0,7.0,0.02234518714249134,0.0002
3680.0,7.0,0.02630629576742649,0.0002
3681.0,7.0,0.019205715507268906,0.0002
3682.0,7.0,0.018449297174811363,0.0002
3683.0,7.0,0.02244773507118225,0.0002
3684.0,7.0,0.015162358991801739,0.0002
3685.0,7.0,0.021231431514024734,0.0002
3686.0,7.0,0.019967511296272278,0.0002
3687.0,7.0,0.016395796090364456,0.0002
3688.0,7.0,0.01967676542699337,0.0002
3689.0,7.0,0.016286982223391533,0.0002
3690.0,7.0,0.018771085888147354,0.0002
3691.0,7.0,0.013756493106484413,0.0002
3692.0,7.0,0.016849335283041,0.0002
3693.0,7.0,0.018927931785583496,0.0002
3694.0,7.0,0.016691802069544792,0.0002
3695.0,7.0,0.02379130944609642,0.0002
3696.0,7.0,0.022172490134835243,0.0002
3697.0,7.0,0.01754004694521427,0.0002
3698.0,7.0,0.01765896938741207,0.0002
3699.0,7.0,0.019381415098905563,0.0002
3700.0,7.0,0.013382069766521454,0.0002
3701.0,7.0,0.019666016101837158,0.0002
3702.0,7.0,0.0165444016456604,0.0002
3703.0,7.0,0.016363950446248055,0.0002
3704.0,7.0,0.023246657103300095,0.0002
3705.0,7.0,0.014446435496211052,0.0002
3706.0,7.0,0.015105263330042362,0.0002
3707.0,7.0,0.016250165179371834,0.0002
3708.0,7.0,0.01669112592935562,0.0002
3709.0,7.0,0.01674889214336872,0.0002
3710.0,7.0,0.027690839022397995,0.0002
3711.0,7.0,0.016670042648911476,0.0002
3712.0,7.0,0.014363396912813187,0.0002
3713.0,7.0,0.017260370776057243,0.0002
3714.0,7.0,0.01757175475358963,0.0002
3715.0,7.0,0.018705055117607117,0.0002
3716.0,7.0,0.02784772962331772,0.0002
3717.0,7.0,0.017708392813801765,0.0002
3718.0,7.0,0.01757650263607502,0.0002
3719.0,7.0,0.01928272470831871,0.0002
3720.0,7.0,0.021555837243795395,0.0002
3721.0,7.0,0.024062082171440125,0.0002
3722.0,7.0,0.014119887724518776,0.0002
3723.0,7.0,0.01920580491423607,0.0002
3724.0,7.0,0.014527209103107452,0.0002
3725.0,7.0,0.016182687133550644,0.0002
3726.0,7.0,0.018572350963950157,0.0002
3727.0,7.0,0.017589202150702477,0.0002
3728.0,7.0,0.019416075199842453,0.0002
3729.0,7.0,0.016703464090824127,0.0002
3730.0,7.0,0.01673228107392788,0.0002
3731.0,7.0,0.018292805179953575,0.0002
3732.0,7.0,0.017147958278656006,0.0002
3733.0,7.0,0.018734149634838104,0.0002
3734.0,7.0,0.019124839454889297,0.0002
3735.0,7.0,0.016892362385988235,0.0002
3736.0,7.0,0.015550346113741398,0.0002
3737.0,7.0,0.019289780408143997,0.0002
3738.0,7.0,0.020589981228113174,0.0002
3739.0,7.0,0.017266280949115753,0.0002
3740.0,7.0,0.015016531571745872,0.0002
3741.0,7.0,0.022317228838801384,0.0002
3742.0,7.0,0.01445334404706955,0.0002
3743.0,7.0,0.016304219141602516,0.0002
3744.0,7.0,0.01872747391462326,0.0002
3745.0,8.0,0.015594018623232841,0.0002
3746.0,8.0,0.015368353575468063,0.0002
3747.0,8.0,0.016262803226709366,0.0002
3748.0,8.0,0.01689263805747032,0.0002
3749.0,8.0,0.016431303694844246,0.0002
3750.0,8.0,0.02368171326816082,0.0002
3751.0,8.0,0.017899567261338234,0.0002
3752.0,8.0,0.02375258505344391,0.0002
3753.0,8.0,0.019747450947761536,0.0002
3754.0,8.0,0.017303084954619408,0.0002
3755.0,8.0,0.018646130338311195,0.0002
3756.0,8.0,0.016091953963041306,0.0002
3757.0,8.0,0.016947273164987564,0.0002
3758.0,8.0,0.02161051705479622,0.0002
3759.0,8.0,0.020390694960951805,0.0002
3760.0,8.0,0.013553671538829803,0.0002
3761.0,8.0,0.019748209044337273,0.0002
3762.0,8.0,0.014396444894373417,0.0002
3763.0,8.0,0.01416595559567213,0.0002
3764.0,8.0,0.019550452008843422,0.0002
3765.0,8.0,0.018855256959795952,0.0002
3766.0,8.0,0.0200493261218071,0.0002
3767.0,8.0,0.02086785063147545,0.0002
3768.0,8.0,0.02015051245689392,0.0002
3769.0,8.0,0.014905760064721107,0.0002
3770.0,8.0,0.021927399560809135,0.0002
3771.0,8.0,0.01881495863199234,0.0002
3772.0,8.0,0.014230411499738693,0.0002
3773.0,8.0,0.01851717382669449,0.0002
3774.0,8.0,0.017360853031277657,0.0002
3775.0,8.0,0.013208037242293358,0.0002
3776.0,8.0,0.012454403564333916,0.0002
3777.0,8.0,0.01759342849254608,0.0002
3778.0,8.0,0.01700764149427414,0.0002
3779.0,8.0,0.018841128796339035,0.0002
3780.0,8.0,0.01802125945687294,0.0002
3781.0,8.0,0.01662195846438408,0.0002
3782.0,8.0,0.016203513368964195,0.0002
3783.0,8.0,0.01541627012193203,0.0002
3784.0,8.0,0.017965171486139297,0.0002
3785.0,8.0,0.015967275947332382,0.0002
3786.0,8.0,0.02425295114517212,0.0002
3787.0,8.0,0.019363371655344963,0.0002
3788.0,8.0,0.01968974992632866,0.0002
3789.0,8.0,0.020868834108114243,0.0002
3790.0,8.0,0.022274574264883995,0.0002
3791.0,8.0,0.018441999331116676,0.0002
3792.0,8.0,0.018748357892036438,0.0002
3793.0,8.0,0.016047216951847076,0.0002
3794.0,8.0,0.020159296691417694,0.0002
3795.0,8.0,0.023172490298748016,0.0002
3796.0,8.0,0.014652982354164124,0.0002
3797.0,8.0,0.021008286625146866,0.0002
3798.0,8.0,0.016959168016910553,0.0002
3799.0,8.0,0.024619625881314278,0.0002
3800.0,8.0,0.01814693585038185,0.0002
3801.0,8.0,0.016830088570713997,0.0002
3802.0,8.0,0.01828843727707863,0.0002
3803.0,8.0,0.022309381514787674,0.0002
3804.0,8.0,0.01390627957880497,0.0002
3805.0,8.0,0.02216818369925022,0.0002
3806.0,8.0,0.018126139417290688,0.0002
3807.0,8.0,0.020407158881425858,0.0002
3808.0,8.0,0.015591748058795929,0.0002
3809.0,8.0,0.02143585868179798,0.0002
3810.0,8.0,0.01824718341231346,0.0002
3811.0,8.0,0.015341153368353844,0.0002
3812.0,8.0,0.018798649311065674,0.0002
3813.0,8.0,0.0179897490888834,0.0002
3814.0,8.0,0.01550566777586937,0.0002
3815.0,8.0,0.020467495545744896,0.0002
3816.0,8.0,0.021261140704154968,0.0002
3817.0,8.0,0.020571738481521606,0.0002
3818.0,8.0,0.015145844779908657,0.0002
3819.0,8.0,0.023109212517738342,0.0002
3820.0,8.0,0.023013019934296608,0.0002
3821.0,8.0,0.023274015635252,0.0002
3822.0,8.0,0.018548980355262756,0.0002
3823.0,8.0,0.01994745433330536,0.0002
3824.0,8.0,0.01631459780037403,0.0002
3825.0,8.0,0.0170808844268322,0.0002
3826.0,8.0,0.015519065782427788,0.0002
3827.0,8.0,0.02091246284544468,0.0002
3828.0,8.0,0.01930359937250614,0.0002
3829.0,8.0,0.016776934266090393,0.0002
3830.0,8.0,0.02147515118122101,0.0002
3831.0,8.0,0.017315145581960678,0.0002
3832.0,8.0,0.0165305994451046,0.0002
3833.0,8.0,0.020238235592842102,0.0002
3834.0,8.0,0.017969530075788498,0.0002
3835.0,8.0,0.011836599558591843,0.0002
3836.0,8.0,0.022943882271647453,0.0002
3837.0,8.0,0.020780567079782486,0.0002
3838.0,8.0,0.016730906441807747,0.0002
3839.0,8.0,0.01610204577445984,0.0002
3840.0,8.0,0.019299164414405823,0.0002
3841.0,8.0,0.021044109016656876,0.0002
3842.0,8.0,0.01652868092060089,0.0002
3843.0,8.0,0.02317521534860134,0.0002
3844.0,8.0,0.021504726260900497,0.0002
3845.0,8.0,0.015936847776174545,0.0002
3846.0,8.0,0.019704312086105347,0.0002
3847.0,8.0,0.018859446048736572,0.0002
3848.0,8.0,0.01610492542386055,0.0002
3849.0,8.0,0.022202759981155396,0.0002
3850.0,8.0,0.017407771199941635,0.0002
3851.0,8.0,0.018294095993041992,0.0002
3852.0,8.0,0.01594945788383484,0.0002
3853.0,8.0,0.016288790851831436,0.0002
3854.0,8.0,0.01983814686536789,0.0002
3855.0,8.0,0.022574683651328087,0.0002
3856.0,8.0,0.014136333018541336,0.0002
3857.0,8.0,0.019007226452231407,0.0002
3858.0,8.0,0.015035519376397133,0.0002
3859.0,8.0,0.017564337700605392,0.0002
3860.0,8.0,0.016691844910383224,0.0002
3861.0,8.0,0.016450060531497,0.0002
3862.0,8.0,0.01708938181400299,0.0002
3863.0,8.0,0.017057467252016068,0.0002
3864.0,8.0,0.019332898780703545,0.0002
3865.0,8.0,0.020357646048069,0.0002
3866.0,8.0,0.018702588975429535,0.0002
3867.0,8.0,0.016295161098241806,0.0002
3868.0,8.0,0.017098087817430496,0.0002
3869.0,8.0,0.016834501177072525,0.0002
3870.0,8.0,0.020553501322865486,0.0002
3871.0,8.0,0.015707891434431076,0.0002
3872.0,8.0,0.01870349794626236,0.0002
3873.0,8.0,0.019043322652578354,0.0002
3874.0,8.0,0.020011262968182564,0.0002
3875.0,8.0,0.016906749457120895,0.0002
3876.0,8.0,0.018846366554498672,0.0002
3877.0,8.0,0.02075275592505932,0.0002
3878.0,8.0,0.012571249157190323,0.0002
3879.0,8.0,0.019318290054798126,0.0002
3880.0,8.0,0.018918652087450027,0.0002
3881.0,8.0,0.015469344332814217,0.0002
3882.0,8.0,0.015238815918564796,0.0002
3883.0,8.0,0.016291890293359756,0.0002
3884.0,8.0,0.015926530584692955,0.0002
3885.0,8.0,0.020488249137997627,0.0002
3886.0,8.0,0.018402641639113426,0.0002
3887.0,8.0,0.015433147549629211,0.0002
3888.0,8.0,0.013176361098885536,0.0002
3889.0,8.0,0.017530815675854683,0.0002
3890.0,8.0,0.01758125051856041,0.0002
3891.0,8.0,0.016090117394924164,0.0002
3892.0,8.0,0.016279933974146843,0.0002
3893.0,8.0,0.018496431410312653,0.0002
3894.0,8.0,0.0166110098361969,0.0002
3895.0,8.0,0.01872674934566021,0.0002
3896.0,8.0,0.015949461609125137,0.0002
3897.0,8.0,0.019973134621977806,0.0002
3898.0,8.0,0.01717440038919449,0.0002
3899.0,8.0,0.013815851882100105,0.0002
3900.0,8.0,0.017150012776255608,0.0002
3901.0,8.0,0.0166163332760334,0.0002
3902.0,8.0,0.017235882580280304,0.0002
3903.0,8.0,0.018938638269901276,0.0002
3904.0,8.0,0.016078323125839233,0.0002
3905.0,8.0,0.01777796633541584,0.0002
3906.0,8.0,0.018528854474425316,0.0002
3907.0,8.0,0.01996024139225483,0.0002
3908.0,8.0,0.019316095858812332,0.0002
3909.0,8.0,0.016449466347694397,0.0002
3910.0,8.0,0.016933055594563484,0.0002
3911.0,8.0,0.01814189925789833,0.0002
3912.0,8.0,0.01826675422489643,0.0002
3913.0,8.0,0.019230125471949577,0.0002
3914.0,8.0,0.017513738945126534,0.0002
3915.0,8.0,0.02028989978134632,0.0002
3916.0,8.0,0.017878562211990356,0.0002
3917.0,8.0,0.015715941786766052,0.0002
3918.0,8.0,0.019300971180200577,0.0002
3919.0,8.0,0.014410004019737244,0.0002
3920.0,8.0,0.019810684025287628,0.0002
3921.0,8.0,0.019022179767489433,0.0002
3922.0,8.0,0.017829030752182007,0.0002
3923.0,8.0,0.022389598190784454,0.0002
3924.0,8.0,0.017636626958847046,0.0002
3925.0,8.0,0.017623886466026306,0.0002
3926.0,8.0,0.01866375468671322,0.0002
3927.0,8.0,0.015977922827005386,0.0002
3928.0,8.0,0.022240065038204193,0.0002
3929.0,8.0,0.0134755102917552,0.0002
3930.0,8.0,0.015734991058707237,0.0002
3931.0,8.0,0.023600082844495773,0.0002
3932.0,8.0,0.016312096267938614,0.0002
3933.0,8.0,0.01705971732735634,0.0002
3934.0,8.0,0.015471130609512329,0.0002
3935.0,8.0,0.021031202748417854,0.0002
3936.0,8.0,0.021528977900743484,0.0002
3937.0,8.0,0.0153757119551301,0.0002
3938.0,8.0,0.0168438833206892,0.0002
3939.0,8.0,0.016973402351140976,0.0002
3940.0,8.0,0.019261009991168976,0.0002
3941.0,8.0,0.014284762553870678,0.0002
3942.0,8.0,0.01507134735584259,0.0002
3943.0,8.0,0.018400467932224274,0.0002
3944.0,8.0,0.01954374834895134,0.0002
3945.0,8.0,0.01915021613240242,0.0002
3946.0,8.0,0.016017604619264603,0.0002
3947.0,8.0,0.013834882527589798,0.0002
3948.0,8.0,0.016582412645220757,0.0002
3949.0,8.0,0.021009672433137894,0.0002
3950.0,8.0,0.02075371891260147,0.0002
3951.0,8.0,0.019156644120812416,0.0002
3952.0,8.0,0.011689789593219757,0.0002
3953.0,8.0,0.017936065793037415,0.0002
3954.0,8.0,0.020182020962238312,0.0002
3955.0,8.0,0.01850575953722,0.0002
3956.0,8.0,0.013348545879125595,0.0002
3957.0,8.0,0.017914019525051117,0.0002
3958.0,8.0,0.014398018829524517,0.0002
3959.0,8.0,0.02462112158536911,0.0002
3960.0,8.0,0.017082136124372482,0.0002
3961.0,8.0,0.017656369134783745,0.0002
3962.0,8.0,0.016607552766799927,0.0002
3963.0,8.0,0.015057479962706566,0.0002
3964.0,8.0,0.019442757591605186,0.0002
3965.0,8.0,0.016506653279066086,0.0002
3966.0,8.0,0.02110489457845688,0.0002
3967.0,8.0,0.019085252657532692,0.0002
3968.0,8.0,0.017657000571489334,0.0002
3969.0,8.0,0.01987040415406227,0.0002
3970.0,8.0,0.017735164612531662,0.0002
3971.0,8.0,0.017383383587002754,0.0002
3972.0,8.0,0.01586659625172615,0.0002
3973.0,8.0,0.0217644814401865,0.0002
3974.0,8.0,0.02171681448817253,0.0002
3975.0,8.0,0.021357856690883636,0.0002
3976.0,8.0,0.017640668898820877,0.0002
3977.0,8.0,0.01860303431749344,0.0002
3978.0,8.0,0.01945652812719345,0.0002
3979.0,8.0,0.019325725734233856,0.0002
3980.0,8.0,0.01906733773648739,0.0002
3981.0,8.0,0.01702929101884365,0.0002
3982.0,8.0,0.015874790027737617,0.0002
3983.0,8.0,0.014232976362109184,0.0002
3984.0,8.0,0.021217642351984978,0.0002
3985.0,8.0,0.021772798150777817,0.0002
3986.0,8.0,0.022337988018989563,0.0002
3987.0,8.0,0.018201688304543495,0.0002
3988.0,8.0,0.014870161190629005,0.0002
3989.0,8.0,0.01840224675834179,0.0002
3990.0,8.0,0.020577851682901382,0.0002
3991.0,8.0,0.017990615218877792,0.0002
3992.0,8.0,0.015866920351982117,0.0002
3993.0,8.0,0.015373950824141502,0.0002
3994.0,8.0,0.015220683068037033,0.0002
3995.0,8.0,0.02116873487830162,0.0002
3996.0,8.0,0.015004405751824379,0.0002
3997.0,8.0,0.01860763132572174,0.0002
3998.0,8.0,0.017717190086841583,0.0002
3999.0,8.0,0.01784786581993103,0.0002
4000.0,8.0,0.019603438675403595,0.0002
4001.0,8.0,0.018234994262456894,0.0002
4002.0,8.0,0.021779609844088554,0.0002
4003.0,8.0,0.01266653835773468,0.0002
4004.0,8.0,0.017175592482089996,0.0002
4005.0,8.0,0.020638618618249893,0.0002
4006.0,8.0,0.017854664474725723,0.0002
4007.0,8.0,0.01604628935456276,0.0002
4008.0,8.0,0.01476166769862175,0.0002
4009.0,8.0,0.017784491181373596,0.0002
4010.0,8.0,0.017526157200336456,0.0002
4011.0,8.0,0.016775885596871376,0.0002
4012.0,8.0,0.015791581943631172,0.0002
4013.0,8.0,0.020479563623666763,0.0002
4014.0,8.0,0.012270696461200714,0.0002
4015.0,8.0,0.018251780420541763,0.0002
4016.0,8.0,0.017715368419885635,0.0002
4017.0,8.0,0.016547242179512978,0.0002
4018.0,8.0,0.015844199806451797,0.0002
4019.0,8.0,0.01873807981610298,0.0002
4020.0,8.0,0.022835146635770798,0.0002
4021.0,8.0,0.01769191212952137,0.0002
4022.0,8.0,0.012802449986338615,0.0002
4023.0,8.0,0.02052536979317665,0.0002
4024.0,8.0,0.016907949000597,0.0002
4025.0,8.0,0.016740214079618454,0.0002
4026.0,8.0,0.021626995876431465,0.0002
4027.0,8.0,0.01729227602481842,0.0002
4028.0,8.0,0.017314676195383072,0.0002
4029.0,8.0,0.01940767467021942,0.0002
4030.0,8.0,0.01574244722723961,0.0002
4031.0,8.0,0.019310425966978073,0.0002
4032.0,8.0,0.02276332676410675,0.0002
4033.0,8.0,0.021966248750686646,0.0002
4034.0,8.0,0.020755641162395477,0.0002
4035.0,8.0,0.016515932977199554,0.0002
4036.0,8.0,0.012993291020393372,0.0002
4037.0,8.0,0.018345851451158524,0.0002
4038.0,8.0,0.024702738970518112,0.0002
4039.0,8.0,0.015571711584925652,0.0002
4040.0,8.0,0.017573263496160507,0.0002
4041.0,8.0,0.018151400610804558,0.0002
4042.0,8.0,0.015273120254278183,0.0002
4043.0,8.0,0.016028963029384613,0.0002
4044.0,8.0,0.017379872500896454,0.0002
4045.0,8.0,0.015678539872169495,0.0002
4046.0,8.0,0.015586243942379951,0.0002
4047.0,8.0,0.01771874725818634,0.0002
4048.0,8.0,0.018294645473361015,0.0002
4049.0,8.0,0.015300596132874489,0.0002
4050.0,8.0,0.020273564383387566,0.0002
4051.0,8.0,0.020797014236450195,0.0002
4052.0,8.0,0.014224158599972725,0.0002
4053.0,8.0,0.014107497408986092,0.0002
4054.0,8.0,0.020562339574098587,0.0002
4055.0,8.0,0.017653431743383408,0.0002
4056.0,8.0,0.019443191587924957,0.0002
4057.0,8.0,0.01688423380255699,0.0002
4058.0,8.0,0.015257179737091064,0.0002
4059.0,8.0,0.020744893699884415,0.0002
4060.0,8.0,0.017848609015345573,0.0002
4061.0,8.0,0.017704037949442863,0.0002
4062.0,8.0,0.021995607763528824,0.0002
4063.0,8.0,0.02079252526164055,0.0002
4064.0,8.0,0.016486801207065582,0.0002
4065.0,8.0,0.01843484491109848,0.0002
4066.0,8.0,0.016013264656066895,0.0002
4067.0,8.0,0.012659784406423569,0.0002
4068.0,8.0,0.01621180772781372,0.0002
4069.0,8.0,0.01735197938978672,0.0002
4070.0,8.0,0.01649293676018715,0.0002
4071.0,8.0,0.014652952551841736,0.0002
4072.0,8.0,0.01523173600435257,0.0002
4073.0,8.0,0.01951451785862446,0.0002
4074.0,8.0,0.016339166089892387,0.0002
4075.0,8.0,0.020192883908748627,0.0002
4076.0,8.0,0.0231078639626503,0.0002
4077.0,8.0,0.020555147901177406,0.0002
4078.0,8.0,0.020463727414608,0.0002
4079.0,8.0,0.014971131458878517,0.0002
4080.0,8.0,0.014282102696597576,0.0002
4081.0,8.0,0.02208689972758293,0.0002
4082.0,8.0,0.016046294942498207,0.0002
4083.0,8.0,0.01681547239422798,0.0002
4084.0,8.0,0.019167374819517136,0.0002
4085.0,8.0,0.021359380334615707,0.0002
4086.0,8.0,0.01249174028635025,0.0002
4087.0,8.0,0.017176518216729164,0.0002
4088.0,8.0,0.015808001160621643,0.0002
4089.0,8.0,0.016655191779136658,0.0002
4090.0,8.0,0.020351417362689972,0.0002
4091.0,8.0,0.02541797235608101,0.0002
4092.0,8.0,0.013445494696497917,0.0002
4093.0,8.0,0.013884391635656357,0.0002
4094.0,8.0,0.018537189811468124,0.0002
4095.0,8.0,0.018086645752191544,0.0002
4096.0,8.0,0.019030360504984856,0.0002
4097.0,8.0,0.016935665160417557,0.0002
4098.0,8.0,0.017368175089359283,0.0002
4099.0,8.0,0.01986975222826004,0.0002
4100.0,8.0,0.016056207939982414,0.0002
4101.0,8.0,0.014701742678880692,0.0002
4102.0,8.0,0.021239113062620163,0.0002
4103.0,8.0,0.021700743585824966,0.0002
4104.0,8.0,0.020265206694602966,0.0002
4105.0,8.0,0.017792733386158943,0.0002
4106.0,8.0,0.02098879963159561,0.0002
4107.0,8.0,0.019650861620903015,0.0002
4108.0,8.0,0.021136406809091568,0.0002
4109.0,8.0,0.02275381051003933,0.0002
4110.0,8.0,0.01708216220140457,0.0002
4111.0,8.0,0.02034393697977066,0.0002
4112.0,8.0,0.018351318314671516,0.0002
4113.0,8.0,0.018510477617383003,0.0002
4114.0,8.0,0.018200775608420372,0.0002
4115.0,8.0,0.016597144305706024,0.0002
4116.0,8.0,0.022245727479457855,0.0002
4117.0,8.0,0.015423648990690708,0.0002
4118.0,8.0,0.01838354766368866,0.0002
4119.0,8.0,0.01702299900352955,0.0002
4120.0,8.0,0.020397843793034554,0.0002
4121.0,8.0,0.016120215877890587,0.0002
4122.0,8.0,0.02022654563188553,0.0002
4123.0,8.0,0.01934492588043213,0.0002
4124.0,8.0,0.015681184828281403,0.0002
4125.0,8.0,0.021259216591715813,0.0002
4126.0,8.0,0.018264973536133766,0.0002
4127.0,8.0,0.021749038249254227,0.0002
4128.0,8.0,0.01976793259382248,0.0002
4129.0,8.0,0.018124911934137344,0.0002
4130.0,8.0,0.018448257818818092,0.0002
4131.0,8.0,0.019335001707077026,0.0002
4132.0,8.0,0.022635020315647125,0.0002
4133.0,8.0,0.014865864999592304,0.0002
4134.0,8.0,0.01605985313653946,0.0002
4135.0,8.0,0.01822168380022049,0.0002
4136.0,8.0,0.015981759876012802,0.0002
4137.0,8.0,0.01741228811442852,0.0002
4138.0,8.0,0.013899272307753563,0.0002
4139.0,8.0,0.020259538665413857,0.0002
4140.0,8.0,0.016381854191422462,0.0002
4141.0,8.0,0.01700267195701599,0.0002
4142.0,8.0,0.01740560680627823,0.0002
4143.0,8.0,0.016411539167165756,0.0002
4144.0,8.0,0.0178382508456707,0.0002
4145.0,8.0,0.018185673281550407,0.0002
4146.0,8.0,0.021553287282586098,0.0002
4147.0,8.0,0.01789175346493721,0.0002
4148.0,8.0,0.018099915236234665,0.0002
4149.0,8.0,0.015210449695587158,0.0002
4150.0,8.0,0.014968600124120712,0.0002
4151.0,8.0,0.014825842343270779,0.0002
4152.0,8.0,0.019524432718753815,0.0002
4153.0,8.0,0.01815071515738964,0.0002
4154.0,8.0,0.021432161331176758,0.0002
4155.0,8.0,0.013347547501325607,0.0002
4156.0,8.0,0.01684071682393551,0.0002
4157.0,8.0,0.017602596431970596,0.0002
4158.0,8.0,0.016557905822992325,0.0002
4159.0,8.0,0.01310487650334835,0.0002
4160.0,8.0,0.01918720081448555,0.0002
4161.0,8.0,0.018362656235694885,0.0002
4162.0,8.0,0.02005620114505291,0.0002
4163.0,8.0,0.016024328768253326,0.0002
4164.0,8.0,0.0185660719871521,0.0002
4165.0,8.0,0.015571888536214828,0.0002
4166.0,8.0,0.016023380681872368,0.0002
4167.0,8.0,0.014170869253575802,0.0002
4168.0,8.0,0.023100409656763077,0.0002
4169.0,8.0,0.017177918925881386,0.0002
4170.0,8.0,0.01859280839562416,0.0002
4171.0,8.0,0.016252931207418442,0.0002
4172.0,8.0,0.012481627985835075,0.0002
4173.0,8.0,0.018434535712003708,0.0002
4174.0,8.0,0.01955399289727211,0.0002
4175.0,8.0,0.016431935131549835,0.0002
4176.0,8.0,0.014732645824551582,0.0002
4177.0,8.0,0.01788938045501709,0.0002
4178.0,8.0,0.015399783849716187,0.0002
4179.0,8.0,0.012359637767076492,0.0002
4180.0,8.0,0.01836823858320713,0.0002
4181.0,8.0,0.016062691807746887,0.0002
4182.0,8.0,0.014888613484799862,0.0002
4183.0,8.0,0.018196966499090195,0.0002
4184.0,8.0,0.015706053003668785,0.0002
4185.0,8.0,0.01644744724035263,0.0002
4186.0,8.0,0.01812657155096531,0.0002
4187.0,8.0,0.0145395053550601,0.0002
4188.0,8.0,0.016722319647669792,0.0002
4189.0,8.0,0.019987162202596664,0.0002
4190.0,8.0,0.01780436374247074,0.0002
4191.0,8.0,0.019695192575454712,0.0002
4192.0,8.0,0.019517268985509872,0.0002
4193.0,8.0,0.01925244927406311,0.0002
4194.0,8.0,0.023451734334230423,0.0002
4195.0,8.0,0.013047429732978344,0.0002
4196.0,8.0,0.020567137748003006,0.0002
4197.0,8.0,0.01715198904275894,0.0002
4198.0,8.0,0.01635434292256832,0.0002
4199.0,8.0,0.014242312870919704,0.0002
4200.0,8.0,0.02118757739663124,0.0002
4201.0,8.0,0.017217233777046204,0.0002
4202.0,8.0,0.019547073170542717,0.0002
4203.0,8.0,0.013137606903910637,0.0002
4204.0,8.0,0.01569696143269539,0.0002
4205.0,8.0,0.016380809247493744,0.0002
4206.0,8.0,0.02016419731080532,0.0002
4207.0,8.0,0.016420893371105194,0.0002
4208.0,8.0,0.020708486437797546,0.0002
4209.0,8.0,0.01801336742937565,0.0002
4210.0,8.0,0.01506689190864563,0.0002
4211.0,8.0,0.016722114756703377,0.0002
4212.0,8.0,0.0206216461956501,0.0002
4213.0,9.0,0.021422557532787323,0.0002
4214.0,9.0,0.019343487918376923,0.0002
4215.0,9.0,0.019243579357862473,0.0002
4216.0,9.0,0.020923815667629242,0.0002
4217.0,9.0,0.021492719650268555,0.0002
4218.0,9.0,0.0177316777408123,0.0002
4219.0,9.0,0.015276653692126274,0.0002
4220.0,9.0,0.02404455468058586,0.0002
4221.0,9.0,0.01329643651843071,0.0002
4222.0,9.0,0.02845858968794346,0.0002
4223.0,9.0,0.015596812590956688,0.0002
4224.0,9.0,0.015463417395949364,0.0002
4225.0,9.0,0.019987033680081367,0.0002
4226.0,9.0,0.013239091262221336,0.0002
4227.0,9.0,0.019593598321080208,0.0002
4228.0,9.0,0.013576318509876728,0.0002
4229.0,9.0,0.012156144715845585,0.0002
4230.0,9.0,0.015694573521614075,0.0002
4231.0,9.0,0.019766464829444885,0.0002
4232.0,9.0,0.01764136739075184,0.0002
4233.0,9.0,0.021986328065395355,0.0002
4234.0,9.0,0.020177343860268593,0.0002
4235.0,9.0,0.016749180853366852,0.0002
4236.0,9.0,0.021305274218320847,0.0002
4237.0,9.0,0.018640415742993355,0.0002
4238.0,9.0,0.014091755263507366,0.0002
4239.0,9.0,0.015587194822728634,0.0002
4240.0,9.0,0.014763785526156425,0.0002
4241.0,9.0,0.01611975021660328,0.0002
4242.0,9.0,0.017923874780535698,0.0002
4243.0,9.0,0.016169998794794083,0.0002
4244.0,9.0,0.01549341157078743,0.0002
4245.0,9.0,0.01889360509812832,0.0002
4246.0,9.0,0.016648191958665848,0.0002
4247.0,9.0,0.01988970674574375,0.0002
4248.0,9.0,0.015726376324892044,0.0002
4249.0,9.0,0.018221162259578705,0.0002
4250.0,9.0,0.018713049590587616,0.0002
4251.0,9.0,0.020195849239826202,0.0002
4252.0,9.0,0.014434332959353924,0.0002
4253.0,9.0,0.017187515273690224,0.0002
4254.0,9.0,0.017008217051625252,0.0002
4255.0,9.0,0.015422534197568893,0.0002
4256.0,9.0,0.017978377640247345,0.0002
4257.0,9.0,0.017413049936294556,0.0002
4258.0,9.0,0.016621042042970657,0.0002
4259.0,9.0,0.017685115337371826,0.0002
4260.0,9.0,0.020544199272990227,0.0002
4261.0,9.0,0.018605072051286697,0.0002
4262.0,9.0,0.01635771244764328,0.0002
4263.0,9.0,0.017857901751995087,0.0002
4264.0,9.0,0.018392616882920265,0.0002
4265.0,9.0,0.02001497894525528,0.0002
4266.0,9.0,0.011817310005426407,0.0002
4267.0,9.0,0.015228121541440487,0.0002
4268.0,9.0,0.019162077456712723,0.0002
4269.0,9.0,0.017840750515460968,0.0002
4270.0,9.0,0.0208502896130085,0.0002
4271.0,9.0,0.01600407063961029,0.0002
4272.0,9.0,0.01869942992925644,0.0002
4273.0,9.0,0.015725361183285713,0.0002
4274.0,9.0,0.014348449185490608,0.0002
4275.0,9.0,0.01904485933482647,0.0002
4276.0,9.0,0.015984585508704185,0.0002
4277.0,9.0,0.01620502397418022,0.0002
4278.0,9.0,0.018012139946222305,0.0002
4279.0,9.0,0.015591387636959553,0.0002
4280.0,9.0,0.016926119104027748,0.0002
4281.0,9.0,0.016418684273958206,0.0002
4282.0,9.0,0.01682107150554657,0.0002
4283.0,9.0,0.016643786802887917,0.0002
4284.0,9.0,0.02079514041543007,0.0002
4285.0,9.0,0.016016462817788124,0.0002
4286.0,9.0,0.024641573429107666,0.0002
4287.0,9.0,0.01727261394262314,0.0002
4288.0,9.0,0.020216122269630432,0.0002
4289.0,9.0,0.017454637214541435,0.0002
4290.0,9.0,0.014926393516361713,0.0002
4291.0,9.0,0.018804224207997322,0.0002
4292.0,9.0,0.022262636572122574,0.0002
4293.0,9.0,0.0182047039270401,0.0002
4294.0,9.0,0.016129592433571815,0.0002
4295.0,9.0,0.01489994116127491,0.0002
4296.0,9.0,0.01787469908595085,0.0002
4297.0,9.0,0.019396554678678513,0.0002
4298.0,9.0,0.01920008659362793,0.0002
4299.0,9.0,0.017974084243178368,0.0002
4300.0,9.0,0.020729120820760727,0.0002
4301.0,9.0,0.013366318307816982,0.0002
4302.0,9.0,0.01964866928756237,0.0002
4303.0,9.0,0.021777350455522537,0.0002
4304.0,9.0,0.020035605877637863,0.0002
4305.0,9.0,0.01862437091767788,0.0002
4306.0,9.0,0.017818238586187363,0.0002
4307.0,9.0,0.020415764302015305,0.0002
4308.0,9.0,0.018431901931762695,0.0002
4309.0,9.0,0.025351064279675484,0.0002
4310.0,9.0,0.017337247729301453,0.0002
4311.0,9.0,0.0189540833234787,0.0002
4312.0,9.0,0.01993594691157341,0.0002
4313.0,9.0,0.013988512568175793,0.0002
4314.0,9.0,0.015215117484331131,0.0002
4315.0,9.0,0.019957097247242928,0.0002
4316.0,9.0,0.023147093132138252,0.0002
4317.0,9.0,0.01580454222857952,0.0002
4318.0,9.0,0.016640184447169304,0.0002
4319.0,9.0,0.018143214285373688,0.0002
4320.0,9.0,0.016177672892808914,0.0002
4321.0,9.0,0.015899017453193665,0.0002
4322.0,9.0,0.01817399263381958,0.0002
4323.0,9.0,0.01639966294169426,0.0002
4324.0,9.0,0.01809075102210045,0.0002
4325.0,9.0,0.016495291143655777,0.0002
4326.0,9.0,0.019464101642370224,0.0002
4327.0,9.0,0.018195290118455887,0.0002
4328.0,9.0,0.01691892184317112,0.0002
4329.0,9.0,0.015828724950551987,0.0002
4330.0,9.0,0.016568128019571304,0.0002
4331.0,9.0,0.018951330333948135,0.0002
4332.0,9.0,0.014985899440944195,0.0002
4333.0,9.0,0.01785801537334919,0.0002
4334.0,9.0,0.018926408141851425,0.0002
4335.0,9.0,0.020662209019064903,0.0002
4336.0,9.0,0.018722526729106903,0.0002
4337.0,9.0,0.014678273350000381,0.0002
4338.0,9.0,0.018823055550456047,0.0002
4339.0,9.0,0.022505763918161392,0.0002
4340.0,9.0,0.016885509714484215,0.0002
4341.0,9.0,0.01918579451739788,0.0002
4342.0,9.0,0.018446974456310272,0.0002
4343.0,9.0,0.021136609837412834,0.0002
4344.0,9.0,0.01618162915110588,0.0002
4345.0,9.0,0.013247492723166943,0.0002
4346.0,9.0,0.015797743573784828,0.0002
4347.0,9.0,0.021466948091983795,0.0002
4348.0,9.0,0.017530128359794617,0.0002
4349.0,9.0,0.01981833577156067,0.0002
4350.0,9.0,0.012040529400110245,0.0002
4351.0,9.0,0.0169744323939085,0.0002
4352.0,9.0,0.019804183393716812,0.0002
4353.0,9.0,0.017622653394937515,0.0002
4354.0,9.0,0.018442079424858093,0.0002
4355.0,9.0,0.015236635692417622,0.0002
4356.0,9.0,0.014369826763868332,0.0002
4357.0,9.0,0.021242717280983925,0.0002
4358.0,9.0,0.014828079380095005,0.0002
4359.0,9.0,0.01698971912264824,0.0002
4360.0,9.0,0.019970828667283058,0.0002
4361.0,9.0,0.013204810209572315,0.0002
4362.0,9.0,0.024046797305345535,0.0002
4363.0,9.0,0.015980703756213188,0.0002
4364.0,9.0,0.021382946521043777,0.0002
4365.0,9.0,0.01871391013264656,0.0002
4366.0,9.0,0.022468585520982742,0.0002
4367.0,9.0,0.02375972829759121,0.0002
4368.0,9.0,0.018978705629706383,0.0002
4369.0,9.0,0.019201409071683884,0.0002
4370.0,9.0,0.019899718463420868,0.0002
4371.0,9.0,0.019159313291311264,0.0002
4372.0,9.0,0.015757638961076736,0.0002
4373.0,9.0,0.015780778601765633,0.0002
4374.0,9.0,0.016610555350780487,0.0002
4375.0,9.0,0.026085756719112396,0.0002
4376.0,9.0,0.016476759687066078,0.0002
4377.0,9.0,0.022209294140338898,0.0002
4378.0,9.0,0.017259225249290466,0.0002
4379.0,9.0,0.014657994732260704,0.0002
4380.0,9.0,0.02019590511918068,0.0002
4381.0,9.0,0.01943051442503929,0.0002
4382.0,9.0,0.01605292037129402,0.0002
4383.0,9.0,0.016136549413204193,0.0002
4384.0,9.0,0.02015317976474762,0.0002
4385.0,9.0,0.01860630512237549,0.0002
4386.0,9.0,0.022410061210393906,0.0002
4387.0,9.0,0.018701504915952682,0.0002
4388.0,9.0,0.01872263103723526,0.0002
4389.0,9.0,0.018186211585998535,0.0002
4390.0,9.0,0.017976365983486176,0.0002
4391.0,9.0,0.014352352358400822,0.0002
4392.0,9.0,0.01516718789935112,0.0002
4393.0,9.0,0.016402455046772957,0.0002
4394.0,9.0,0.01604141667485237,0.0002
4395.0,9.0,0.014841446653008461,0.0002
4396.0,9.0,0.019415786489844322,0.0002
4397.0,9.0,0.021204274147748947,0.0002
4398.0,9.0,0.015768717974424362,0.0002
4399.0,9.0,0.01750686950981617,0.0002
4400.0,9.0,0.020084921270608902,0.0002
4401.0,9.0,0.0182829350233078,0.0002
4402.0,9.0,0.01656404696404934,0.0002
4403.0,9.0,0.01351528987288475,0.0002
4404.0,9.0,0.016853298991918564,0.0002
4405.0,9.0,0.017671268433332443,0.0002
4406.0,9.0,0.014014378190040588,0.0002
4407.0,9.0,0.0180708859115839,0.0002
4408.0,9.0,0.015011794865131378,0.0002
4409.0,9.0,0.017053350806236267,0.0002
4410.0,9.0,0.018133308738470078,0.0002
4411.0,9.0,0.018383976072072983,0.0002
4412.0,9.0,0.016635797917842865,0.0002
4413.0,9.0,0.019405391067266464,0.0002
4414.0,9.0,0.01693648472428322,0.0002
4415.0,9.0,0.01980523392558098,0.0002
4416.0,9.0,0.02124655991792679,0.0002
4417.0,9.0,0.020013146102428436,0.0002
4418.0,9.0,0.02108456753194332,0.0002
4419.0,9.0,0.01774626225233078,0.0002
4420.0,9.0,0.015486587770283222,0.0002
4421.0,9.0,0.025277769193053246,0.0002
4422.0,9.0,0.019566591829061508,0.0002
4423.0,9.0,0.01255258172750473,0.0002
4424.0,9.0,0.015217971056699753,0.0002
4425.0,9.0,0.024304116144776344,0.0002
4426.0,9.0,0.014651941135525703,0.0002
4427.0,9.0,0.019549813121557236,0.0002
4428.0,9.0,0.01916244998574257,0.0002
4429.0,9.0,0.01867550238966942,0.0002
4430.0,9.0,0.018026813864707947,0.0002
4431.0,9.0,0.0157606340944767,0.0002
4432.0,9.0,0.018163437023758888,0.0002
4433.0,9.0,0.01671985536813736,0.0002
4434.0,9.0,0.017933683469891548,0.0002
4435.0,9.0,0.023961646482348442,0.0002
4436.0,9.0,0.018008839339017868,0.0002
4437.0,9.0,0.019042085856199265,0.0002
4438.0,9.0,0.015440000221133232,0.0002
4439.0,9.0,0.015217537991702557,0.0002
4440.0,9.0,0.01395157165825367,0.0002
4441.0,9.0,0.017029061913490295,0.0002
4442.0,9.0,0.01740974187850952,0.0002
4443.0,9.0,0.017656905576586723,0.0002
4444.0,9.0,0.02297508716583252,0.0002
4445.0,9.0,0.017130274325609207,0.0002
4446.0,9.0,0.024803103879094124,0.0002
4447.0,9.0,0.01732444390654564,0.0002
4448.0,9.0,0.022252751514315605,0.0002
4449.0,9.0,0.016014225780963898,0.0002
4450.0,9.0,0.014763370156288147,0.0002
4451.0,9.0,0.019983872771263123,0.0002
4452.0,9.0,0.015948954969644547,0.0002
4453.0,9.0,0.02130480855703354,0.0002
4454.0,9.0,0.015436841174960136,0.0002
4455.0,9.0,0.01814277097582817,0.0002
4456.0,9.0,0.02044091746211052,0.0002
4457.0,9.0,0.01963139697909355,0.0002
4458.0,9.0,0.020588062703609467,0.0002
4459.0,9.0,0.01686532236635685,0.0002
4460.0,9.0,0.015101831406354904,0.0002
4461.0,9.0,0.017497068271040916,0.0002
4462.0,9.0,0.01582091860473156,0.0002
4463.0,9.0,0.021847354248166084,0.0002
4464.0,9.0,0.017423491925001144,0.0002
4465.0,9.0,0.018146153539419174,0.0002
4466.0,9.0,0.017346994951367378,0.0002
4467.0,9.0,0.018741270527243614,0.0002
4468.0,9.0,0.017523888498544693,0.0002
4469.0,9.0,0.01987968571484089,0.0002
4470.0,9.0,0.013913777656853199,0.0002
4471.0,9.0,0.014958271756768227,0.0002
4472.0,9.0,0.01719060353934765,0.0002
4473.0,9.0,0.017697198316454887,0.0002
4474.0,9.0,0.018381569534540176,0.0002
4475.0,9.0,0.020986441522836685,0.0002
4476.0,9.0,0.01464272104203701,0.0002
4477.0,9.0,0.025147130712866783,0.0002
4478.0,9.0,0.018867406994104385,0.0002
4479.0,9.0,0.018399035558104515,0.0002
4480.0,9.0,0.013780803419649601,0.0002
4481.0,9.0,0.020102770999073982,0.0002
4482.0,9.0,0.018389718607068062,0.0002
4483.0,9.0,0.018300369381904602,0.0002
4484.0,9.0,0.019270077347755432,0.0002
4485.0,9.0,0.017557375133037567,0.0002
4486.0,9.0,0.01700008474290371,0.0002
4487.0,9.0,0.014776542782783508,0.0002
4488.0,9.0,0.019232947379350662,0.0002
4489.0,9.0,0.015972469002008438,0.0002
4490.0,9.0,0.018530499190092087,0.0002
4491.0,9.0,0.01834890991449356,0.0002
4492.0,9.0,0.022073892876505852,0.0002
4493.0,9.0,0.01816514879465103,0.0002
4494.0,9.0,0.01642618328332901,0.0002
4495.0,9.0,0.017346929758787155,0.0002
4496.0,9.0,0.018630605190992355,0.0002
4497.0,9.0,0.014262896962463856,0.0002
4498.0,9.0,0.01619189791381359,0.0002
4499.0,9.0,0.023760691285133362,0.0002
4500.0,9.0,0.015061435289680958,0.0002
4501.0,9.0,0.018154017627239227,0.0002
4502.0,9.0,0.018349874764680862,0.0002
4503.0,9.0,0.01765979640185833,0.0002
4504.0,9.0,0.01938227191567421,0.0002
4505.0,9.0,0.021454554051160812,0.0002
4506.0,9.0,0.016913097351789474,0.0002
4507.0,9.0,0.015778636559844017,0.0002
4508.0,9.0,0.014081728644669056,0.0002
4509.0,9.0,0.017283331602811813,0.0002
4510.0,9.0,0.020610323175787926,0.0002
4511.0,9.0,0.01874697394669056,0.0002
4512.0,9.0,0.017804834991693497,0.0002
4513.0,9.0,0.015696126967668533,0.0002
4514.0,9.0,0.012144885957241058,0.0002
4515.0,9.0,0.01411638967692852,0.0002
4516.0,9.0,0.016857333481311798,0.0002
4517.0,9.0,0.021220194175839424,0.0002
4518.0,9.0,0.016346842050552368,0.0002
4519.0,9.0,0.01492016576230526,0.0002
4520.0,9.0,0.01862609013915062,0.0002
4521.0,9.0,0.013964763842523098,0.0002
4522.0,9.0,0.014213182032108307,0.0002
4523.0,9.0,0.017064210027456284,0.0002
4524.0,9.0,0.020283659920096397,0.0002
4525.0,9.0,0.01865958422422409,0.0002
4526.0,9.0,0.018945567309856415,0.0002
4527.0,9.0,0.016543883830308914,0.0002
4528.0,9.0,0.01684410870075226,0.0002
4529.0,9.0,0.019086265936493874,0.0002
4530.0,9.0,0.014309955760836601,0.0002
4531.0,9.0,0.017867280170321465,0.0002
4532.0,9.0,0.017074739560484886,0.0002
4533.0,9.0,0.017249392345547676,0.0002
4534.0,9.0,0.0173343475908041,0.0002
4535.0,9.0,0.015880733728408813,0.0002
4536.0,9.0,0.01807592809200287,0.0002
4537.0,9.0,0.026552341878414154,0.0002
4538.0,9.0,0.01802949607372284,0.0002
4539.0,9.0,0.018356043845415115,0.0002
4540.0,9.0,0.01949290744960308,0.0002
4541.0,9.0,0.017893638461828232,0.0002
4542.0,9.0,0.02139328047633171,0.0002
4543.0,9.0,0.0196073018014431,0.0002
4544.0,9.0,0.017571747303009033,0.0002
4545.0,9.0,0.01712641492486,0.0002
4546.0,9.0,0.015309497714042664,0.0002
4547.0,9.0,0.015569332055747509,0.0002
4548.0,9.0,0.016734875738620758,0.0002
4549.0,9.0,0.015252429991960526,0.0002
4550.0,9.0,0.017443770542740822,0.0002
4551.0,9.0,0.016475860029459,0.0002
4552.0,9.0,0.01907527446746826,0.0002
4553.0,9.0,0.017094699665904045,0.0002
4554.0,9.0,0.01729157567024231,0.0002
4555.0,9.0,0.018745368346571922,0.0002
4556.0,9.0,0.02057778462767601,0.0002
4557.0,9.0,0.017272982746362686,0.0002
4558.0,9.0,0.02138172835111618,0.0002
4559.0,9.0,0.01802140101790428,0.0002
4560.0,9.0,0.014647630974650383,0.0002
4561.0,9.0,0.014333445578813553,0.0002
4562.0,9.0,0.014919264242053032,0.0002
4563.0,9.0,0.01896790601313114,0.0002
4564.0,9.0,0.017337368801236153,0.0002
4565.0,9.0,0.018073637038469315,0.0002
4566.0,9.0,0.016845379024744034,0.0002
4567.0,9.0,0.016070546582341194,0.0002
4568.0,9.0,0.014579800888895988,0.0002
4569.0,9.0,0.017465949058532715,0.0002
4570.0,9.0,0.017595689743757248,0.0002
4571.0,9.0,0.021335987374186516,0.0002
4572.0,9.0,0.018056921660900116,0.0002
4573.0,9.0,0.022704770788550377,0.0002
4574.0,9.0,0.01791192963719368,0.0002
4575.0,9.0,0.01826840080320835,0.0002
4576.0,9.0,0.021963711827993393,0.0002
4577.0,9.0,0.022002756595611572,0.0002
4578.0,9.0,0.014860013499855995,0.0002
4579.0,9.0,0.016642825677990913,0.0002
4580.0,9.0,0.02091798558831215,0.0002
4581.0,9.0,0.016036953777074814,0.0002
4582.0,9.0,0.015620587393641472,0.0002
4583.0,9.0,0.01608053222298622,0.0002
4584.0,9.0,0.0160587839782238,0.0002
4585.0,9.0,0.017729023471474648,0.0002
4586.0,9.0,0.015532812103629112,0.0002
4587.0,9.0,0.02079268917441368,0.0002
4588.0,9.0,0.018206750974059105,0.0002
4589.0,9.0,0.022005435079336166,0.0002
4590.0,9.0,0.01738286390900612,0.0002
4591.0,9.0,0.017966657876968384,0.0002
4592.0,9.0,0.019440636038780212,0.0002
4593.0,9.0,0.019153714179992676,0.0002
4594.0,9.0,0.018709177151322365,0.0002
4595.0,9.0,0.02163705974817276,0.0002
4596.0,9.0,0.018881309777498245,0.0002
4597.0,9.0,0.018327342346310616,0.0002
4598.0,9.0,0.019138548523187637,0.0002
4599.0,9.0,0.016452731564641,0.0002
4600.0,9.0,0.014301896095275879,0.0002
4601.0,9.0,0.018733369186520576,0.0002
4602.0,9.0,0.022874969989061356,0.0002
4603.0,9.0,0.020381875336170197,0.0002
4604.0,9.0,0.014114552177488804,0.0002
4605.0,9.0,0.018219148740172386,0.0002
4606.0,9.0,0.021009836345911026,0.0002
4607.0,9.0,0.015231240540742874,0.0002
4608.0,9.0,0.01578420028090477,0.0002
4609.0,9.0,0.017374912276864052,0.0002
4610.0,9.0,0.01809430494904518,0.0002
4611.0,9.0,0.016701266169548035,0.0002
4612.0,9.0,0.015877768397331238,0.0002
4613.0,9.0,0.02111944928765297,0.0002
4614.0,9.0,0.015264859423041344,0.0002
4615.0,9.0,0.015666231513023376,0.0002
4616.0,9.0,0.018271803855895996,0.0002
4617.0,9.0,0.02271268516778946,0.0002
4618.0,9.0,0.016296865418553352,0.0002
4619.0,9.0,0.023588333278894424,0.0002
4620.0,9.0,0.017688198015093803,0.0002
4621.0,9.0,0.01978106051683426,0.0002
4622.0,9.0,0.020637009292840958,0.0002
4623.0,9.0,0.016117122024297714,0.0002
4624.0,9.0,0.018382040783762932,0.0002
4625.0,9.0,0.019152123481035233,0.0002
4626.0,9.0,0.018641546368598938,0.0002
4627.0,9.0,0.015038661658763885,0.0002
4628.0,9.0,0.01573825627565384,0.0002
4629.0,9.0,0.018633916974067688,0.0002
4630.0,9.0,0.017118657007813454,0.0002
4631.0,9.0,0.017442282289266586,0.0002
4632.0,9.0,0.014716270379722118,0.0002
4633.0,9.0,0.020806243643164635,0.0002
4634.0,9.0,0.015952683985233307,0.0002
4635.0,9.0,0.013456115499138832,0.0002
4636.0,9.0,0.02299109846353531,0.0002
4637.0,9.0,0.012840264476835728,0.0002
4638.0,9.0,0.023376410827040672,0.0002
4639.0,9.0,0.01652907393872738,0.0002
4640.0,9.0,0.020057428628206253,0.0002
4641.0,9.0,0.017734063789248466,0.0002
4642.0,9.0,0.015623865649104118,0.0002
4643.0,9.0,0.014336309395730495,0.0002
4644.0,9.0,0.016274364665150642,0.0002
4645.0,9.0,0.015339717268943787,0.0002
4646.0,9.0,0.01290763821452856,0.0002
4647.0,9.0,0.014085358940064907,0.0002
4648.0,9.0,0.021264538168907166,0.0002
4649.0,9.0,0.01570943556725979,0.0002
4650.0,9.0,0.01706712506711483,0.0002
4651.0,9.0,0.01747843623161316,0.0002
4652.0,9.0,0.01258696336299181,0.0002
4653.0,9.0,0.019180644303560257,0.0002
4654.0,9.0,0.01758359745144844,0.0002
4655.0,9.0,0.020053252577781677,0.0002
4656.0,9.0,0.016770215705037117,0.0002
4657.0,9.0,0.01822873204946518,0.0002
4658.0,9.0,0.016050823032855988,0.0002
4659.0,9.0,0.017219744622707367,0.0002
4660.0,9.0,0.01954471319913864,0.0002
4661.0,9.0,0.013892561197280884,0.0002
4662.0,9.0,0.019206073135137558,0.0002
4663.0,9.0,0.018070563673973083,0.0002
4664.0,9.0,0.02282397821545601,0.0002
4665.0,9.0,0.017406970262527466,0.0002
4666.0,9.0,0.013185078278183937,0.0002
4667.0,9.0,0.013433856889605522,0.0002
4668.0,9.0,0.020966630429029465,0.0002
4669.0,9.0,0.01843004673719406,0.0002
4670.0,9.0,0.015990031883120537,0.0002
4671.0,9.0,0.015578589402139187,0.0002
4672.0,9.0,0.01971295475959778,0.0002
4673.0,9.0,0.017102085053920746,0.0002
4674.0,9.0,0.017188962548971176,0.0002
4675.0,9.0,0.01862344890832901,0.0002
4676.0,9.0,0.023371748626232147,0.0002
4677.0,9.0,0.019201155751943588,0.0002
4678.0,9.0,0.020227722823619843,0.0002
4679.0,9.0,0.015592866577208042,0.0002
4680.0,9.0,0.013320442289113998,0.0002
4681.0,10.0,0.017939656972885132,0.0002
4682.0,10.0,0.016822412610054016,0.0002
4683.0,10.0,0.02214929834008217,0.0002
4684.0,10.0,0.020512579008936882,0.0002
4685.0,10.0,0.011985128745436668,0.0002
4686.0,10.0,0.01369111891835928,0.0002
4687.0,10.0,0.01864861696958542,0.0002
4688.0,10.0,0.019232407212257385,0.0002
4689.0,10.0,0.02386021614074707,0.0002
4690.0,10.0,0.01680881343781948,0.0002
4691.0,10.0,0.017031230032444,0.0002
4692.0,10.0,0.020930999889969826,0.0002
4693.0,10.0,0.014879156835377216,0.0002
4694.0,10.0,0.022060174494981766,0.0002
4695.0,10.0,0.01675553247332573,0.0002
4696.0,10.0,0.01708768866956234,0.0002
4697.0,10.0,0.019315537065267563,0.0002
4698.0,10.0,0.015708478167653084,0.0002
4699.0,10.0,0.018842773512005806,0.0002
4700.0,10.0,0.015833601355552673,0.0002
4701.0,10.0,0.018490813672542572,0.0002
4702.0,10.0,0.02252950891852379,0.0002
4703.0,10.0,0.013030004687607288,0.0002
4704.0,10.0,0.01608199253678322,0.0002
4705.0,10.0,0.014016147702932358,0.0002
4706.0,10.0,0.013982340693473816,0.0002
4707.0,10.0,0.019391410052776337,0.0002
4708.0,10.0,0.016936972737312317,0.0002
4709.0,10.0,0.022649526596069336,0.0002
4710.0,10.0,0.017557330429553986,0.0002
4711.0,10.0,0.016613107174634933,0.0002
4712.0,10.0,0.017201581969857216,0.0002
4713.0,10.0,0.01616411656141281,0.0002
4714.0,10.0,0.01679760031402111,0.0002
4715.0,10.0,0.018516212701797485,0.0002
4716.0,10.0,0.018976321443915367,0.0002
4717.0,10.0,0.02026193216443062,0.0002
4718.0,10.0,0.0173308365046978,0.0002
4719.0,10.0,0.017675897106528282,0.0002
4720.0,10.0,0.021785959601402283,0.0002
4721.0,10.0,0.017676210030913353,0.0002
4722.0,10.0,0.018651770427823067,0.0002
4723.0,10.0,0.018316395580768585,0.0002
4724.0,10.0,0.017984524369239807,0.0002
4725.0,10.0,0.017293419688940048,0.0002
4726.0,10.0,0.018754106014966965,0.0002
4727.0,10.0,0.016959860920906067,0.0002
4728.0,10.0,0.015584997832775116,0.0002
4729.0,10.0,0.020046524703502655,0.0002
4730.0,10.0,0.02124750427901745,0.0002
4731.0,10.0,0.01551024615764618,0.0002
4732.0,10.0,0.013355476781725883,0.0002
4733.0,10.0,0.020077824592590332,0.0002
4734.0,10.0,0.020024849101901054,0.0002
4735.0,10.0,0.017449606209993362,0.0002
4736.0,10.0,0.01748812012374401,0.0002
4737.0,10.0,0.021378252655267715,0.0002
4738.0,10.0,0.016435369849205017,0.0002
4739.0,10.0,0.01428774930536747,0.0002
4740.0,10.0,0.0184374637901783,0.0002
4741.0,10.0,0.019091233611106873,0.0002
4742.0,10.0,0.016737235710024834,0.0002
4743.0,10.0,0.01774996519088745,0.0002
4744.0,10.0,0.015283593907952309,0.0002
4745.0,10.0,0.018122851848602295,0.0002
4746.0,10.0,0.017491504549980164,0.0002
4747.0,10.0,0.015908867120742798,0.0002
4748.0,10.0,0.01314845122396946,0.0002
4749.0,10.0,0.0199071504175663,0.0002
4750.0,10.0,0.016691654920578003,0.0002
4751.0,10.0,0.01907259412109852,0.0002
4752.0,10.0,0.019876131787896156,0.0002
4753.0,10.0,0.013762389309704304,0.0002
4754.0,10.0,0.016599085181951523,0.0002
4755.0,10.0,0.017891932278871536,0.0002
4756.0,10.0,0.018773997202515602,0.0002
4757.0,10.0,0.018738387152552605,0.0002
4758.0,10.0,0.016306106001138687,0.0002
4759.0,10.0,0.01763010397553444,0.0002
4760.0,10.0,0.014928556978702545,0.0002
4761.0,10.0,0.014849920757114887,0.0002
4762.0,10.0,0.019099079072475433,0.0002
4763.0,10.0,0.01758001744747162,0.0002
4764.0,10.0,0.01582515612244606,0.0002
4765.0,10.0,0.018757406622171402,0.0002
4766.0,10.0,0.013876335695385933,0.0002
4767.0,10.0,0.02008349634706974,0.0002
4768.0,10.0,0.01775633543729782,0.0002
4769.0,10.0,0.01822051778435707,0.0002
4770.0,10.0,0.018709784373641014,0.0002
4771.0,10.0,0.01724720373749733,0.0002
4772.0,10.0,0.015805097296833992,0.0002
4773.0,10.0,0.01640959084033966,0.0002
4774.0,10.0,0.016922511160373688,0.0002
4775.0,10.0,0.013805864378809929,0.0002
4776.0,10.0,0.01475351769477129,0.0002
4777.0,10.0,0.015375381335616112,0.0002
4778.0,10.0,0.01900891400873661,0.0002
4779.0,10.0,0.015865124762058258,0.0002
4780.0,10.0,0.013255002908408642,0.0002
4781.0,10.0,0.015695009380578995,0.0002
4782.0,10.0,0.016421958804130554,0.0002
4783.0,10.0,0.015565497800707817,0.0002
4784.0,10.0,0.020219892263412476,0.0002
4785.0,10.0,0.017565179616212845,0.0002
4786.0,10.0,0.017436930909752846,0.0002
4787.0,10.0,0.018403373658657074,0.0002
4788.0,10.0,0.017232196405529976,0.0002
4789.0,10.0,0.01599368453025818,0.0002
4790.0,10.0,0.013176774606108665,0.0002
4791.0,10.0,0.018936801701784134,0.0002
4792.0,10.0,0.01630375161767006,0.0002
4793.0,10.0,0.02062731422483921,0.0002
4794.0,10.0,0.016131918877363205,0.0002
4795.0,10.0,0.013345105573534966,0.0002
4796.0,10.0,0.01700718328356743,0.0002
4797.0,10.0,0.017783787101507187,0.0002
4798.0,10.0,0.01738421805202961,0.0002
4799.0,10.0,0.01594088226556778,0.0002
4800.0,10.0,0.015196760185062885,0.0002
4801.0,10.0,0.02014971897006035,0.0002
4802.0,10.0,0.017001446336507797,0.0002
4803.0,10.0,0.020578354597091675,0.0002
4804.0,10.0,0.01760493591427803,0.0002
4805.0,10.0,0.01883210614323616,0.0002
4806.0,10.0,0.014196227304637432,0.0002
4807.0,10.0,0.015545082278549671,0.0002
4808.0,10.0,0.01780792884528637,0.0002
4809.0,10.0,0.014458698220551014,0.0002
4810.0,10.0,0.019490934908390045,0.0002
4811.0,10.0,0.020209405571222305,0.0002
4812.0,10.0,0.019904665648937225,0.0002
4813.0,10.0,0.017064109444618225,0.0002
4814.0,10.0,0.013529842719435692,0.0002
4815.0,10.0,0.015371125191450119,0.0002
4816.0,10.0,0.019011221826076508,0.0002
4817.0,10.0,0.014577793888747692,0.0002
4818.0,10.0,0.014745349064469337,0.0002
4819.0,10.0,0.017873043194413185,0.0002
4820.0,10.0,0.01760711520910263,0.0002
4821.0,10.0,0.01579270511865616,0.0002
4822.0,10.0,0.01798146963119507,0.0002
4823.0,10.0,0.018845606595277786,0.0002
4824.0,10.0,0.018549827858805656,0.0002
4825.0,10.0,0.019723033532500267,0.0002
4826.0,10.0,0.02007901668548584,0.0002
4827.0,10.0,0.016379881650209427,0.0002
4828.0,10.0,0.021377723664045334,0.0002
4829.0,10.0,0.014461200684309006,0.0002
4830.0,10.0,0.020271994173526764,0.0002
4831.0,10.0,0.022027216851711273,0.0002
4832.0,10.0,0.018441658467054367,0.0002
4833.0,10.0,0.016792282462120056,0.0002
4834.0,10.0,0.016719691455364227,0.0002
4835.0,10.0,0.01563069596886635,0.0002
4836.0,10.0,0.019391939043998718,0.0002
4837.0,10.0,0.015440127812325954,0.0002
4838.0,10.0,0.016307272017002106,0.0002
4839.0,10.0,0.017139587551355362,0.0002
4840.0,10.0,0.015170693397521973,0.0002
4841.0,10.0,0.015265949070453644,0.0002
4842.0,10.0,0.014430833049118519,0.0002
4843.0,10.0,0.01638639345765114,0.0002
4844.0,10.0,0.018493924289941788,0.0002
4845.0,10.0,0.0172017440199852,0.0002
4846.0,10.0,0.01844557374715805,0.0002
4847.0,10.0,0.013522150926291943,0.0002
4848.0,10.0,0.023500334471464157,0.0002
4849.0,10.0,0.0163798239082098,0.0002
4850.0,10.0,0.012969177216291428,0.0002
4851.0,10.0,0.014348345808684826,0.0002
4852.0,10.0,0.017450295388698578,0.0002
4853.0,10.0,0.01711910404264927,0.0002
4854.0,10.0,0.016490915790200233,0.0002
4855.0,10.0,0.014133297838270664,0.0002
4856.0,10.0,0.014813174493610859,0.0002
4857.0,10.0,0.017125075682997704,0.0002
4858.0,10.0,0.02032231166958809,0.0002
4859.0,10.0,0.020286303013563156,0.0002
4860.0,10.0,0.019194554537534714,0.0002
4861.0,10.0,0.018408186733722687,0.0002
4862.0,10.0,0.01819135621190071,0.0002
4863.0,10.0,0.016585003584623337,0.0002
4864.0,10.0,0.0181778222322464,0.0002
4865.0,10.0,0.02346823737025261,0.0002
4866.0,10.0,0.013895733281970024,0.0002
4867.0,10.0,0.018683578819036484,0.0002
4868.0,10.0,0.015448412857949734,0.0002
4869.0,10.0,0.01268275361508131,0.0002
4870.0,10.0,0.014779838733375072,0.0002
4871.0,10.0,0.019862454384565353,0.0002
4872.0,10.0,0.014385944232344627,0.0002
4873.0,10.0,0.01616225391626358,0.0002
4874.0,10.0,0.014139997772872448,0.0002
4875.0,10.0,0.019470546394586563,0.0002
4876.0,10.0,0.016563862562179565,0.0002
4877.0,10.0,0.016977597028017044,0.0002
4878.0,10.0,0.02008703351020813,0.0002
4879.0,10.0,0.017279651015996933,0.0002
4880.0,10.0,0.01382304634898901,0.0002
4881.0,10.0,0.021863143891096115,0.0002
4882.0,10.0,0.019119059666991234,0.0002
4883.0,10.0,0.015613043680787086,0.0002
4884.0,10.0,0.020383331924676895,0.0002
4885.0,10.0,0.013963781297206879,0.0002
4886.0,10.0,0.019404668360948563,0.0002
4887.0,10.0,0.016972864046692848,0.0002
4888.0,10.0,0.02007276564836502,0.0002
4889.0,10.0,0.014337321743369102,0.0002
4890.0,10.0,0.01666110008955002,0.0002
4891.0,10.0,0.015663331374526024,0.0002
4892.0,10.0,0.016295798122882843,0.0002
4893.0,10.0,0.015183918178081512,0.0002
4894.0,10.0,0.01995256170630455,0.0002
4895.0,10.0,0.015474556013941765,0.0002
4896.0,10.0,0.017297087237238884,0.0002
4897.0,10.0,0.015585869550704956,0.0002
4898.0,10.0,0.01644468680024147,0.0002
4899.0,10.0,0.017683012410998344,0.0002
4900.0,10.0,0.023527804762125015,0.0002
4901.0,10.0,0.016414355486631393,0.0002
4902.0,10.0,0.018863210454583168,0.0002
4903.0,10.0,0.015140410512685776,0.0002
4904.0,10.0,0.019954022020101547,0.0002
4905.0,10.0,0.015405573882162571,0.0002
4906.0,10.0,0.015760067850351334,0.0002
4907.0,10.0,0.019903022795915604,0.0002
4908.0,10.0,0.022703301161527634,0.0002
4909.0,10.0,0.015365062281489372,0.0002
4910.0,10.0,0.017529558390378952,0.0002
4911.0,10.0,0.013918887823820114,0.0002
4912.0,10.0,0.01598096638917923,0.0002
4913.0,10.0,0.013864334672689438,0.0002
4914.0,10.0,0.013287522830069065,0.0002
4915.0,10.0,0.01953432336449623,0.0002
4916.0,10.0,0.01922633871436119,0.0002
4917.0,10.0,0.015157618559896946,0.0002
4918.0,10.0,0.013559738174080849,0.0002
4919.0,10.0,0.01817004568874836,0.0002
4920.0,10.0,0.016104158014059067,0.0002
4921.0,10.0,0.017958052456378937,0.0002
4922.0,10.0,0.014757444150745869,0.0002
4923.0,10.0,0.014501219615340233,0.0002
4924.0,10.0,0.01740378513932228,0.0002
4925.0,10.0,0.014252855442464352,0.0002
4926.0,10.0,0.01982222869992256,0.0002
4927.0,10.0,0.01797647960484028,0.0002
4928.0,10.0,0.016345249488949776,0.0002
4929.0,10.0,0.017617519944906235,0.0002
4930.0,10.0,0.016142364591360092,0.0002
4931.0,10.0,0.013696372509002686,0.0002
4932.0,10.0,0.017103955149650574,0.0002
4933.0,10.0,0.015366846695542336,0.0002
4934.0,10.0,0.017795633524656296,0.0002
4935.0,10.0,0.019054435193538666,0.0002
4936.0,10.0,0.018580399453639984,0.0002
4937.0,10.0,0.02201719395816326,0.0002
4938.0,10.0,0.0167988408356905,0.0002
4939.0,10.0,0.016900314018130302,0.0002
4940.0,10.0,0.019017478451132774,0.0002
4941.0,10.0,0.01886903867125511,0.0002
4942.0,10.0,0.01711699366569519,0.0002
4943.0,10.0,0.014584178104996681,0.0002
4944.0,10.0,0.019447259604930878,0.0002
4945.0,10.0,0.01580510474741459,0.0002
4946.0,10.0,0.015609823167324066,0.0002
4947.0,10.0,0.015292302705347538,0.0002
4948.0,10.0,0.015788299962878227,0.0002
4949.0,10.0,0.016559217125177383,0.0002
4950.0,10.0,0.017430417239665985,0.0002
4951.0,10.0,0.018641917034983635,0.0002
4952.0,10.0,0.018969658762216568,0.0002
4953.0,10.0,0.017191821709275246,0.0002
4954.0,10.0,0.01764165610074997,0.0002
4955.0,10.0,0.014941621571779251,0.0002
4956.0,10.0,0.018144641071558,0.0002
4957.0,10.0,0.01451733149588108,0.0002
4958.0,10.0,0.015584695152938366,0.0002
4959.0,10.0,0.013165703043341637,0.0002
4960.0,10.0,0.018894411623477936,0.0002
4961.0,10.0,0.020274601876735687,0.0002
4962.0,10.0,0.016931574791669846,0.0002
4963.0,10.0,0.020622070878744125,0.0002
4964.0,10.0,0.01523844338953495,0.0002
4965.0,10.0,0.016048423945903778,0.0002
4966.0,10.0,0.02752297930419445,0.0002
4967.0,10.0,0.018220853060483932,0.0002
4968.0,10.0,0.012673480436205864,0.0002
4969.0,10.0,0.014115852303802967,0.0002
4970.0,10.0,0.015932925045490265,0.0002
4971.0,10.0,0.017189010977745056,0.0002
4972.0,10.0,0.01487010158598423,0.0002
4973.0,10.0,0.01867200993001461,0.0002
4974.0,10.0,0.01849433034658432,0.0002
4975.0,10.0,0.01892067864537239,0.0002
4976.0,10.0,0.013821197673678398,0.0002
4977.0,10.0,0.01952127367258072,0.0002
4978.0,10.0,0.011969959363341331,0.0002
4979.0,10.0,0.020547958090901375,0.0002
4980.0,10.0,0.015586534515023232,0.0002
4981.0,10.0,0.01382426731288433,0.0002
4982.0,10.0,0.01998155750334263,0.0002
4983.0,10.0,0.02434515208005905,0.0002
4984.0,10.0,0.017659960314631462,0.0002
4985.0,10.0,0.018639318645000458,0.0002
4986.0,10.0,0.01819588802754879,0.0002
4987.0,10.0,0.016891229897737503,0.0002
4988.0,10.0,0.01808737963438034,0.0002
4989.0,10.0,0.016166144981980324,0.0002
4990.0,10.0,0.013186853379011154,0.0002
4991.0,10.0,0.016302213072776794,0.0002
4992.0,10.0,0.01638353429734707,0.0002
4993.0,10.0,0.015428444370627403,0.0002
4994.0,10.0,0.018799934536218643,0.0002
4995.0,10.0,0.015577929094433784,0.0002
4996.0,10.0,0.015109526924788952,0.0002
4997.0,10.0,0.015736054629087448,0.0002
4998.0,10.0,0.019436584785580635,0.0002
4999.0,10.0,0.0202664565294981,0.0002
5000.0,10.0,0.01995106041431427,0.0002
5001.0,10.0,0.01934339851140976,0.0002
5002.0,10.0,0.01977446675300598,0.0002
5003.0,10.0,0.016652807593345642,0.0002
5004.0,10.0,0.019154740497469902,0.0002
5005.0,10.0,0.018831990659236908,0.0002
5006.0,10.0,0.019842904061079025,0.0002
5007.0,10.0,0.01916888915002346,0.0002
5008.0,10.0,0.020683811977505684,0.0002
5009.0,10.0,0.018535418435931206,0.0002
5010.0,10.0,0.017849553376436234,0.0002
5011.0,10.0,0.01606135070323944,0.0002
5012.0,10.0,0.01727893576025963,0.0002
5013.0,10.0,0.0174704622477293,0.0002
5014.0,10.0,0.01873704232275486,0.0002
5015.0,10.0,0.02121044509112835,0.0002
5016.0,10.0,0.019395317882299423,0.0002
5017.0,10.0,0.01742851361632347,0.0002
5018.0,10.0,0.017443222925066948,0.0002
5019.0,10.0,0.015629954636096954,0.0002
5020.0,10.0,0.017495209351181984,0.0002
5021.0,10.0,0.017442097887396812,0.0002
5022.0,10.0,0.01617666333913803,0.0002
5023.0,10.0,0.017507819458842278,0.0002
5024.0,10.0,0.01957761123776436,0.0002
5025.0,10.0,0.018154557794332504,0.0002
5026.0,10.0,0.017759323120117188,0.0002
5027.0,10.0,0.016593601554632187,0.0002
5028.0,10.0,0.016996921971440315,0.0002
5029.0,10.0,0.022376902401447296,0.0002
5030.0,10.0,0.018884269520640373,0.0002
5031.0,10.0,0.015588220208883286,0.0002
5032.0,10.0,0.01469497848302126,0.0002
5033.0,10.0,0.01978268474340439,0.0002
5034.0,10.0,0.01632634364068508,0.0002
5035.0,10.0,0.016614992171525955,0.0002
5036.0,10.0,0.01852257177233696,0.0002
5037.0,10.0,0.01864994689822197,0.0002
5038.0,10.0,0.01719609834253788,0.0002
5039.0,10.0,0.016549700871109962,0.0002
5040.0,10.0,0.01761268638074398,0.0002
5041.0,10.0,0.014786342158913612,0.0002
5042.0,10.0,0.015770085155963898,0.0002
5043.0,10.0,0.017288610339164734,0.0002
5044.0,10.0,0.021914571523666382,0.0002
5045.0,10.0,0.01481634471565485,0.0002
5046.0,10.0,0.01991567760705948,0.0002
5047.0,10.0,0.020271316170692444,0.0002
5048.0,10.0,0.015582380816340446,0.0002
5049.0,10.0,0.013909474015235901,0.0002
5050.0,10.0,0.01737884432077408,0.0002
5051.0,10.0,0.015572598204016685,0.0002
5052.0,10.0,0.018948055803775787,0.0002
5053.0,10.0,0.01695450395345688,0.0002
5054.0,10.0,0.02102215588092804,0.0002
5055.0,10.0,0.02002136781811714,0.0002
5056.0,10.0,0.017928170040249825,0.0002
5057.0,10.0,0.017245972529053688,0.0002
5058.0,10.0,0.018581906333565712,0.0002
5059.0,10.0,0.019777506589889526,0.0002
5060.0,10.0,0.017976216971874237,0.0002
5061.0,10.0,0.02360742911696434,0.0002
5062.0,10.0,0.022100014612078667,0.0002
5063.0,10.0,0.017591651529073715,0.0002
5064.0,10.0,0.015038883313536644,0.0002
5065.0,10.0,0.02056524157524109,0.0002
5066.0,10.0,0.014329351484775543,0.0002
5067.0,10.0,0.020176824182271957,0.0002
5068.0,10.0,0.016919806599617004,0.0002
5069.0,10.0,0.01969236135482788,0.0002
5070.0,10.0,0.016299689188599586,0.0002
5071.0,10.0,0.016260722652077675,0.0002
5072.0,10.0,0.021279439330101013,0.0002
5073.0,10.0,0.01830318383872509,0.0002
5074.0,10.0,0.014530833810567856,0.0002
5075.0,10.0,0.017629433423280716,0.0002
5076.0,10.0,0.013170260936021805,0.0002
5077.0,10.0,0.018733449280261993,0.0002
5078.0,10.0,0.01980719529092312,0.0002
5079.0,10.0,0.017588021233677864,0.0002
5080.0,10.0,0.017114467918872833,0.0002
5081.0,10.0,0.02022215723991394,0.0002
5082.0,10.0,0.014940671622753143,0.0002
5083.0,10.0,0.017636463046073914,0.0002
5084.0,10.0,0.01778578758239746,0.0002
5085.0,10.0,0.021114220842719078,0.0002
5086.0,10.0,0.017842015251517296,0.0002
5087.0,10.0,0.017704807221889496,0.0002
5088.0,10.0,0.01830664649605751,0.0002
5089.0,10.0,0.016537906602025032,0.0002
5090.0,10.0,0.012907941825687885,0.0002
5091.0,10.0,0.015030966140329838,0.0002
5092.0,10.0,0.014896025881171227,0.0002
5093.0,10.0,0.01804545894265175,0.0002
5094.0,10.0,0.014021351933479309,0.0002
5095.0,10.0,0.02072114683687687,0.0002
5096.0,10.0,0.013582214713096619,0.0002
5097.0,10.0,0.019335061311721802,0.0002
5098.0,10.0,0.016031667590141296,0.0002
5099.0,10.0,0.01708059571683407,0.0002
5100.0,10.0,0.01889771781861782,0.0002
5101.0,10.0,0.02082483470439911,0.0002
5102.0,10.0,0.016379080712795258,0.0002
5103.0,10.0,0.016644377261400223,0.0002
5104.0,10.0,0.02034011110663414,0.0002
5105.0,10.0,0.019502658396959305,0.0002
5106.0,10.0,0.01841108500957489,0.0002
5107.0,10.0,0.015241321176290512,0.0002
5108.0,10.0,0.017016451805830002,0.0002
5109.0,10.0,0.01878836192190647,0.0002
5110.0,10.0,0.017739132046699524,0.0002
5111.0,10.0,0.016243377700448036,0.0002
5112.0,10.0,0.016530029475688934,0.0002
5113.0,10.0,0.01717369630932808,0.0002
5114.0,10.0,0.01405404508113861,0.0002
5115.0,10.0,0.017848730087280273,0.0002
5116.0,10.0,0.022237703204154968,0.0002
5117.0,10.0,0.015810243785381317,0.0002
5118.0,10.0,0.022208500653505325,0.0002
5119.0,10.0,0.015436343848705292,0.0002
5120.0,10.0,0.018423249945044518,0.0002
5121.0,10.0,0.015501748770475388,0.0002
5122.0,10.0,0.01764175295829773,0.0002
5123.0,10.0,0.016055753454566002,0.0002
5124.0,10.0,0.018582606688141823,0.0002
5125.0,10.0,0.015724683180451393,0.0002
5126.0,10.0,0.017733266577124596,0.0002
5127.0,10.0,0.017852287739515305,0.0002
5128.0,10.0,0.01829228550195694,0.0002
5129.0,10.0,0.016744501888751984,0.0002
5130.0,10.0,0.015892118215560913,0.0002
5131.0,10.0,0.01580071821808815,0.0002
5132.0,10.0,0.020230358466506004,0.0002
5133.0,10.0,0.016077125445008278,0.0002
5134.0,10.0,0.018170887604355812,0.0002
5135.0,10.0,0.01714542880654335,0.0002
5136.0,10.0,0.015400934964418411,0.0002
5137.0,10.0,0.014776686206459999,0.0002
5138.0,10.0,0.017855610698461533,0.0002
5139.0,10.0,0.014451075345277786,0.0002
5140.0,10.0,0.017554286867380142,0.0002
5141.0,10.0,0.016866113990545273,0.0002
5142.0,10.0,0.013089574873447418,0.0002
5143.0,10.0,0.02552676945924759,0.0002
5144.0,10.0,0.01552388072013855,0.0002
5145.0,10.0,0.013633737340569496,0.0002
5146.0,10.0,0.015700969845056534,0.0002
5147.0,10.0,0.015314575284719467,0.0002
5148.0,10.0,0.020927365869283676,0.0002
5149.0,11.0,0.017952485010027885,0.0002
5150.0,11.0,0.016068778932094574,0.0002
5151.0,11.0,0.017276404425501823,0.0002
5152.0,11.0,0.016702819615602493,0.0002
5153.0,11.0,0.015332350507378578,0.0002
5154.0,11.0,0.019603898748755455,0.0002
5155.0,11.0,0.01760062202811241,0.0002
5156.0,11.0,0.017620695754885674,0.0002
5157.0,11.0,0.018135864287614822,0.0002
5158.0,11.0,0.013064420782029629,0.0002
5159.0,11.0,0.013409130275249481,0.0002
5160.0,11.0,0.01499690767377615,0.0002
5161.0,11.0,0.015362194739282131,0.0002
5162.0,11.0,0.01499340683221817,0.0002
5163.0,11.0,0.02182934060692787,0.0002
5164.0,11.0,0.017560912296175957,0.0002
5165.0,11.0,0.01576126366853714,0.0002
5166.0,11.0,0.018967239186167717,0.0002
5167.0,11.0,0.019175942987203598,0.0002
5168.0,11.0,0.01765311509370804,0.0002
5169.0,11.0,0.017165808007121086,0.0002
5170.0,11.0,0.014471468515694141,0.0002
5171.0,11.0,0.022613685578107834,0.0002
5172.0,11.0,0.022793440148234367,0.0002
5173.0,11.0,0.01591886579990387,0.0002
5174.0,11.0,0.01716354303061962,0.0002
5175.0,11.0,0.015244033187627792,0.0002
5176.0,11.0,0.017710300162434578,0.0002
5177.0,11.0,0.016325121745467186,0.0002
5178.0,11.0,0.017961684614419937,0.0002
5179.0,11.0,0.013890031725168228,0.0002
5180.0,11.0,0.01925879716873169,0.0002
5181.0,11.0,0.01604124903678894,0.0002
5182.0,11.0,0.015055384486913681,0.0002
5183.0,11.0,0.021332714706659317,0.0002
5184.0,11.0,0.018484003841876984,0.0002
5185.0,11.0,0.01620391011238098,0.0002
5186.0,11.0,0.02129829302430153,0.0002
5187.0,11.0,0.0149174053221941,0.0002
5188.0,11.0,0.01721070520579815,0.0002
5189.0,11.0,0.013928237371146679,0.0002
5190.0,11.0,0.01875097118318081,0.0002
5191.0,11.0,0.019526110962033272,0.0002
5192.0,11.0,0.01493007130920887,0.0002
5193.0,11.0,0.01751043274998665,0.0002
5194.0,11.0,0.02523307129740715,0.0002
5195.0,11.0,0.019261132925748825,0.0002
5196.0,11.0,0.01598997227847576,0.0002
5197.0,11.0,0.02351006306707859,0.0002
5198.0,11.0,0.019371692091226578,0.0002
5199.0,11.0,0.01909402757883072,0.0002
5200.0,11.0,0.018279725685715675,0.0002
5201.0,11.0,0.01548902876675129,0.0002
5202.0,11.0,0.018324200063943863,0.0002
5203.0,11.0,0.02331622503697872,0.0002
5204.0,11.0,0.01851927489042282,0.0002
5205.0,11.0,0.01729431562125683,0.0002
5206.0,11.0,0.014828197658061981,0.0002
5207.0,11.0,0.019014433026313782,0.0002
5208.0,11.0,0.014238468371331692,0.0002
5209.0,11.0,0.01787526160478592,0.0002
5210.0,11.0,0.01541939564049244,0.0002
5211.0,11.0,0.012626668438315392,0.0002
5212.0,11.0,0.01669374853372574,0.0002
5213.0,11.0,0.01455126702785492,0.0002
5214.0,11.0,0.017946790903806686,0.0002
5215.0,11.0,0.015895608812570572,0.0002
5216.0,11.0,0.016324182972311974,0.0002
5217.0,11.0,0.017309967428445816,0.0002
5218.0,11.0,0.014963217079639435,0.0002
5219.0,11.0,0.015549357049167156,0.0002
5220.0,11.0,0.017702616751194,0.0002
5221.0,11.0,0.021089445799589157,0.0002
5222.0,11.0,0.01927972584962845,0.0002
5223.0,11.0,0.014242946170270443,0.0002
5224.0,11.0,0.019828137010335922,0.0002
5225.0,11.0,0.019468611106276512,0.0002
5226.0,11.0,0.019769398495554924,0.0002
5227.0,11.0,0.016304010525345802,0.0002
5228.0,11.0,0.01667357236146927,0.0002
5229.0,11.0,0.01769731566309929,0.0002
5230.0,11.0,0.013158204965293407,0.0002
5231.0,11.0,0.02069965749979019,0.0002
5232.0,11.0,0.01653481274843216,0.0002
5233.0,11.0,0.020727548748254776,0.0002
5234.0,11.0,0.0159615445882082,0.0002
5235.0,11.0,0.019786201417446136,0.0002
5236.0,11.0,0.01222173124551773,0.0002
5237.0,11.0,0.02348151244223118,0.0002
5238.0,11.0,0.020115315914154053,0.0002
5239.0,11.0,0.022513382136821747,0.0002
5240.0,11.0,0.014804181642830372,0.0002
5241.0,11.0,0.015018340200185776,0.0002
5242.0,11.0,0.020329266786575317,0.0002
5243.0,11.0,0.017600519582629204,0.0002
5244.0,11.0,0.017836354672908783,0.0002
5245.0,11.0,0.018453001976013184,0.0002
5246.0,11.0,0.017328571528196335,0.0002
5247.0,11.0,0.01872466318309307,0.0002
5248.0,11.0,0.014735430479049683,0.0002
5249.0,11.0,0.01567680761218071,0.0002
5250.0,11.0,0.020371655002236366,0.0002
5251.0,11.0,0.015064671635627747,0.0002
5252.0,11.0,0.01471447478979826,0.0002
5253.0,11.0,0.01953784190118313,0.0002
5254.0,11.0,0.016084272414445877,0.0002
5255.0,11.0,0.014964208006858826,0.0002
5256.0,11.0,0.013903831131756306,0.0002
5257.0,11.0,0.016651911661028862,0.0002
5258.0,11.0,0.018640654161572456,0.0002
5259.0,11.0,0.02057155966758728,0.0002
5260.0,11.0,0.016622090712189674,0.0002
5261.0,11.0,0.017230967059731483,0.0002
5262.0,11.0,0.013761740177869797,0.0002
5263.0,11.0,0.01705469749867916,0.0002
5264.0,11.0,0.02012878656387329,0.0002
5265.0,11.0,0.018834322690963745,0.0002
5266.0,11.0,0.021486183628439903,0.0002
5267.0,11.0,0.01856422610580921,0.0002
5268.0,11.0,0.015592681244015694,0.0002
5269.0,11.0,0.016516370698809624,0.0002
5270.0,11.0,0.018335212022066116,0.0002
5271.0,11.0,0.018963243812322617,0.0002
5272.0,11.0,0.023013634607195854,0.0002
5273.0,11.0,0.014015700668096542,0.0002
5274.0,11.0,0.01967163383960724,0.0002
5275.0,11.0,0.01414506696164608,0.0002
5276.0,11.0,0.017855476588010788,0.0002
5277.0,11.0,0.01565956324338913,0.0002
5278.0,11.0,0.015051553957164288,0.0002
5279.0,11.0,0.015544423833489418,0.0002
5280.0,11.0,0.013728972524404526,0.0002
5281.0,11.0,0.015893474221229553,0.0002
5282.0,11.0,0.02092396654188633,0.0002
5283.0,11.0,0.018786538392305374,0.0002
5284.0,11.0,0.015503956936299801,0.0002
5285.0,11.0,0.010717388242483139,0.0002
5286.0,11.0,0.017150603234767914,0.0002
5287.0,11.0,0.019514761865139008,0.0002
5288.0,11.0,0.014352014288306236,0.0002
5289.0,11.0,0.015290386974811554,0.0002
5290.0,11.0,0.01844489946961403,0.0002
5291.0,11.0,0.019020769745111465,0.0002
5292.0,11.0,0.01707880012691021,0.0002
5293.0,11.0,0.01594359055161476,0.0002
5294.0,11.0,0.015839308500289917,0.0002
5295.0,11.0,0.0158114992082119,0.0002
5296.0,11.0,0.019459843635559082,0.0002
5297.0,11.0,0.02006364054977894,0.0002
5298.0,11.0,0.01578216627240181,0.0002
5299.0,11.0,0.015401025302708149,0.0002
5300.0,11.0,0.01801532693207264,0.0002
5301.0,11.0,0.014048765413463116,0.0002
5302.0,11.0,0.020596129819750786,0.0002
5303.0,11.0,0.017224671319127083,0.0002
5304.0,11.0,0.016222955659031868,0.0002
5305.0,11.0,0.019038282334804535,0.0002
5306.0,11.0,0.019545594230294228,0.0002
5307.0,11.0,0.01914146915078163,0.0002
5308.0,11.0,0.021491166204214096,0.0002
5309.0,11.0,0.016114771366119385,0.0002
5310.0,11.0,0.015717873349785805,0.0002
5311.0,11.0,0.01688958704471588,0.0002
5312.0,11.0,0.018573753535747528,0.0002
5313.0,11.0,0.018379714339971542,0.0002
5314.0,11.0,0.01831921935081482,0.0002
5315.0,11.0,0.013962376862764359,0.0002
5316.0,11.0,0.020250556990504265,0.0002
5317.0,11.0,0.01947662979364395,0.0002
5318.0,11.0,0.013593307696282864,0.0002
5319.0,11.0,0.01463613286614418,0.0002
5320.0,11.0,0.013427852652966976,0.0002
5321.0,11.0,0.015303004533052444,0.0002
5322.0,11.0,0.015911655500531197,0.0002
5323.0,11.0,0.01801656372845173,0.0002
5324.0,11.0,0.015700628980994225,0.0002
5325.0,11.0,0.01901073381304741,0.0002
5326.0,11.0,0.012623478658497334,0.0002
5327.0,11.0,0.020504606887698174,0.0002
5328.0,11.0,0.014471929520368576,0.0002
5329.0,11.0,0.015397341921925545,0.0002
5330.0,11.0,0.014825953170657158,0.0002
5331.0,11.0,0.01828320138156414,0.0002
5332.0,11.0,0.014966841787099838,0.0002
5333.0,11.0,0.019000153988599777,0.0002
5334.0,11.0,0.018490254878997803,0.0002
5335.0,11.0,0.016412949189543724,0.0002
5336.0,11.0,0.021054793149232864,0.0002
5337.0,11.0,0.01529991626739502,0.0002
5338.0,11.0,0.016994735226035118,0.0002
5339.0,11.0,0.02122769132256508,0.0002
5340.0,11.0,0.017265886068344116,0.0002
5341.0,11.0,0.022182108834385872,0.0002
5342.0,11.0,0.01854613795876503,0.0002
5343.0,11.0,0.017163872718811035,0.0002
5344.0,11.0,0.013754995539784431,0.0002
5345.0,11.0,0.016094692051410675,0.0002
5346.0,11.0,0.013723177835345268,0.0002
5347.0,11.0,0.019910618662834167,0.0002
5348.0,11.0,0.019771374762058258,0.0002
5349.0,11.0,0.016086190938949585,0.0002
5350.0,11.0,0.02038196474313736,0.0002
5351.0,11.0,0.015096456743776798,0.0002
5352.0,11.0,0.015247929841279984,0.0002
5353.0,11.0,0.016677940264344215,0.0002
5354.0,11.0,0.022409651428461075,0.0002
5355.0,11.0,0.0169253908097744,0.0002
5356.0,11.0,0.01661154255270958,0.0002
5357.0,11.0,0.016919631510972977,0.0002
5358.0,11.0,0.013534676283597946,0.0002
5359.0,11.0,0.01061494555324316,0.0002
5360.0,11.0,0.019883768633008003,0.0002
5361.0,11.0,0.013553651049733162,0.0002
5362.0,11.0,0.016260139644145966,0.0002
5363.0,11.0,0.01570282131433487,0.0002
5364.0,11.0,0.01672329753637314,0.0002
5365.0,11.0,0.01737402379512787,0.0002
5366.0,11.0,0.01609186828136444,0.0002
5367.0,11.0,0.01618529111146927,0.0002
5368.0,11.0,0.015130121260881424,0.0002
5369.0,11.0,0.022524528205394745,0.0002
5370.0,11.0,0.016752034425735474,0.0002
5371.0,11.0,0.015947341918945312,0.0002
5372.0,11.0,0.014420876279473305,0.0002
5373.0,11.0,0.015490674413740635,0.0002
5374.0,11.0,0.019196532666683197,0.0002
5375.0,11.0,0.014624442905187607,0.0002
5376.0,11.0,0.01708410307765007,0.0002
5377.0,11.0,0.014036150649189949,0.0002
5378.0,11.0,0.015291879884898663,0.0002
5379.0,11.0,0.01800673082470894,0.0002
5380.0,11.0,0.011995136737823486,0.0002
5381.0,11.0,0.015906360000371933,0.0002
5382.0,11.0,0.014886043965816498,0.0002
5383.0,11.0,0.014147703535854816,0.0002
5384.0,11.0,0.014981611631810665,0.0002
5385.0,11.0,0.014148659072816372,0.0002
5386.0,11.0,0.017534062266349792,0.0002
5387.0,11.0,0.01884249411523342,0.0002
5388.0,11.0,0.01956223137676716,0.0002
5389.0,11.0,0.0186618622392416,0.0002
5390.0,11.0,0.01740342006087303,0.0002
5391.0,11.0,0.013239528983831406,0.0002
5392.0,11.0,0.016049213707447052,0.0002
5393.0,11.0,0.01772262156009674,0.0002
5394.0,11.0,0.020337343215942383,0.0002
5395.0,11.0,0.014616021886467934,0.0002
5396.0,11.0,0.019793052226305008,0.0002
5397.0,11.0,0.018221918493509293,0.0002
5398.0,11.0,0.019066181033849716,0.0002
5399.0,11.0,0.016967404633760452,0.0002
5400.0,11.0,0.017214223742485046,0.0002
5401.0,11.0,0.017051339149475098,0.0002
5402.0,11.0,0.015332910232245922,0.0002
5403.0,11.0,0.015730056911706924,0.0002
5404.0,11.0,0.0239814855158329,0.0002
5405.0,11.0,0.015232818201184273,0.0002
5406.0,11.0,0.016746383160352707,0.0002
5407.0,11.0,0.017151765525341034,0.0002
5408.0,11.0,0.014423840679228306,0.0002
5409.0,11.0,0.02004941925406456,0.0002
5410.0,11.0,0.015298405662178993,0.0002
5411.0,11.0,0.017776865512132645,0.0002
5412.0,11.0,0.014813547022640705,0.0002
5413.0,11.0,0.01670319214463234,0.0002
5414.0,11.0,0.01931929402053356,0.0002
5415.0,11.0,0.015170249156653881,0.0002
5416.0,11.0,0.02304827980697155,0.0002
5417.0,11.0,0.015504423528909683,0.0002
5418.0,11.0,0.016250742599368095,0.0002
5419.0,11.0,0.013461124151945114,0.0002
5420.0,11.0,0.016883376985788345,0.0002
5421.0,11.0,0.015820927917957306,0.0002
5422.0,11.0,0.015583478845655918,0.0002
5423.0,11.0,0.014116504229605198,0.0002
5424.0,11.0,0.017848653718829155,0.0002
5425.0,11.0,0.016113264486193657,0.0002
5426.0,11.0,0.017956234514713287,0.0002
5427.0,11.0,0.018764181062579155,0.0002
5428.0,11.0,0.016370221972465515,0.0002
5429.0,11.0,0.017911378294229507,0.0002
5430.0,11.0,0.017829276621341705,0.0002
5431.0,11.0,0.01839679479598999,0.0002
5432.0,11.0,0.017181487753987312,0.0002
5433.0,11.0,0.017242351546883583,0.0002
5434.0,11.0,0.01950618252158165,0.0002
5435.0,11.0,0.01827291212975979,0.0002
5436.0,11.0,0.017901809886097908,0.0002
5437.0,11.0,0.017616281285881996,0.0002
5438.0,11.0,0.013740649446845055,0.0002
5439.0,11.0,0.01791737601161003,0.0002
5440.0,11.0,0.015453740954399109,0.0002
5441.0,11.0,0.019588086754083633,0.0002
5442.0,11.0,0.020405609160661697,0.0002
5443.0,11.0,0.01911487802863121,0.0002
5444.0,11.0,0.012813192792236805,0.0002
5445.0,11.0,0.01932147517800331,0.0002
5446.0,11.0,0.015401694923639297,0.0002
5447.0,11.0,0.012303497642278671,0.0002
5448.0,11.0,0.013745535165071487,0.0002
5449.0,11.0,0.02107488363981247,0.0002
5450.0,11.0,0.01787636987864971,0.0002
5451.0,11.0,0.016251474618911743,0.0002
5452.0,11.0,0.017583511769771576,0.0002
5453.0,11.0,0.01809133216738701,0.0002
5454.0,11.0,0.018000569194555283,0.0002
5455.0,11.0,0.015819359570741653,0.0002
5456.0,11.0,0.018096186220645905,0.0002
5457.0,11.0,0.01839013397693634,0.0002
5458.0,11.0,0.02215520106256008,0.0002
5459.0,11.0,0.018365148454904556,0.0002
5460.0,11.0,0.0160587877035141,0.0002
5461.0,11.0,0.013898950070142746,0.0002
5462.0,11.0,0.016647007316350937,0.0002
5463.0,11.0,0.017535991966724396,0.0002
5464.0,11.0,0.019290126860141754,0.0002
5465.0,11.0,0.017472703009843826,0.0002
5466.0,11.0,0.013016955927014351,0.0002
5467.0,11.0,0.02019635960459709,0.0002
5468.0,11.0,0.022886119782924652,0.0002
5469.0,11.0,0.01684584468603134,0.0002
5470.0,11.0,0.017553718760609627,0.0002
5471.0,11.0,0.023166367784142494,0.0002
5472.0,11.0,0.019077766686677933,0.0002
5473.0,11.0,0.016337238252162933,0.0002
5474.0,11.0,0.01587369665503502,0.0002
5475.0,11.0,0.02117222175002098,0.0002
5476.0,11.0,0.018680106848478317,0.0002
5477.0,11.0,0.018935035914182663,0.0002
5478.0,11.0,0.017957881093025208,0.0002
5479.0,11.0,0.01422196626663208,0.0002
5480.0,11.0,0.01678522489964962,0.0002
5481.0,11.0,0.014416495338082314,0.0002
5482.0,11.0,0.014065414667129517,0.0002
5483.0,11.0,0.013550004921853542,0.0002
5484.0,11.0,0.014638805761933327,0.0002
5485.0,11.0,0.018868139013648033,0.0002
5486.0,11.0,0.013604305684566498,0.0002
5487.0,11.0,0.01613643765449524,0.0002
5488.0,11.0,0.017244935035705566,0.0002
5489.0,11.0,0.013970322906970978,0.0002
5490.0,11.0,0.01675465889275074,0.0002
5491.0,11.0,0.013877121731638908,0.0002
5492.0,11.0,0.016614312306046486,0.0002
5493.0,11.0,0.015369640663266182,0.0002
5494.0,11.0,0.017119036987423897,0.0002
5495.0,11.0,0.012407897040247917,0.0002
5496.0,11.0,0.012583188712596893,0.0002
5497.0,11.0,0.016151126474142075,0.0002
5498.0,11.0,0.015299161896109581,0.0002
5499.0,11.0,0.01354740746319294,0.0002
5500.0,11.0,0.018857408314943314,0.0002
5501.0,11.0,0.017077887430787086,0.0002
5502.0,11.0,0.01899261400103569,0.0002
5503.0,11.0,0.017388978973031044,0.0002
5504.0,11.0,0.014236611314117908,0.0002
5505.0,11.0,0.015654392540454865,0.0002
5506.0,11.0,0.021561387926340103,0.0002
5507.0,11.0,0.01867939531803131,0.0002
5508.0,11.0,0.022012636065483093,0.0002
5509.0,11.0,0.017121657729148865,0.0002
5510.0,11.0,0.014375466853380203,0.0002
5511.0,11.0,0.016204671934247017,0.0002
5512.0,11.0,0.020108073949813843,0.0002
5513.0,11.0,0.013399297371506691,0.0002
5514.0,11.0,0.02061251923441887,0.0002
5515.0,11.0,0.019369274377822876,0.0002
5516.0,11.0,0.014478612691164017,0.0002
5517.0,11.0,0.01602781191468239,0.0002
5518.0,11.0,0.021885637193918228,0.0002
5519.0,11.0,0.016833128407597542,0.0002
5520.0,11.0,0.017015060409903526,0.0002
5521.0,11.0,0.0157678984105587,0.0002
5522.0,11.0,0.013546181842684746,0.0002
5523.0,11.0,0.018342776224017143,0.0002
5524.0,11.0,0.01535033155232668,0.0002
5525.0,11.0,0.014328842051327229,0.0002
5526.0,11.0,0.012136491946876049,0.0002
5527.0,11.0,0.018878914415836334,0.0002
5528.0,11.0,0.018663927912712097,0.0002
5529.0,11.0,0.02580513432621956,0.0002
5530.0,11.0,0.0171063132584095,0.0002
5531.0,11.0,0.01864328421652317,0.0002
5532.0,11.0,0.018606271594762802,0.0002
5533.0,11.0,0.020386671647429466,0.0002
5534.0,11.0,0.014945135451853275,0.0002
5535.0,11.0,0.017474334686994553,0.0002
5536.0,11.0,0.01304861530661583,0.0002
5537.0,11.0,0.018729878589510918,0.0002
5538.0,11.0,0.01704450324177742,0.0002
5539.0,11.0,0.016257787123322487,0.0002
5540.0,11.0,0.019568638876080513,0.0002
5541.0,11.0,0.01213978510349989,0.0002
5542.0,11.0,0.020267819985747337,0.0002
5543.0,11.0,0.014290351420640945,0.0002
5544.0,11.0,0.01832304522395134,0.0002
5545.0,11.0,0.015190084464848042,0.0002
5546.0,11.0,0.014427532441914082,0.0002
5547.0,11.0,0.0185856930911541,0.0002
5548.0,11.0,0.016026774421334267,0.0002
5549.0,11.0,0.01978949084877968,0.0002
5550.0,11.0,0.01316051185131073,0.0002
5551.0,11.0,0.019549263641238213,0.0002
5552.0,11.0,0.012641346082091331,0.0002
5553.0,11.0,0.01983628422021866,0.0002
5554.0,11.0,0.01814998686313629,0.0002
5555.0,11.0,0.019226497039198875,0.0002
5556.0,11.0,0.01425428967922926,0.0002
5557.0,11.0,0.019544316455721855,0.0002
5558.0,11.0,0.017726799473166466,0.0002
5559.0,11.0,0.015608152374625206,0.0002
5560.0,11.0,0.01761026494204998,0.0002
5561.0,11.0,0.020244691520929337,0.0002
5562.0,11.0,0.01950218714773655,0.0002
5563.0,11.0,0.01670447736978531,0.0002
5564.0,11.0,0.014998973347246647,0.0002
5565.0,11.0,0.016474202275276184,0.0002
5566.0,11.0,0.01934444159269333,0.0002
5567.0,11.0,0.01469656266272068,0.0002
5568.0,11.0,0.016339080408215523,0.0002
5569.0,11.0,0.022838469594717026,0.0002
5570.0,11.0,0.014354851096868515,0.0002
5571.0,11.0,0.018786687403917313,0.0002
5572.0,11.0,0.016412585973739624,0.0002
5573.0,11.0,0.014830831438302994,0.0002
5574.0,11.0,0.018162569031119347,0.0002
5575.0,11.0,0.016404176130890846,0.0002
5576.0,11.0,0.015049327164888382,0.0002
5577.0,11.0,0.016603771597146988,0.0002
5578.0,11.0,0.01813967153429985,0.0002
5579.0,11.0,0.01651269569993019,0.0002
5580.0,11.0,0.014593367464840412,0.0002
5581.0,11.0,0.016673553735017776,0.0002
5582.0,11.0,0.013658342882990837,0.0002
5583.0,11.0,0.021776162087917328,0.0002
5584.0,11.0,0.016991479322314262,0.0002
5585.0,11.0,0.017836425453424454,0.0002
5586.0,11.0,0.017508886754512787,0.0002
5587.0,11.0,0.01808445155620575,0.0002
5588.0,11.0,0.016827765852212906,0.0002
5589.0,11.0,0.01769372448325157,0.0002
5590.0,11.0,0.015599878504872322,0.0002
5591.0,11.0,0.016573835164308548,0.0002
5592.0,11.0,0.014352541416883469,0.0002
5593.0,11.0,0.015180028043687344,0.0002
5594.0,11.0,0.01639080047607422,0.0002
5595.0,11.0,0.01583666354417801,0.0002
5596.0,11.0,0.016421452164649963,0.0002
5597.0,11.0,0.016003040596842766,0.0002
5598.0,11.0,0.01854761689901352,0.0002
5599.0,11.0,0.02072862535715103,0.0002
5600.0,11.0,0.017293473705649376,0.0002
5601.0,11.0,0.017374083399772644,0.0002
5602.0,11.0,0.016503650695085526,0.0002
5603.0,11.0,0.012551970779895782,0.0002
5604.0,11.0,0.013132041320204735,0.0002
5605.0,11.0,0.015559686347842216,0.0002
5606.0,11.0,0.020461324602365494,0.0002
5607.0,11.0,0.013896649703383446,0.0002
5608.0,11.0,0.01982627622783184,0.0002
5609.0,11.0,0.015350857749581337,0.0002
5610.0,11.0,0.022661756724119186,0.0002
5611.0,11.0,0.018479343503713608,0.0002
5612.0,11.0,0.016171980649232864,0.0002
5613.0,11.0,0.017248716205358505,0.0002
5614.0,11.0,0.01656564697623253,0.0002
5615.0,11.0,0.016926849260926247,0.0002
5616.0,11.0,0.01573673076927662,0.0002
5617.0,12.0,0.019406720995903015,0.0002
5618.0,12.0,0.015609610825777054,0.0002
5619.0,12.0,0.018105074763298035,0.0002
5620.0,12.0,0.01773824915289879,0.0002
5621.0,12.0,0.017776809632778168,0.0002
5622.0,12.0,0.01906638592481613,0.0002
5623.0,12.0,0.01446111872792244,0.0002
5624.0,12.0,0.01669132523238659,0.0002
5625.0,12.0,0.016573842614889145,0.0002
5626.0,12.0,0.018334433436393738,0.0002
5627.0,12.0,0.01723739504814148,0.0002
5628.0,12.0,0.020130150020122528,0.0002
5629.0,12.0,0.0202349741011858,0.0002
5630.0,12.0,0.012905526906251907,0.0002
5631.0,12.0,0.0215473435819149,0.0002
5632.0,12.0,0.012826638296246529,0.0002
5633.0,12.0,0.014418153092265129,0.0002
5634.0,12.0,0.017698347568511963,0.0002
5635.0,12.0,0.01611427217721939,0.0002
5636.0,12.0,0.013768955133855343,0.0002
5637.0,12.0,0.021595560014247894,0.0002
5638.0,12.0,0.022147495299577713,0.0002
5639.0,12.0,0.016981566324830055,0.0002
5640.0,12.0,0.017572280019521713,0.0002
5641.0,12.0,0.017416875809431076,0.0002
5642.0,12.0,0.015936018899083138,0.0002
5643.0,12.0,0.016157453879714012,0.0002
5644.0,12.0,0.014105716720223427,0.0002
5645.0,12.0,0.0159306563436985,0.0002
5646.0,12.0,0.02054501697421074,0.0002
5647.0,12.0,0.016042400151491165,0.0002
5648.0,12.0,0.014048989862203598,0.0002
5649.0,12.0,0.016384467482566833,0.0002
5650.0,12.0,0.0162206944078207,0.0002
5651.0,12.0,0.016838595271110535,0.0002
5652.0,12.0,0.01985650323331356,0.0002
5653.0,12.0,0.019364722073078156,0.0002
5654.0,12.0,0.017168547958135605,0.0002
5655.0,12.0,0.016078051179647446,0.0002
5656.0,12.0,0.01722782291471958,0.0002
5657.0,12.0,0.01861012540757656,0.0002
5658.0,12.0,0.018033184111118317,0.0002
5659.0,12.0,0.017639875411987305,0.0002
5660.0,12.0,0.014814957045018673,0.0002
5661.0,12.0,0.018374059349298477,0.0002
5662.0,12.0,0.019896963611245155,0.0002
5663.0,12.0,0.015362133271992207,0.0002
5664.0,12.0,0.014262817800045013,0.0002
5665.0,12.0,0.012892214581370354,0.0002
5666.0,12.0,0.018235649913549423,0.0002
5667.0,12.0,0.023833801969885826,0.0002
5668.0,12.0,0.015756437554955482,0.0002
5669.0,12.0,0.01529074739664793,0.0002
5670.0,12.0,0.021554389968514442,0.0002
5671.0,12.0,0.01753808557987213,0.0002
5672.0,12.0,0.015971796587109566,0.0002
5673.0,12.0,0.013442536816000938,0.0002
5674.0,12.0,0.01707569882273674,0.0002
5675.0,12.0,0.013826163485646248,0.0002
5676.0,12.0,0.01706584170460701,0.0002
5677.0,12.0,0.01695093885064125,0.0002
5678.0,12.0,0.015068935230374336,0.0002
5679.0,12.0,0.01390012726187706,0.0002
5680.0,12.0,0.019295813515782356,0.0002
5681.0,12.0,0.013074197806417942,0.0002
5682.0,12.0,0.01783982664346695,0.0002
5683.0,12.0,0.01795920357108116,0.0002
5684.0,12.0,0.02099461853504181,0.0002
5685.0,12.0,0.016434455290436745,0.0002
5686.0,12.0,0.018304843455553055,0.0002
5687.0,12.0,0.018079644069075584,0.0002
5688.0,12.0,0.015081292949616909,0.0002
5689.0,12.0,0.016343768686056137,0.0002
5690.0,12.0,0.01836477965116501,0.0002
5691.0,12.0,0.016399122774600983,0.0002
5692.0,12.0,0.014533039182424545,0.0002
5693.0,12.0,0.020038198679685593,0.0002
5694.0,12.0,0.015834107995033264,0.0002
5695.0,12.0,0.019511042162775993,0.0002
5696.0,12.0,0.014192610047757626,0.0002
5697.0,12.0,0.013931246474385262,0.0002
5698.0,12.0,0.016347358003258705,0.0002
5699.0,12.0,0.014428745955228806,0.0002
5700.0,12.0,0.02079876884818077,0.0002
5701.0,12.0,0.019040443003177643,0.0002
5702.0,12.0,0.01575503498315811,0.0002
5703.0,12.0,0.014929238706827164,0.0002
5704.0,12.0,0.017085816711187363,0.0002
5705.0,12.0,0.022314319387078285,0.0002
5706.0,12.0,0.021283019334077835,0.0002
5707.0,12.0,0.017010733485221863,0.0002
5708.0,12.0,0.017139766365289688,0.0002
5709.0,12.0,0.015105821192264557,0.0002
5710.0,12.0,0.01572076417505741,0.0002
5711.0,12.0,0.019532114267349243,0.0002
5712.0,12.0,0.01814587041735649,0.0002
5713.0,12.0,0.020275861024856567,0.0002
5714.0,12.0,0.01646174117922783,0.0002
5715.0,12.0,0.015946414321660995,0.0002
5716.0,12.0,0.01305440254509449,0.0002
5717.0,12.0,0.0167712289839983,0.0002
5718.0,12.0,0.016935423016548157,0.0002
5719.0,12.0,0.015307511202991009,0.0002
5720.0,12.0,0.013633918017148972,0.0002
5721.0,12.0,0.015863750129938126,0.0002
5722.0,12.0,0.021438028663396835,0.0002
5723.0,12.0,0.015694666653871536,0.0002
5724.0,12.0,0.017276134341955185,0.0002
5725.0,12.0,0.019717585295438766,0.0002
5726.0,12.0,0.013881837017834187,0.0002
5727.0,12.0,0.016124403104186058,0.0002
5728.0,12.0,0.01410333439707756,0.0002
5729.0,12.0,0.018331563100218773,0.0002
5730.0,12.0,0.016964472830295563,0.0002
5731.0,12.0,0.016350140795111656,0.0002
5732.0,12.0,0.021356988698244095,0.0002
5733.0,12.0,0.016164636239409447,0.0002
5734.0,12.0,0.019708508625626564,0.0002
5735.0,12.0,0.019771205261349678,0.0002
5736.0,12.0,0.015750214457511902,0.0002
5737.0,12.0,0.01707949861884117,0.0002
5738.0,12.0,0.014853637665510178,0.0002
5739.0,12.0,0.02369031310081482,0.0002
5740.0,12.0,0.020430199801921844,0.0002
5741.0,12.0,0.018040085211396217,0.0002
5742.0,12.0,0.014335530810058117,0.0002
5743.0,12.0,0.012781152501702309,0.0002
5744.0,12.0,0.01497740764170885,0.0002
5745.0,12.0,0.013796782121062279,0.0002
5746.0,12.0,0.018842454999685287,0.0002
5747.0,12.0,0.022726427763700485,0.0002
5748.0,12.0,0.015090050175786018,0.0002
5749.0,12.0,0.019208159297704697,0.0002
5750.0,12.0,0.018929949030280113,0.0002
5751.0,12.0,0.01949920319020748,0.0002
5752.0,12.0,0.016508974134922028,0.0002
5753.0,12.0,0.01604708656668663,0.0002
5754.0,12.0,0.018275465816259384,0.0002
5755.0,12.0,0.020399997010827065,0.0002
5756.0,12.0,0.01832539029419422,0.0002
5757.0,12.0,0.017557509243488312,0.0002
5758.0,12.0,0.021554242819547653,0.0002
5759.0,12.0,0.014660676941275597,0.0002
5760.0,12.0,0.017585916444659233,0.0002
5761.0,12.0,0.016093913465738297,0.0002
5762.0,12.0,0.017809061333537102,0.0002
5763.0,12.0,0.013115346431732178,0.0002
5764.0,12.0,0.015840331092476845,0.0002
5765.0,12.0,0.014425564557313919,0.0002
5766.0,12.0,0.017496977001428604,0.0002
5767.0,12.0,0.014771024696528912,0.0002
5768.0,12.0,0.016197476536035538,0.0002
5769.0,12.0,0.016113735735416412,0.0002
5770.0,12.0,0.01966547593474388,0.0002
5771.0,12.0,0.015686064958572388,0.0002
5772.0,12.0,0.01844000816345215,0.0002
5773.0,12.0,0.01923861727118492,0.0002
5774.0,12.0,0.011326110921800137,0.0002
5775.0,12.0,0.01938818022608757,0.0002
5776.0,12.0,0.018607817590236664,0.0002
5777.0,12.0,0.017497098073363304,0.0002
5778.0,12.0,0.018348950892686844,0.0002
5779.0,12.0,0.01622748002409935,0.0002
5780.0,12.0,0.02023129165172577,0.0002
5781.0,12.0,0.022002017125487328,0.0002
5782.0,12.0,0.017167842015624046,0.0002
5783.0,12.0,0.01677238568663597,0.0002
5784.0,12.0,0.01834072172641754,0.0002
5785.0,12.0,0.015403847210109234,0.0002
5786.0,12.0,0.018846167251467705,0.0002
5787.0,12.0,0.016114741563796997,0.0002
5788.0,12.0,0.012635352090001106,0.0002
5789.0,12.0,0.020677585154771805,0.0002
5790.0,12.0,0.015816330909729004,0.0002
5791.0,12.0,0.018267478793859482,0.0002
5792.0,12.0,0.01977652683854103,0.0002
5793.0,12.0,0.016468152403831482,0.0002
5794.0,12.0,0.022613242268562317,0.0002
5795.0,12.0,0.019383694976568222,0.0002
5796.0,12.0,0.013679567724466324,0.0002
5797.0,12.0,0.019878171384334564,0.0002
5798.0,12.0,0.015541551634669304,0.0002
5799.0,12.0,0.017324451357126236,0.0002
5800.0,12.0,0.013295972719788551,0.0002
5801.0,12.0,0.018807504326105118,0.0002
5802.0,12.0,0.017260728403925896,0.0002
5803.0,12.0,0.01734379306435585,0.0002
5804.0,12.0,0.013560771942138672,0.0002
5805.0,12.0,0.01682976260781288,0.0002
5806.0,12.0,0.013665471225976944,0.0002
5807.0,12.0,0.016067322343587875,0.0002
5808.0,12.0,0.016349362209439278,0.0002
5809.0,12.0,0.015349525958299637,0.0002
5810.0,12.0,0.016730502247810364,0.0002
5811.0,12.0,0.015588168054819107,0.0002
5812.0,12.0,0.021990012377500534,0.0002
5813.0,12.0,0.014406593516469002,0.0002
5814.0,12.0,0.015147828496992588,0.0002
5815.0,12.0,0.02256479486823082,0.0002
5816.0,12.0,0.018953213468194008,0.0002
5817.0,12.0,0.016478070989251137,0.0002
5818.0,12.0,0.017270509153604507,0.0002
5819.0,12.0,0.01433602161705494,0.0002
5820.0,12.0,0.01736154966056347,0.0002
5821.0,12.0,0.016923902556300163,0.0002
5822.0,12.0,0.017703017219901085,0.0002
5823.0,12.0,0.014995510689914227,0.0002
5824.0,12.0,0.018157456070184708,0.0002
5825.0,12.0,0.01878233440220356,0.0002
5826.0,12.0,0.016817549243569374,0.0002
5827.0,12.0,0.023786723613739014,0.0002
5828.0,12.0,0.015888944268226624,0.0002
5829.0,12.0,0.012910036370158195,0.0002
5830.0,12.0,0.01670924574136734,0.0002
5831.0,12.0,0.013503418304026127,0.0002
5832.0,12.0,0.018801039084792137,0.0002
5833.0,12.0,0.01781684160232544,0.0002
5834.0,12.0,0.015354054048657417,0.0002
5835.0,12.0,0.01731347292661667,0.0002
5836.0,12.0,0.01947370171546936,0.0002
5837.0,12.0,0.016512231901288033,0.0002
5838.0,12.0,0.01752741076052189,0.0002
5839.0,12.0,0.01692444086074829,0.0002
5840.0,12.0,0.018509797751903534,0.0002
5841.0,12.0,0.015154749155044556,0.0002
5842.0,12.0,0.01524117961525917,0.0002
5843.0,12.0,0.02253236249089241,0.0002
5844.0,12.0,0.0182564128190279,0.0002
5845.0,12.0,0.019197965040802956,0.0002
5846.0,12.0,0.016657210886478424,0.0002
5847.0,12.0,0.015136204659938812,0.0002
5848.0,12.0,0.018925338983535767,0.0002
5849.0,12.0,0.020886071026325226,0.0002
5850.0,12.0,0.016992781311273575,0.0002
5851.0,12.0,0.016544809564948082,0.0002
5852.0,12.0,0.018035169690847397,0.0002
5853.0,12.0,0.01810912787914276,0.0002
5854.0,12.0,0.01831168681383133,0.0002
5855.0,12.0,0.018735237419605255,0.0002
5856.0,12.0,0.016905831173062325,0.0002
5857.0,12.0,0.01851983368396759,0.0002
5858.0,12.0,0.011768852360546589,0.0002
5859.0,12.0,0.01724717579782009,0.0002
5860.0,12.0,0.016832260414958,0.0002
5861.0,12.0,0.012537715956568718,0.0002
5862.0,12.0,0.01611754111945629,0.0002
5863.0,12.0,0.015558192506432533,0.0002
5864.0,12.0,0.016116296872496605,0.0002
5865.0,12.0,0.01741984114050865,0.0002
5866.0,12.0,0.019233208149671555,0.0002
5867.0,12.0,0.013476373627781868,0.0002
5868.0,12.0,0.017756037414073944,0.0002
5869.0,12.0,0.01488844957202673,0.0002
5870.0,12.0,0.015664057806134224,0.0002
5871.0,12.0,0.015561779960989952,0.0002
5872.0,12.0,0.016444245353341103,0.0002
5873.0,12.0,0.01376805454492569,0.0002
5874.0,12.0,0.014865349046885967,0.0002
5875.0,12.0,0.016808077692985535,0.0002
5876.0,12.0,0.01964486762881279,0.0002
5877.0,12.0,0.012929923832416534,0.0002
5878.0,12.0,0.018268674612045288,0.0002
5879.0,12.0,0.018067382276058197,0.0002
5880.0,12.0,0.01675710454583168,0.0002
5881.0,12.0,0.020548604428768158,0.0002
5882.0,12.0,0.016147475689649582,0.0002
5883.0,12.0,0.016104307025671005,0.0002
5884.0,12.0,0.015812672674655914,0.0002
5885.0,12.0,0.014432180672883987,0.0002
5886.0,12.0,0.015786759555339813,0.0002
5887.0,12.0,0.015574614517390728,0.0002
5888.0,12.0,0.018961725756525993,0.0002
5889.0,12.0,0.014654770493507385,0.0002
5890.0,12.0,0.015899695456027985,0.0002
5891.0,12.0,0.019933510571718216,0.0002
5892.0,12.0,0.016912687569856644,0.0002
5893.0,12.0,0.015139841474592686,0.0002
5894.0,12.0,0.015061220154166222,0.0002
5895.0,12.0,0.016874954104423523,0.0002
5896.0,12.0,0.01371619664132595,0.0002
5897.0,12.0,0.016381751745939255,0.0002
5898.0,12.0,0.019051339477300644,0.0002
5899.0,12.0,0.015467287972569466,0.0002
5900.0,12.0,0.01794491708278656,0.0002
5901.0,12.0,0.018694670870900154,0.0002
5902.0,12.0,0.018894705921411514,0.0002
5903.0,12.0,0.021775973960757256,0.0002
5904.0,12.0,0.019235586747527122,0.0002
5905.0,12.0,0.019537512212991714,0.0002
5906.0,12.0,0.01739470660686493,0.0002
5907.0,12.0,0.014237292110919952,0.0002
5908.0,12.0,0.013774805702269077,0.0002
5909.0,12.0,0.018956061452627182,0.0002
5910.0,12.0,0.01776065304875374,0.0002
5911.0,12.0,0.015163309872150421,0.0002
5912.0,12.0,0.015446383506059647,0.0002
5913.0,12.0,0.017094343900680542,0.0002
5914.0,12.0,0.018848931416869164,0.0002
5915.0,12.0,0.013780183158814907,0.0002
5916.0,12.0,0.01652655377984047,0.0002
5917.0,12.0,0.014455308206379414,0.0002
5918.0,12.0,0.018686067312955856,0.0002
5919.0,12.0,0.01467256061732769,0.0002
5920.0,12.0,0.01498238556087017,0.0002
5921.0,12.0,0.016002748161554337,0.0002
5922.0,12.0,0.01608332246541977,0.0002
5923.0,12.0,0.014435497112572193,0.0002
5924.0,12.0,0.01873047649860382,0.0002
5925.0,12.0,0.01719430834054947,0.0002
5926.0,12.0,0.014821728691458702,0.0002
5927.0,12.0,0.020055020228028297,0.0002
5928.0,12.0,0.015033949166536331,0.0002
5929.0,12.0,0.017749039456248283,0.0002
5930.0,12.0,0.015833672136068344,0.0002
5931.0,12.0,0.02030409872531891,0.0002
5932.0,12.0,0.016207633540034294,0.0002
5933.0,12.0,0.016990642994642258,0.0002
5934.0,12.0,0.018122784793376923,0.0002
5935.0,12.0,0.01847933605313301,0.0002
5936.0,12.0,0.014587346464395523,0.0002
5937.0,12.0,0.016968954354524612,0.0002
5938.0,12.0,0.017531536519527435,0.0002
5939.0,12.0,0.017118846997618675,0.0002
5940.0,12.0,0.014228187501430511,0.0002
5941.0,12.0,0.019323784857988358,0.0002
5942.0,12.0,0.021144896745681763,0.0002
5943.0,12.0,0.018920591101050377,0.0002
5944.0,12.0,0.013955202884972095,0.0002
5945.0,12.0,0.021079830825328827,0.0002
5946.0,12.0,0.016579948365688324,0.0002
5947.0,12.0,0.01589357480406761,0.0002
5948.0,12.0,0.018275851383805275,0.0002
5949.0,12.0,0.017712218686938286,0.0002
5950.0,12.0,0.016579270362854004,0.0002
5951.0,12.0,0.013280896469950676,0.0002
5952.0,12.0,0.018466085195541382,0.0002
5953.0,12.0,0.01752334088087082,0.0002
5954.0,12.0,0.014063278213143349,0.0002
5955.0,12.0,0.014884823933243752,0.0002
5956.0,12.0,0.016116583719849586,0.0002
5957.0,12.0,0.015432173386216164,0.0002
5958.0,12.0,0.01698894426226616,0.0002
5959.0,12.0,0.018247589468955994,0.0002
5960.0,12.0,0.015184979885816574,0.0002
5961.0,12.0,0.018201641738414764,0.0002
5962.0,12.0,0.017581989988684654,0.0002
5963.0,12.0,0.015122664161026478,0.0002
5964.0,12.0,0.015220205299556255,0.0002
5965.0,12.0,0.018037818372249603,0.0002
5966.0,12.0,0.01562654785811901,0.0002
5967.0,12.0,0.01907937601208687,0.0002
5968.0,12.0,0.019398916512727737,0.0002
5969.0,12.0,0.016392046585679054,0.0002
5970.0,12.0,0.015981286764144897,0.0002
5971.0,12.0,0.021206792443990707,0.0002
5972.0,12.0,0.016364850103855133,0.0002
5973.0,12.0,0.016174547374248505,0.0002
5974.0,12.0,0.014967633411288261,0.0002
5975.0,12.0,0.016180234029889107,0.0002
5976.0,12.0,0.01731853187084198,0.0002
5977.0,12.0,0.01753482222557068,0.0002
5978.0,12.0,0.01687668450176716,0.0002
5979.0,12.0,0.01318779494613409,0.0002
5980.0,12.0,0.0213285144418478,0.0002
5981.0,12.0,0.016193896532058716,0.0002
5982.0,12.0,0.01888284832239151,0.0002
5983.0,12.0,0.017511535435914993,0.0002
5984.0,12.0,0.01703253760933876,0.0002
5985.0,12.0,0.017807383090257645,0.0002
5986.0,12.0,0.017768070101737976,0.0002
5987.0,12.0,0.018705300986766815,0.0002
5988.0,12.0,0.02081671729683876,0.0002
5989.0,12.0,0.020102206617593765,0.0002
5990.0,12.0,0.016534356400370598,0.0002
5991.0,12.0,0.01795702427625656,0.0002
5992.0,12.0,0.01788676530122757,0.0002
5993.0,12.0,0.013361157849431038,0.0002
5994.0,12.0,0.02146570384502411,0.0002
5995.0,12.0,0.014737005345523357,0.0002
5996.0,12.0,0.017745329067111015,0.0002
5997.0,12.0,0.017085541039705276,0.0002
5998.0,12.0,0.015996232628822327,0.0002
5999.0,12.0,0.019372988492250443,0.0002
6000.0,12.0,0.013374905101954937,0.0002
6001.0,12.0,0.01704639382660389,0.0002
6002.0,12.0,0.020453428849577904,0.0002
6003.0,12.0,0.01981009915471077,0.0002
6004.0,12.0,0.014788455329835415,0.0002
6005.0,12.0,0.012665250338613987,0.0002
6006.0,12.0,0.01937820389866829,0.0002
6007.0,12.0,0.023678366094827652,0.0002
6008.0,12.0,0.01612447015941143,0.0002
6009.0,12.0,0.017669716849923134,0.0002
6010.0,12.0,0.018029944971203804,0.0002
6011.0,12.0,0.014960043132305145,0.0002
6012.0,12.0,0.019421085715293884,0.0002
6013.0,12.0,0.018313227221369743,0.0002
6014.0,12.0,0.014805551618337631,0.0002
6015.0,12.0,0.01660570502281189,0.0002
6016.0,12.0,0.013917612843215466,0.0002
6017.0,12.0,0.014798818156123161,0.0002
6018.0,12.0,0.014488964341580868,0.0002
6019.0,12.0,0.017547607421875,0.0002
6020.0,12.0,0.015988292172551155,0.0002
6021.0,12.0,0.018834590911865234,0.0002
6022.0,12.0,0.01700614020228386,0.0002
6023.0,12.0,0.017033429816365242,0.0002
6024.0,12.0,0.016174837946891785,0.0002
6025.0,12.0,0.016782067716121674,0.0002
6026.0,12.0,0.019286153838038445,0.0002
6027.0,12.0,0.018382979556918144,0.0002
6028.0,12.0,0.014916500076651573,0.0002
6029.0,12.0,0.016186553984880447,0.0002
6030.0,12.0,0.019774504005908966,0.0002
6031.0,12.0,0.019226569682359695,0.0002
6032.0,12.0,0.014217566698789597,0.0002
6033.0,12.0,0.018497124314308167,0.0002
6034.0,12.0,0.01721292734146118,0.0002
6035.0,12.0,0.01866868883371353,0.0002
6036.0,12.0,0.019771264865994453,0.0002
6037.0,12.0,0.014684505760669708,0.0002
6038.0,12.0,0.013630647212266922,0.0002
6039.0,12.0,0.01768336445093155,0.0002
6040.0,12.0,0.01835375651717186,0.0002
6041.0,12.0,0.014215769246220589,0.0002
6042.0,12.0,0.014632070437073708,0.0002
6043.0,12.0,0.02275816723704338,0.0002
6044.0,12.0,0.015159155242145061,0.0002
6045.0,12.0,0.02015731669962406,0.0002
6046.0,12.0,0.015454337932169437,0.0002
6047.0,12.0,0.021754179149866104,0.0002
6048.0,12.0,0.016489248722791672,0.0002
6049.0,12.0,0.02041928470134735,0.0002
6050.0,12.0,0.018826676532626152,0.0002
6051.0,12.0,0.01942087896168232,0.0002
6052.0,12.0,0.01784634403884411,0.0002
6053.0,12.0,0.01718098297715187,0.0002
6054.0,12.0,0.022881947457790375,0.0002
6055.0,12.0,0.017970843240618706,0.0002
6056.0,12.0,0.019096819683909416,0.0002
6057.0,12.0,0.018501369282603264,0.0002
6058.0,12.0,0.018592163920402527,0.0002
6059.0,12.0,0.015791648998856544,0.0002
6060.0,12.0,0.014357420615851879,0.0002
6061.0,12.0,0.02257656492292881,0.0002
6062.0,12.0,0.020350730046629906,0.0002
6063.0,12.0,0.0172981396317482,0.0002
6064.0,12.0,0.02046436443924904,0.0002
6065.0,12.0,0.01614733412861824,0.0002
6066.0,12.0,0.017275750637054443,0.0002
6067.0,12.0,0.018828146159648895,0.0002
6068.0,12.0,0.01583407260477543,0.0002
6069.0,12.0,0.020449403673410416,0.0002
6070.0,12.0,0.014295023865997791,0.0002
6071.0,12.0,0.02420957200229168,0.0002
6072.0,12.0,0.015558459796011448,0.0002
6073.0,12.0,0.017973341047763824,0.0002
6074.0,12.0,0.01862546056509018,0.0002
6075.0,12.0,0.014258545823395252,0.0002
6076.0,12.0,0.01819423958659172,0.0002
6077.0,12.0,0.01565125584602356,0.0002
6078.0,12.0,0.016388365998864174,0.0002
6079.0,12.0,0.023104587569832802,0.0002
6080.0,12.0,0.014123748056590557,0.0002
6081.0,12.0,0.01966414786875248,0.0002
6082.0,12.0,0.01605863869190216,0.0002
6083.0,12.0,0.015292467549443245,0.0002
6084.0,12.0,0.013586902990937233,0.0002
6085.0,13.0,0.015470387414097786,0.0002
6086.0,13.0,0.019804444164037704,0.0002
6087.0,13.0,0.020166676491498947,0.0002
6088.0,13.0,0.020656969398260117,0.0002
6089.0,13.0,0.01833255961537361,0.0002
6090.0,13.0,0.015863513574004173,0.0002
6091.0,13.0,0.017811015248298645,0.0002
6092.0,13.0,0.016069408506155014,0.0002
6093.0,13.0,0.017921358346939087,0.0002
6094.0,13.0,0.019297312945127487,0.0002
6095.0,13.0,0.018030667677521706,0.0002
6096.0,13.0,0.018647126853466034,0.0002
6097.0,13.0,0.014955348335206509,0.0002
6098.0,13.0,0.019443731755018234,0.0002
6099.0,13.0,0.014516379684209824,0.0002
6100.0,13.0,0.017252132296562195,0.0002
6101.0,13.0,0.01651626080274582,0.0002
6102.0,13.0,0.01743583381175995,0.0002
6103.0,13.0,0.01490424107760191,0.0002
6104.0,13.0,0.021052399650216103,0.0002
6105.0,13.0,0.02040266990661621,0.0002
6106.0,13.0,0.021061178296804428,0.0002
6107.0,13.0,0.015316286124289036,0.0002
6108.0,13.0,0.015497271902859211,0.0002
6109.0,13.0,0.015031803399324417,0.0002
6110.0,13.0,0.015941541641950607,0.0002
6111.0,13.0,0.01745198294520378,0.0002
6112.0,13.0,0.018257370218634605,0.0002
6113.0,13.0,0.017534682527184486,0.0002
6114.0,13.0,0.01840941421687603,0.0002
6115.0,13.0,0.017374621704220772,0.0002
6116.0,13.0,0.017471283674240112,0.0002
6117.0,13.0,0.022139254957437515,0.0002
6118.0,13.0,0.018086310476064682,0.0002
6119.0,13.0,0.01710745505988598,0.0002
6120.0,13.0,0.017799580469727516,0.0002
6121.0,13.0,0.013549571856856346,0.0002
6122.0,13.0,0.018470074981451035,0.0002
6123.0,13.0,0.017683271318674088,0.0002
6124.0,13.0,0.022399231791496277,0.0002
6125.0,13.0,0.019406495615839958,0.0002
6126.0,13.0,0.016470670700073242,0.0002
6127.0,13.0,0.02076657861471176,0.0002
6128.0,13.0,0.019171644002199173,0.0002
6129.0,13.0,0.018951933830976486,0.0002
6130.0,13.0,0.02298400178551674,0.0002
6131.0,13.0,0.021108750253915787,0.0002
6132.0,13.0,0.01476377435028553,0.0002
6133.0,13.0,0.016202468425035477,0.0002
6134.0,13.0,0.019019991159439087,0.0002
6135.0,13.0,0.016194017603993416,0.0002
6136.0,13.0,0.015391502529382706,0.0002
6137.0,13.0,0.018542267382144928,0.0002
6138.0,13.0,0.01979331113398075,0.0002
6139.0,13.0,0.018090438097715378,0.0002
6140.0,13.0,0.017697229981422424,0.0002
6141.0,13.0,0.01593531295657158,0.0002
6142.0,13.0,0.020771924406290054,0.0002
6143.0,13.0,0.015617433935403824,0.0002
6144.0,13.0,0.015393038280308247,0.0002
6145.0,13.0,0.02190525457262993,0.0002
6146.0,13.0,0.013211366720497608,0.0002
6147.0,13.0,0.016469303518533707,0.0002
6148.0,13.0,0.01669418439269066,0.0002
6149.0,13.0,0.01374070718884468,0.0002
6150.0,13.0,0.022342929616570473,0.0002
6151.0,13.0,0.017480183392763138,0.0002
6152.0,13.0,0.01625874452292919,0.0002
6153.0,13.0,0.014817857183516026,0.0002
6154.0,13.0,0.013654332607984543,0.0002
6155.0,13.0,0.01730264350771904,0.0002
6156.0,13.0,0.016343189403414726,0.0002
6157.0,13.0,0.01432718150317669,0.0002
6158.0,13.0,0.020181139931082726,0.0002
6159.0,13.0,0.01840454712510109,0.0002
6160.0,13.0,0.021058807149529457,0.0002
6161.0,13.0,0.015173783525824547,0.0002
6162.0,13.0,0.01792856678366661,0.0002
6163.0,13.0,0.017509598284959793,0.0002
6164.0,13.0,0.015910785645246506,0.0002
6165.0,13.0,0.016087716445326805,0.0002
6166.0,13.0,0.0169716477394104,0.0002
6167.0,13.0,0.01459017675369978,0.0002
6168.0,13.0,0.01677001640200615,0.0002
6169.0,13.0,0.014480347745120525,0.0002
6170.0,13.0,0.01665257103741169,0.0002
6171.0,13.0,0.014101368375122547,0.0002
6172.0,13.0,0.013337166979908943,0.0002
6173.0,13.0,0.019143130630254745,0.0002
6174.0,13.0,0.01811220310628414,0.0002
6175.0,13.0,0.01310873031616211,0.0002
6176.0,13.0,0.015964360907673836,0.0002
6177.0,13.0,0.01581137254834175,0.0002
6178.0,13.0,0.017654189839959145,0.0002
6179.0,13.0,0.015637200325727463,0.0002
6180.0,13.0,0.01870667189359665,0.0002
6181.0,13.0,0.015935899689793587,0.0002
6182.0,13.0,0.01583142951130867,0.0002
6183.0,13.0,0.019980162382125854,0.0002
6184.0,13.0,0.01693234033882618,0.0002
6185.0,13.0,0.018837571144104004,0.0002
6186.0,13.0,0.018119480460882187,0.0002
6187.0,13.0,0.012826466001570225,0.0002
6188.0,13.0,0.01632620394229889,0.0002
6189.0,13.0,0.015683230012655258,0.0002
6190.0,13.0,0.019936544820666313,0.0002
6191.0,13.0,0.017192410305142403,0.0002
6192.0,13.0,0.011962994933128357,0.0002
6193.0,13.0,0.018191125243902206,0.0002
6194.0,13.0,0.017497938126325607,0.0002
6195.0,13.0,0.01557521615177393,0.0002
6196.0,13.0,0.019007347524166107,0.0002
6197.0,13.0,0.01817050389945507,0.0002
6198.0,13.0,0.01690933108329773,0.0002
6199.0,13.0,0.01548787672072649,0.0002
6200.0,13.0,0.01260743010789156,0.0002
6201.0,13.0,0.01563912443816662,0.0002
6202.0,13.0,0.01661473512649536,0.0002
6203.0,13.0,0.013522271066904068,0.0002
6204.0,13.0,0.018200190737843513,0.0002
6205.0,13.0,0.020069122314453125,0.0002
6206.0,13.0,0.01722979173064232,0.0002
6207.0,13.0,0.01680811494588852,0.0002
6208.0,13.0,0.018345655873417854,0.0002
6209.0,13.0,0.017926979809999466,0.0002
6210.0,13.0,0.011323007754981518,0.0002
6211.0,13.0,0.01528920978307724,0.0002
6212.0,13.0,0.018515843898057938,0.0002
6213.0,13.0,0.0165787972509861,0.0002
6214.0,13.0,0.01868179813027382,0.0002
6215.0,13.0,0.019634824246168137,0.0002
6216.0,13.0,0.018777363002300262,0.0002
6217.0,13.0,0.013897824101150036,0.0002
6218.0,13.0,0.015482991933822632,0.0002
6219.0,13.0,0.016756780445575714,0.0002
6220.0,13.0,0.017872754484415054,0.0002
6221.0,13.0,0.014880616217851639,0.0002
6222.0,13.0,0.02064594253897667,0.0002
6223.0,13.0,0.016997134312987328,0.0002
6224.0,13.0,0.01800341159105301,0.0002
6225.0,13.0,0.016025671735405922,0.0002
6226.0,13.0,0.015629492700099945,0.0002
6227.0,13.0,0.01953873410820961,0.0002
6228.0,13.0,0.01846090704202652,0.0002
6229.0,13.0,0.014246366918087006,0.0002
6230.0,13.0,0.019484177231788635,0.0002
6231.0,13.0,0.01413450762629509,0.0002
6232.0,13.0,0.018352700397372246,0.0002
6233.0,13.0,0.016351250931620598,0.0002
6234.0,13.0,0.014422254636883736,0.0002
6235.0,13.0,0.016892120242118835,0.0002
6236.0,13.0,0.01478690467774868,0.0002
6237.0,13.0,0.015187298879027367,0.0002
6238.0,13.0,0.018401509150862694,0.0002
6239.0,13.0,0.015396824106574059,0.0002
6240.0,13.0,0.01626163348555565,0.0002
6241.0,13.0,0.015523347072303295,0.0002
6242.0,13.0,0.01766623556613922,0.0002
6243.0,13.0,0.022020313888788223,0.0002
6244.0,13.0,0.016467219218611717,0.0002
6245.0,13.0,0.01511602383106947,0.0002
6246.0,13.0,0.015418593771755695,0.0002
6247.0,13.0,0.015634950250387192,0.0002
6248.0,13.0,0.012521288357675076,0.0002
6249.0,13.0,0.01951655000448227,0.0002
6250.0,13.0,0.015543075278401375,0.0002
6251.0,13.0,0.019871611148118973,0.0002
6252.0,13.0,0.014171899296343327,0.0002
6253.0,13.0,0.0144021175801754,0.0002
6254.0,13.0,0.01832413673400879,0.0002
6255.0,13.0,0.017008241266012192,0.0002
6256.0,13.0,0.021103525534272194,0.0002
6257.0,13.0,0.01758418045938015,0.0002
6258.0,13.0,0.017743641510605812,0.0002
6259.0,13.0,0.019133999943733215,0.0002
6260.0,13.0,0.01779988966882229,0.0002
6261.0,13.0,0.013623758219182491,0.0002
6262.0,13.0,0.015220459550619125,0.0002
6263.0,13.0,0.01626463420689106,0.0002
6264.0,13.0,0.0144798643887043,0.0002
6265.0,13.0,0.016950469464063644,0.0002
6266.0,13.0,0.013657726347446442,0.0002
6267.0,13.0,0.014925682917237282,0.0002
6268.0,13.0,0.013014283031225204,0.0002
6269.0,13.0,0.01690104231238365,0.0002
6270.0,13.0,0.012927831150591373,0.0002
6271.0,13.0,0.02076638862490654,0.0002
6272.0,13.0,0.016034826636314392,0.0002
6273.0,13.0,0.012846428900957108,0.0002
6274.0,13.0,0.018687313422560692,0.0002
6275.0,13.0,0.017971888184547424,0.0002
6276.0,13.0,0.015510529279708862,0.0002
6277.0,13.0,0.016897127032279968,0.0002
6278.0,13.0,0.01562625914812088,0.0002
6279.0,13.0,0.015267296694219112,0.0002
6280.0,13.0,0.015510216355323792,0.0002
6281.0,13.0,0.012187890708446503,0.0002
6282.0,13.0,0.018806999549269676,0.0002
6283.0,13.0,0.02039165236055851,0.0002
6284.0,13.0,0.01464133895933628,0.0002
6285.0,13.0,0.014294097200036049,0.0002
6286.0,13.0,0.017073210328817368,0.0002
6287.0,13.0,0.01782737858593464,0.0002
6288.0,13.0,0.022198397666215897,0.0002
6289.0,13.0,0.018710996955633163,0.0002
6290.0,13.0,0.022331170737743378,0.0002
6291.0,13.0,0.019577866420149803,0.0002
6292.0,13.0,0.0144382044672966,0.0002
6293.0,13.0,0.018016990274190903,0.0002
6294.0,13.0,0.018748141825199127,0.0002
6295.0,13.0,0.01531497947871685,0.0002
6296.0,13.0,0.01786913350224495,0.0002
6297.0,13.0,0.020867809653282166,0.0002
6298.0,13.0,0.020659131929278374,0.0002
6299.0,13.0,0.015655625611543655,0.0002
6300.0,13.0,0.013425489887595177,0.0002
6301.0,13.0,0.021086521446704865,0.0002
6302.0,13.0,0.012409597635269165,0.0002
6303.0,13.0,0.013787426985800266,0.0002
6304.0,13.0,0.017089592292904854,0.0002
6305.0,13.0,0.014491833746433258,0.0002
6306.0,13.0,0.0175325945019722,0.0002
6307.0,13.0,0.014624416828155518,0.0002
6308.0,13.0,0.015026991255581379,0.0002
6309.0,13.0,0.017511526122689247,0.0002
6310.0,13.0,0.01575707644224167,0.0002
6311.0,13.0,0.014533019624650478,0.0002
6312.0,13.0,0.01960906572639942,0.0002
6313.0,13.0,0.013603199273347855,0.0002
6314.0,13.0,0.017768625169992447,0.0002
6315.0,13.0,0.019150417298078537,0.0002
6316.0,13.0,0.015290604904294014,0.0002
6317.0,13.0,0.016341131180524826,0.0002
6318.0,13.0,0.017959419637918472,0.0002
6319.0,13.0,0.013615492731332779,0.0002
6320.0,13.0,0.015092186629772186,0.0002
6321.0,13.0,0.01873866468667984,0.0002
6322.0,13.0,0.015283964574337006,0.0002
6323.0,13.0,0.015761664137244225,0.0002
6324.0,13.0,0.02186455763876438,0.0002
6325.0,13.0,0.01670866459608078,0.0002
6326.0,13.0,0.019935214892029762,0.0002
6327.0,13.0,0.016791880130767822,0.0002
6328.0,13.0,0.012879753485321999,0.0002
6329.0,13.0,0.022148672491312027,0.0002
6330.0,13.0,0.017060209065675735,0.0002
6331.0,13.0,0.015101728960871696,0.0002
6332.0,13.0,0.02043319307267666,0.0002
6333.0,13.0,0.016112785786390305,0.0002
6334.0,13.0,0.015496943145990372,0.0002
6335.0,13.0,0.014944998547434807,0.0002
6336.0,13.0,0.014609702862799168,0.0002
6337.0,13.0,0.015532582066953182,0.0002
6338.0,13.0,0.014625887386500835,0.0002
6339.0,13.0,0.017979227006435394,0.0002
6340.0,13.0,0.013786070048809052,0.0002
6341.0,13.0,0.016838720068335533,0.0002
6342.0,13.0,0.01964171789586544,0.0002
6343.0,13.0,0.021405328065156937,0.0002
6344.0,13.0,0.017424780875444412,0.0002
6345.0,13.0,0.013748956844210625,0.0002
6346.0,13.0,0.01641801930963993,0.0002
6347.0,13.0,0.013854239135980606,0.0002
6348.0,13.0,0.015647832304239273,0.0002
6349.0,13.0,0.018760617822408676,0.0002
6350.0,13.0,0.015610508620738983,0.0002
6351.0,13.0,0.014279934577643871,0.0002
6352.0,13.0,0.013827063143253326,0.0002
6353.0,13.0,0.020844515413045883,0.0002
6354.0,13.0,0.017676863819360733,0.0002
6355.0,13.0,0.01794205978512764,0.0002
6356.0,13.0,0.016096752136945724,0.0002
6357.0,13.0,0.017573291435837746,0.0002
6358.0,13.0,0.013772926293313503,0.0002
6359.0,13.0,0.015422655269503593,0.0002
6360.0,13.0,0.019965998828411102,0.0002
6361.0,13.0,0.012852519750595093,0.0002
6362.0,13.0,0.020429624244570732,0.0002
6363.0,13.0,0.015239084139466286,0.0002
6364.0,13.0,0.016717061400413513,0.0002
6365.0,13.0,0.01566975750029087,0.0002
6366.0,13.0,0.014547535218298435,0.0002
6367.0,13.0,0.018376179039478302,0.0002
6368.0,13.0,0.013032941147685051,0.0002
6369.0,13.0,0.017614370211958885,0.0002
6370.0,13.0,0.015737850219011307,0.0002
6371.0,13.0,0.020922547206282616,0.0002
6372.0,13.0,0.015564989298582077,0.0002
6373.0,13.0,0.023729898035526276,0.0002
6374.0,13.0,0.013852797448635101,0.0002
6375.0,13.0,0.017817853018641472,0.0002
6376.0,13.0,0.016494665294885635,0.0002
6377.0,13.0,0.014351092278957367,0.0002
6378.0,13.0,0.019761353731155396,0.0002
6379.0,13.0,0.015906669199466705,0.0002
6380.0,13.0,0.016771439462900162,0.0002
6381.0,13.0,0.01707036793231964,0.0002
6382.0,13.0,0.018157748505473137,0.0002
6383.0,13.0,0.016779955476522446,0.0002
6384.0,13.0,0.013606319203972816,0.0002
6385.0,13.0,0.016471872106194496,0.0002
6386.0,13.0,0.0137204360216856,0.0002
6387.0,13.0,0.01971670612692833,0.0002
6388.0,13.0,0.016207508742809296,0.0002
6389.0,13.0,0.019591450691223145,0.0002
6390.0,13.0,0.013963698409497738,0.0002
6391.0,13.0,0.019661255180835724,0.0002
6392.0,13.0,0.014228623360395432,0.0002
6393.0,13.0,0.021067526191473007,0.0002
6394.0,13.0,0.018630526959896088,0.0002
6395.0,13.0,0.01863453909754753,0.0002
6396.0,13.0,0.01664118468761444,0.0002
6397.0,13.0,0.014038658700883389,0.0002
6398.0,13.0,0.015374517999589443,0.0002
6399.0,13.0,0.01703621633350849,0.0002
6400.0,13.0,0.017843209207057953,0.0002
6401.0,13.0,0.017726344987750053,0.0002
6402.0,13.0,0.014654016122221947,0.0002
6403.0,13.0,0.01636836677789688,0.0002
6404.0,13.0,0.016223367303609848,0.0002
6405.0,13.0,0.02107791230082512,0.0002
6406.0,13.0,0.014252462424337864,0.0002
6407.0,13.0,0.015556352213025093,0.0002
6408.0,13.0,0.017898615449666977,0.0002
6409.0,13.0,0.01497850101441145,0.0002
6410.0,13.0,0.017165038734674454,0.0002
6411.0,13.0,0.014617769978940487,0.0002
6412.0,13.0,0.015508376993238926,0.0002
6413.0,13.0,0.019346611574292183,0.0002
6414.0,13.0,0.017479393631219864,0.0002
6415.0,13.0,0.016662755981087685,0.0002
6416.0,13.0,0.016980554908514023,0.0002
6417.0,13.0,0.013070652261376381,0.0002
6418.0,13.0,0.016936898231506348,0.0002
6419.0,13.0,0.019151117652654648,0.0002
6420.0,13.0,0.01618758589029312,0.0002
6421.0,13.0,0.01645558699965477,0.0002
6422.0,13.0,0.016472283750772476,0.0002
6423.0,13.0,0.01504878792911768,0.0002
6424.0,13.0,0.013645153492689133,0.0002
6425.0,13.0,0.018331274390220642,0.0002
6426.0,13.0,0.016304852440953255,0.0002
6427.0,13.0,0.013800379820168018,0.0002
6428.0,13.0,0.018878422677516937,0.0002
6429.0,13.0,0.016343986615538597,0.0002
6430.0,13.0,0.015594454482197762,0.0002
6431.0,13.0,0.017355620861053467,0.0002
6432.0,13.0,0.01649971306324005,0.0002
6433.0,13.0,0.01584816165268421,0.0002
6434.0,13.0,0.016813091933727264,0.0002
6435.0,13.0,0.016872510313987732,0.0002
6436.0,13.0,0.015926478430628777,0.0002
6437.0,13.0,0.015868598595261574,0.0002
6438.0,13.0,0.01825590990483761,0.0002
6439.0,13.0,0.017132777720689774,0.0002
6440.0,13.0,0.018120601773262024,0.0002
6441.0,13.0,0.0174013189971447,0.0002
6442.0,13.0,0.01643698662519455,0.0002
6443.0,13.0,0.0135609470307827,0.0002
6444.0,13.0,0.019288286566734314,0.0002
6445.0,13.0,0.01169809140264988,0.0002
6446.0,13.0,0.01587728224694729,0.0002
6447.0,13.0,0.013016320765018463,0.0002
6448.0,13.0,0.016260702162981033,0.0002
6449.0,13.0,0.012798364274203777,0.0002
6450.0,13.0,0.013515799306333065,0.0002
6451.0,13.0,0.01600669138133526,0.0002
6452.0,13.0,0.013637447729706764,0.0002
6453.0,13.0,0.016253717243671417,0.0002
6454.0,13.0,0.017111342400312424,0.0002
6455.0,13.0,0.015645012259483337,0.0002
6456.0,13.0,0.017837995663285255,0.0002
6457.0,13.0,0.01704675890505314,0.0002
6458.0,13.0,0.014149615541100502,0.0002
6459.0,13.0,0.02002847194671631,0.0002
6460.0,13.0,0.020120341330766678,0.0002
6461.0,13.0,0.014527086168527603,0.0002
6462.0,13.0,0.013845356181263924,0.0002
6463.0,13.0,0.01618983969092369,0.0002
6464.0,13.0,0.01850702613592148,0.0002
6465.0,13.0,0.017361484467983246,0.0002
6466.0,13.0,0.016373801976442337,0.0002
6467.0,13.0,0.013901747763156891,0.0002
6468.0,13.0,0.021812211722135544,0.0002
6469.0,13.0,0.015469180420041084,0.0002
6470.0,13.0,0.01174994744360447,0.0002
6471.0,13.0,0.013491692021489143,0.0002
6472.0,13.0,0.018892427906394005,0.0002
6473.0,13.0,0.016332555562257767,0.0002
6474.0,13.0,0.015863530337810516,0.0002
6475.0,13.0,0.013490327633917332,0.0002
6476.0,13.0,0.016678743064403534,0.0002
6477.0,13.0,0.019427457824349403,0.0002
6478.0,13.0,0.018865535035729408,0.0002
6479.0,13.0,0.016056595370173454,0.0002
6480.0,13.0,0.016351137310266495,0.0002
6481.0,13.0,0.015519154258072376,0.0002
6482.0,13.0,0.016095206141471863,0.0002
6483.0,13.0,0.01783067360520363,0.0002
6484.0,13.0,0.016530517488718033,0.0002
6485.0,13.0,0.017257902771234512,0.0002
6486.0,13.0,0.015411030501127243,0.0002
6487.0,13.0,0.01986764557659626,0.0002
6488.0,13.0,0.015555281192064285,0.0002
6489.0,13.0,0.014404388144612312,0.0002
6490.0,13.0,0.020035332068800926,0.0002
6491.0,13.0,0.02046741545200348,0.0002
6492.0,13.0,0.014883986674249172,0.0002
6493.0,13.0,0.018912581726908684,0.0002
6494.0,13.0,0.016085203737020493,0.0002
6495.0,13.0,0.018686693161725998,0.0002
6496.0,13.0,0.01945772022008896,0.0002
6497.0,13.0,0.0168142169713974,0.0002
6498.0,13.0,0.01661350205540657,0.0002
6499.0,13.0,0.019931279122829437,0.0002
6500.0,13.0,0.01907087303698063,0.0002
6501.0,13.0,0.013659738004207611,0.0002
6502.0,13.0,0.01988140121102333,0.0002
6503.0,13.0,0.016512615606188774,0.0002
6504.0,13.0,0.01545443944633007,0.0002
6505.0,13.0,0.015815362334251404,0.0002
6506.0,13.0,0.017489556223154068,0.0002
6507.0,13.0,0.018617995083332062,0.0002
6508.0,13.0,0.019080227240920067,0.0002
6509.0,13.0,0.01560794748365879,0.0002
6510.0,13.0,0.016921253874897957,0.0002
6511.0,13.0,0.018488090485334396,0.0002
6512.0,13.0,0.019876612350344658,0.0002
6513.0,13.0,0.020764853805303574,0.0002
6514.0,13.0,0.014038171619176865,0.0002
6515.0,13.0,0.016970353201031685,0.0002
6516.0,13.0,0.018069464713335037,0.0002
6517.0,13.0,0.01761595346033573,0.0002
6518.0,13.0,0.015231408178806305,0.0002
6519.0,13.0,0.014587799087166786,0.0002
6520.0,13.0,0.015062264166772366,0.0002
6521.0,13.0,0.01946188509464264,0.0002
6522.0,13.0,0.014108926057815552,0.0002
6523.0,13.0,0.014808552339673042,0.0002
6524.0,13.0,0.016250472515821457,0.0002
6525.0,13.0,0.016637295484542847,0.0002
6526.0,13.0,0.01638416387140751,0.0002
6527.0,13.0,0.016757270321249962,0.0002
6528.0,13.0,0.014901654794812202,0.0002
6529.0,13.0,0.013769911602139473,0.0002
6530.0,13.0,0.018666211515665054,0.0002
6531.0,13.0,0.016258521005511284,0.0002
6532.0,13.0,0.012827415019273758,0.0002
6533.0,13.0,0.015521971508860588,0.0002
6534.0,13.0,0.0144640002399683,0.0002
6535.0,13.0,0.015040427446365356,0.0002
6536.0,13.0,0.017468756064772606,0.0002
6537.0,13.0,0.019734010100364685,0.0002
6538.0,13.0,0.01741340570151806,0.0002
6539.0,13.0,0.016870344057679176,0.0002
6540.0,13.0,0.0178118534386158,0.0002
6541.0,13.0,0.012989519163966179,0.0002
6542.0,13.0,0.022067975252866745,0.0002
6543.0,13.0,0.01492244191467762,0.0002
6544.0,13.0,0.015315105207264423,0.0002
6545.0,13.0,0.019429730251431465,0.0002
6546.0,13.0,0.01777596026659012,0.0002
6547.0,13.0,0.016056280583143234,0.0002
6548.0,13.0,0.016684193164110184,0.0002
6549.0,13.0,0.01492981519550085,0.0002
6550.0,13.0,0.016878830268979073,0.0002
6551.0,13.0,0.02234499529004097,0.0002
6552.0,13.0,0.016552869230508804,0.0002
6553.0,14.0,0.0148373544216156,0.0002
6554.0,14.0,0.016158517450094223,0.0002
6555.0,14.0,0.0175336766988039,0.0002
6556.0,14.0,0.015424561686813831,0.0002
6557.0,14.0,0.01705441251397133,0.0002
6558.0,14.0,0.01386122778058052,0.0002
6559.0,14.0,0.016840772703289986,0.0002
6560.0,14.0,0.015270751900970936,0.0002
6561.0,14.0,0.018942348659038544,0.0002
6562.0,14.0,0.0158461332321167,0.0002
6563.0,14.0,0.016209814697504044,0.0002
6564.0,14.0,0.016101408749818802,0.0002
6565.0,14.0,0.01324375905096531,0.0002
6566.0,14.0,0.014844583347439766,0.0002
6567.0,14.0,0.019370421767234802,0.0002
6568.0,14.0,0.01782122068107128,0.0002
6569.0,14.0,0.015917111188173294,0.0002
6570.0,14.0,0.018452942371368408,0.0002
6571.0,14.0,0.013543304055929184,0.0002
6572.0,14.0,0.014232163317501545,0.0002
6573.0,14.0,0.016214845702052116,0.0002
6574.0,14.0,0.01564577780663967,0.0002
6575.0,14.0,0.017658572643995285,0.0002
6576.0,14.0,0.021356767043471336,0.0002
6577.0,14.0,0.015301119536161423,0.0002
6578.0,14.0,0.016339832916855812,0.0002
6579.0,14.0,0.015841428190469742,0.0002
6580.0,14.0,0.01585429534316063,0.0002
6581.0,14.0,0.015090995468199253,0.0002
6582.0,14.0,0.013634981587529182,0.0002
6583.0,14.0,0.014072506688535213,0.0002
6584.0,14.0,0.01724349334836006,0.0002
6585.0,14.0,0.0156889408826828,0.0002
6586.0,14.0,0.015648405998945236,0.0002
6587.0,14.0,0.012009300291538239,0.0002
6588.0,14.0,0.015591586008667946,0.0002
6589.0,14.0,0.016799725592136383,0.0002
6590.0,14.0,0.012906876392662525,0.0002
6591.0,14.0,0.014907634817063808,0.0002
6592.0,14.0,0.012018166482448578,0.0002
6593.0,14.0,0.015093006193637848,0.0002
6594.0,14.0,0.014376935549080372,0.0002
6595.0,14.0,0.02018507942557335,0.0002
6596.0,14.0,0.017778819426894188,0.0002
6597.0,14.0,0.014706115238368511,0.0002
6598.0,14.0,0.018052972853183746,0.0002
6599.0,14.0,0.016756223514676094,0.0002
6600.0,14.0,0.01853068172931671,0.0002
6601.0,14.0,0.016838207840919495,0.0002
6602.0,14.0,0.014730555936694145,0.0002
6603.0,14.0,0.012935122475028038,0.0002
6604.0,14.0,0.016786616295576096,0.0002
6605.0,14.0,0.014880890026688576,0.0002
6606.0,14.0,0.0195035208016634,0.0002
6607.0,14.0,0.015985261648893356,0.0002
6608.0,14.0,0.012592941522598267,0.0002
6609.0,14.0,0.019017795100808144,0.0002
6610.0,14.0,0.014932547695934772,0.0002
6611.0,14.0,0.017786547541618347,0.0002
6612.0,14.0,0.0167071633040905,0.0002
6613.0,14.0,0.016310133039951324,0.0002
6614.0,14.0,0.012854304164648056,0.0002
6615.0,14.0,0.01933043822646141,0.0002
6616.0,14.0,0.0124286487698555,0.0002
6617.0,14.0,0.01619330793619156,0.0002
6618.0,14.0,0.020780369639396667,0.0002
6619.0,14.0,0.01579812541604042,0.0002
6620.0,14.0,0.014445190317928791,0.0002
6621.0,14.0,0.013238434679806232,0.0002
6622.0,14.0,0.01929384097456932,0.0002
6623.0,14.0,0.013416174799203873,0.0002
6624.0,14.0,0.01912221871316433,0.0002
6625.0,14.0,0.017318956553936005,0.0002
6626.0,14.0,0.016141926869750023,0.0002
6627.0,14.0,0.017906082794070244,0.0002
6628.0,14.0,0.013381819240748882,0.0002
6629.0,14.0,0.01585148274898529,0.0002
6630.0,14.0,0.014968076720833778,0.0002
6631.0,14.0,0.02040908671915531,0.0002
6632.0,14.0,0.01597512885928154,0.0002
6633.0,14.0,0.017222963273525238,0.0002
6634.0,14.0,0.018393855541944504,0.0002
6635.0,14.0,0.021365664899349213,0.0002
6636.0,14.0,0.017249751836061478,0.0002
6637.0,14.0,0.017071321606636047,0.0002
6638.0,14.0,0.014185778796672821,0.0002
6639.0,14.0,0.017716974020004272,0.0002
6640.0,14.0,0.01612713560461998,0.0002
6641.0,14.0,0.016278531402349472,0.0002
6642.0,14.0,0.014616202563047409,0.0002
6643.0,14.0,0.020019326359033585,0.0002
6644.0,14.0,0.01966095343232155,0.0002
6645.0,14.0,0.01441807858645916,0.0002
6646.0,14.0,0.01658412255346775,0.0002
6647.0,14.0,0.015651928260922432,0.0002
6648.0,14.0,0.01858799159526825,0.0002
6649.0,14.0,0.01940670609474182,0.0002
6650.0,14.0,0.01589939557015896,0.0002
6651.0,14.0,0.01304830051958561,0.0002
6652.0,14.0,0.013811354525387287,0.0002
6653.0,14.0,0.015078175812959671,0.0002
6654.0,14.0,0.019569098949432373,0.0002
6655.0,14.0,0.013758022338151932,0.0002
6656.0,14.0,0.0193454772233963,0.0002
6657.0,14.0,0.011607283726334572,0.0002
6658.0,14.0,0.016361474990844727,0.0002
6659.0,14.0,0.013994102366268635,0.0002
6660.0,14.0,0.016730094328522682,0.0002
6661.0,14.0,0.018939273431897163,0.0002
6662.0,14.0,0.014950431883335114,0.0002
6663.0,14.0,0.01666824333369732,0.0002
6664.0,14.0,0.017354816198349,0.0002
6665.0,14.0,0.016469797119498253,0.0002
6666.0,14.0,0.016910601407289505,0.0002
6667.0,14.0,0.019090451300144196,0.0002
6668.0,14.0,0.016405921429395676,0.0002
6669.0,14.0,0.013790037482976913,0.0002
6670.0,14.0,0.019148126244544983,0.0002
6671.0,14.0,0.01429652888327837,0.0002
6672.0,14.0,0.01903890073299408,0.0002
6673.0,14.0,0.01646161451935768,0.0002
6674.0,14.0,0.016829008236527443,0.0002
6675.0,14.0,0.016019947826862335,0.0002
6676.0,14.0,0.01925620809197426,0.0002
6677.0,14.0,0.015040009282529354,0.0002
6678.0,14.0,0.016993261873722076,0.0002
6679.0,14.0,0.014998992905020714,0.0002
6680.0,14.0,0.013816620223224163,0.0002
6681.0,14.0,0.016817308962345123,0.0002
6682.0,14.0,0.019724790006875992,0.0002
6683.0,14.0,0.013724908232688904,0.0002
6684.0,14.0,0.017833858728408813,0.0002
6685.0,14.0,0.013734595850110054,0.0002
6686.0,14.0,0.016771327704191208,0.0002
6687.0,14.0,0.01927589252591133,0.0002
6688.0,14.0,0.017256716266274452,0.0002
6689.0,14.0,0.017040912061929703,0.0002
6690.0,14.0,0.013731309212744236,0.0002
6691.0,14.0,0.015769463032484055,0.0002
6692.0,14.0,0.017605779692530632,0.0002
6693.0,14.0,0.018996506929397583,0.0002
6694.0,14.0,0.01763392612338066,0.0002
6695.0,14.0,0.016268275678157806,0.0002
6696.0,14.0,0.013335304334759712,0.0002
6697.0,14.0,0.019803635776042938,0.0002
6698.0,14.0,0.015248032286763191,0.0002
6699.0,14.0,0.013209217227995396,0.0002
6700.0,14.0,0.019283242523670197,0.0002
6701.0,14.0,0.018314292654395103,0.0002
6702.0,14.0,0.014336487278342247,0.0002
6703.0,14.0,0.01726527512073517,0.0002
6704.0,14.0,0.015461597591638565,0.0002
6705.0,14.0,0.016059959307312965,0.0002
6706.0,14.0,0.012636043131351471,0.0002
6707.0,14.0,0.01756686344742775,0.0002
6708.0,14.0,0.016344159841537476,0.0002
6709.0,14.0,0.012906774878501892,0.0002
6710.0,14.0,0.01392189972102642,0.0002
6711.0,14.0,0.018727634102106094,0.0002
6712.0,14.0,0.017273440957069397,0.0002
6713.0,14.0,0.014652937650680542,0.0002
6714.0,14.0,0.01786978542804718,0.0002
6715.0,14.0,0.011833082884550095,0.0002
6716.0,14.0,0.02104683592915535,0.0002
6717.0,14.0,0.015184542164206505,0.0002
6718.0,14.0,0.017539024353027344,0.0002
6719.0,14.0,0.014243397861719131,0.0002
6720.0,14.0,0.01321750320494175,0.0002
6721.0,14.0,0.019444096833467484,0.0002
6722.0,14.0,0.014461793005466461,0.0002
6723.0,14.0,0.015507413074374199,0.0002
6724.0,14.0,0.017179792746901512,0.0002
6725.0,14.0,0.019493401050567627,0.0002
6726.0,14.0,0.02097424864768982,0.0002
6727.0,14.0,0.015588461421430111,0.0002
6728.0,14.0,0.021765653043985367,0.0002
6729.0,14.0,0.01905820704996586,0.0002
6730.0,14.0,0.018124431371688843,0.0002
6731.0,14.0,0.015587636269629002,0.0002
6732.0,14.0,0.015060635283589363,0.0002
6733.0,14.0,0.014427198097109795,0.0002
6734.0,14.0,0.010669004172086716,0.0002
6735.0,14.0,0.020741205662488937,0.0002
6736.0,14.0,0.015215352177619934,0.0002
6737.0,14.0,0.01693013310432434,0.0002
6738.0,14.0,0.02198173478245735,0.0002
6739.0,14.0,0.014738742262125015,0.0002
6740.0,14.0,0.016860146075487137,0.0002
6741.0,14.0,0.018273036926984787,0.0002
6742.0,14.0,0.01532505452632904,0.0002
6743.0,14.0,0.015681056305766106,0.0002
6744.0,14.0,0.015797119587659836,0.0002
6745.0,14.0,0.018447846174240112,0.0002
6746.0,14.0,0.019110258668661118,0.0002
6747.0,14.0,0.015718357637524605,0.0002
6748.0,14.0,0.014268689788877964,0.0002
6749.0,14.0,0.016523238271474838,0.0002
6750.0,14.0,0.01454094611108303,0.0002
6751.0,14.0,0.018755342811346054,0.0002
6752.0,14.0,0.014905943535268307,0.0002
6753.0,14.0,0.010067779570817947,0.0002
6754.0,14.0,0.021058399230241776,0.0002
6755.0,14.0,0.013555856421589851,0.0002
6756.0,14.0,0.0165641438215971,0.0002
6757.0,14.0,0.019185509532690048,0.0002
6758.0,14.0,0.01907816156744957,0.0002
6759.0,14.0,0.015468183904886246,0.0002
6760.0,14.0,0.01516186073422432,0.0002
6761.0,14.0,0.014503838494420052,0.0002
6762.0,14.0,0.0169842466711998,0.0002
6763.0,14.0,0.015134681947529316,0.0002
6764.0,14.0,0.014234541915357113,0.0002
6765.0,14.0,0.020261555910110474,0.0002
6766.0,14.0,0.019432859495282173,0.0002
6767.0,14.0,0.01892196759581566,0.0002
6768.0,14.0,0.016710903495550156,0.0002
6769.0,14.0,0.014662865549325943,0.0002
6770.0,14.0,0.01770978420972824,0.0002
6771.0,14.0,0.015556329861283302,0.0002
6772.0,14.0,0.017775217071175575,0.0002
6773.0,14.0,0.016295868903398514,0.0002
6774.0,14.0,0.017189957201480865,0.0002
6775.0,14.0,0.015131130814552307,0.0002
6776.0,14.0,0.01523766852915287,0.0002
6777.0,14.0,0.013436587527394295,0.0002
6778.0,14.0,0.020232845097780228,0.0002
6779.0,14.0,0.014359531924128532,0.0002
6780.0,14.0,0.018792184069752693,0.0002
6781.0,14.0,0.019111644476652145,0.0002
6782.0,14.0,0.016547244042158127,0.0002
6783.0,14.0,0.020452376455068588,0.0002
6784.0,14.0,0.015183812938630581,0.0002
6785.0,14.0,0.013670224696397781,0.0002
6786.0,14.0,0.013122227042913437,0.0002
6787.0,14.0,0.01634596288204193,0.0002
6788.0,14.0,0.014937974512577057,0.0002
6789.0,14.0,0.014359069988131523,0.0002
6790.0,14.0,0.018108347430825233,0.0002
6791.0,14.0,0.017293749377131462,0.0002
6792.0,14.0,0.025189783424139023,0.0002
6793.0,14.0,0.017902478575706482,0.0002
6794.0,14.0,0.014558013528585434,0.0002
6795.0,14.0,0.017350954934954643,0.0002
6796.0,14.0,0.019546382129192352,0.0002
6797.0,14.0,0.01829480193555355,0.0002
6798.0,14.0,0.015903029590845108,0.0002
6799.0,14.0,0.014180095866322517,0.0002
6800.0,14.0,0.015790898352861404,0.0002
6801.0,14.0,0.014608738012611866,0.0002
6802.0,14.0,0.02205517701804638,0.0002
6803.0,14.0,0.01796918362379074,0.0002
6804.0,14.0,0.01479105744510889,0.0002
6805.0,14.0,0.020211124792695045,0.0002
6806.0,14.0,0.01675276830792427,0.0002
6807.0,14.0,0.018943672999739647,0.0002
6808.0,14.0,0.01731066405773163,0.0002
6809.0,14.0,0.015039358288049698,0.0002
6810.0,14.0,0.01997496373951435,0.0002
6811.0,14.0,0.01616479456424713,0.0002
6812.0,14.0,0.018337827175855637,0.0002
6813.0,14.0,0.020165201276540756,0.0002
6814.0,14.0,0.018590569496154785,0.0002
6815.0,14.0,0.015091568231582642,0.0002
6816.0,14.0,0.015224723145365715,0.0002
6817.0,14.0,0.016207169741392136,0.0002
6818.0,14.0,0.014277152717113495,0.0002
6819.0,14.0,0.015865564346313477,0.0002
6820.0,14.0,0.017094390466809273,0.0002
6821.0,14.0,0.011548249050974846,0.0002
6822.0,14.0,0.015010863542556763,0.0002
6823.0,14.0,0.014047595672309399,0.0002
6824.0,14.0,0.018258696421980858,0.0002
6825.0,14.0,0.020705686882138252,0.0002
6826.0,14.0,0.01631537824869156,0.0002
6827.0,14.0,0.015360012650489807,0.0002
6828.0,14.0,0.01680998131632805,0.0002
6829.0,14.0,0.01590866409242153,0.0002
6830.0,14.0,0.012382028624415398,0.0002
6831.0,14.0,0.01724744215607643,0.0002
6832.0,14.0,0.015588819980621338,0.0002
6833.0,14.0,0.017425822094082832,0.0002
6834.0,14.0,0.011713637039065361,0.0002
6835.0,14.0,0.0127492006868124,0.0002
6836.0,14.0,0.015882760286331177,0.0002
6837.0,14.0,0.01569434627890587,0.0002
6838.0,14.0,0.014279471710324287,0.0002
6839.0,14.0,0.016475003212690353,0.0002
6840.0,14.0,0.017640044912695885,0.0002
6841.0,14.0,0.015354380942881107,0.0002
6842.0,14.0,0.01505027711391449,0.0002
6843.0,14.0,0.015185692347586155,0.0002
6844.0,14.0,0.014266422018408775,0.0002
6845.0,14.0,0.020671170204877853,0.0002
6846.0,14.0,0.01638193242251873,0.0002
6847.0,14.0,0.015215184539556503,0.0002
6848.0,14.0,0.015933804214000702,0.0002
6849.0,14.0,0.017404453828930855,0.0002
6850.0,14.0,0.018744993954896927,0.0002
6851.0,14.0,0.015729539096355438,0.0002
6852.0,14.0,0.017639100551605225,0.0002
6853.0,14.0,0.01771216094493866,0.0002
6854.0,14.0,0.020420711487531662,0.0002
6855.0,14.0,0.01796766370534897,0.0002
6856.0,14.0,0.019042236730456352,0.0002
6857.0,14.0,0.014406499452888966,0.0002
6858.0,14.0,0.018702559173107147,0.0002
6859.0,14.0,0.013607369735836983,0.0002
6860.0,14.0,0.015575168654322624,0.0002
6861.0,14.0,0.015397801995277405,0.0002
6862.0,14.0,0.0207747220993042,0.0002
6863.0,14.0,0.012244020588696003,0.0002
6864.0,14.0,0.015269514173269272,0.0002
6865.0,14.0,0.018529612571001053,0.0002
6866.0,14.0,0.012384473346173763,0.0002
6867.0,14.0,0.019339483231306076,0.0002
6868.0,14.0,0.017695773392915726,0.0002
6869.0,14.0,0.021962789818644524,0.0002
6870.0,14.0,0.019455838948488235,0.0002
6871.0,14.0,0.01711231842637062,0.0002
6872.0,14.0,0.018270589411258698,0.0002
6873.0,14.0,0.017587527632713318,0.0002
6874.0,14.0,0.016007646918296814,0.0002
6875.0,14.0,0.013690593652427197,0.0002
6876.0,14.0,0.015469168312847614,0.0002
6877.0,14.0,0.01876423880457878,0.0002
6878.0,14.0,0.02052919566631317,0.0002
6879.0,14.0,0.015948045998811722,0.0002
6880.0,14.0,0.013378120958805084,0.0002
6881.0,14.0,0.014251422137022018,0.0002
6882.0,14.0,0.017614684998989105,0.0002
6883.0,14.0,0.01782812364399433,0.0002
6884.0,14.0,0.020563136786222458,0.0002
6885.0,14.0,0.01908925734460354,0.0002
6886.0,14.0,0.02275235950946808,0.0002
6887.0,14.0,0.015905041247606277,0.0002
6888.0,14.0,0.01349964365363121,0.0002
6889.0,14.0,0.014970200136303902,0.0002
6890.0,14.0,0.01816645637154579,0.0002
6891.0,14.0,0.02109651267528534,0.0002
6892.0,14.0,0.01763061434030533,0.0002
6893.0,14.0,0.016379311680793762,0.0002
6894.0,14.0,0.016493136063218117,0.0002
6895.0,14.0,0.012606834061443806,0.0002
6896.0,14.0,0.014288962818682194,0.0002
6897.0,14.0,0.01831044629216194,0.0002
6898.0,14.0,0.012130135670304298,0.0002
6899.0,14.0,0.018247921019792557,0.0002
6900.0,14.0,0.016979597508907318,0.0002
6901.0,14.0,0.015345608815550804,0.0002
6902.0,14.0,0.014059281907975674,0.0002
6903.0,14.0,0.01222851499915123,0.0002
6904.0,14.0,0.015771111473441124,0.0002
6905.0,14.0,0.02112678810954094,0.0002
6906.0,14.0,0.01893908716738224,0.0002
6907.0,14.0,0.01677441969513893,0.0002
6908.0,14.0,0.016108902171254158,0.0002
6909.0,14.0,0.013511311262845993,0.0002
6910.0,14.0,0.01610645093023777,0.0002
6911.0,14.0,0.01790669932961464,0.0002
6912.0,14.0,0.0167364664375782,0.0002
6913.0,14.0,0.019336597993969917,0.0002
6914.0,14.0,0.01707698404788971,0.0002
6915.0,14.0,0.01723189651966095,0.0002
6916.0,14.0,0.01290308777242899,0.0002
6917.0,14.0,0.014219596982002258,0.0002
6918.0,14.0,0.017549075186252594,0.0002
6919.0,14.0,0.021318890154361725,0.0002
6920.0,14.0,0.01930343173444271,0.0002
6921.0,14.0,0.014910295605659485,0.0002
6922.0,14.0,0.01737140119075775,0.0002
6923.0,14.0,0.015334504656493664,0.0002
6924.0,14.0,0.013871951960027218,0.0002
6925.0,14.0,0.0186767615377903,0.0002
6926.0,14.0,0.014374935999512672,0.0002
6927.0,14.0,0.016744263470172882,0.0002
6928.0,14.0,0.015523623675107956,0.0002
6929.0,14.0,0.013415168039500713,0.0002
6930.0,14.0,0.01664452627301216,0.0002
6931.0,14.0,0.0188133642077446,0.0002
6932.0,14.0,0.016050338745117188,0.0002
6933.0,14.0,0.017957713454961777,0.0002
6934.0,14.0,0.01488083228468895,0.0002
6935.0,14.0,0.016018323600292206,0.0002
6936.0,14.0,0.01915043778717518,0.0002
6937.0,14.0,0.018981628119945526,0.0002
6938.0,14.0,0.016879813745617867,0.0002
6939.0,14.0,0.016775157302618027,0.0002
6940.0,14.0,0.016035858541727066,0.0002
6941.0,14.0,0.020389121025800705,0.0002
6942.0,14.0,0.015894388779997826,0.0002
6943.0,14.0,0.014359429478645325,0.0002
6944.0,14.0,0.017514076083898544,0.0002
6945.0,14.0,0.014868170022964478,0.0002
6946.0,14.0,0.01759043149650097,0.0002
6947.0,14.0,0.013595035299658775,0.0002
6948.0,14.0,0.0194997675716877,0.0002
6949.0,14.0,0.01472623273730278,0.0002
6950.0,14.0,0.019584905356168747,0.0002
6951.0,14.0,0.01803463138639927,0.0002
6952.0,14.0,0.01573517546057701,0.0002
6953.0,14.0,0.01986229047179222,0.0002
6954.0,14.0,0.01706954650580883,0.0002
6955.0,14.0,0.01672539673745632,0.0002
6956.0,14.0,0.014856856316328049,0.0002
6957.0,14.0,0.016368359327316284,0.0002
6958.0,14.0,0.01710069552063942,0.0002
6959.0,14.0,0.019796498119831085,0.0002
6960.0,14.0,0.02246006764471531,0.0002
6961.0,14.0,0.015835421159863472,0.0002
6962.0,14.0,0.016138967126607895,0.0002
6963.0,14.0,0.017371606081724167,0.0002
6964.0,14.0,0.012535156682133675,0.0002
6965.0,14.0,0.016371790319681168,0.0002
6966.0,14.0,0.01590246707201004,0.0002
6967.0,14.0,0.01363762840628624,0.0002
6968.0,14.0,0.018583718687295914,0.0002
6969.0,14.0,0.012837509624660015,0.0002
6970.0,14.0,0.01884227991104126,0.0002
6971.0,14.0,0.018398579210042953,0.0002
6972.0,14.0,0.01632056012749672,0.0002
6973.0,14.0,0.016972456127405167,0.0002
6974.0,14.0,0.016086259856820107,0.0002
6975.0,14.0,0.019477959722280502,0.0002
6976.0,14.0,0.01866808719933033,0.0002
6977.0,14.0,0.02117212302982807,0.0002
6978.0,14.0,0.01681501604616642,0.0002
6979.0,14.0,0.01534500066190958,0.0002
6980.0,14.0,0.014066938310861588,0.0002
6981.0,14.0,0.017869655042886734,0.0002
6982.0,14.0,0.01786918193101883,0.0002
6983.0,14.0,0.012804526835680008,0.0002
6984.0,14.0,0.01844208315014839,0.0002
6985.0,14.0,0.013490882702171803,0.0002
6986.0,14.0,0.014651983976364136,0.0002
6987.0,14.0,0.01625598594546318,0.0002
6988.0,14.0,0.0192546509206295,0.0002
6989.0,14.0,0.01928553730249405,0.0002
6990.0,14.0,0.019522536545991898,0.0002
6991.0,14.0,0.013657590374350548,0.0002
6992.0,14.0,0.011284179985523224,0.0002
6993.0,14.0,0.020420324057340622,0.0002
6994.0,14.0,0.01743820309638977,0.0002
6995.0,14.0,0.018242787569761276,0.0002
6996.0,14.0,0.017599264159798622,0.0002
6997.0,14.0,0.01642889343202114,0.0002
6998.0,14.0,0.014602911658585072,0.0002
6999.0,14.0,0.01246403157711029,0.0002
7000.0,14.0,0.018991805613040924,0.0002
7001.0,14.0,0.013311433605849743,0.0002
7002.0,14.0,0.016573339700698853,0.0002
7003.0,14.0,0.014587427489459515,0.0002
7004.0,14.0,0.016737131401896477,0.0002
7005.0,14.0,0.012892473489046097,0.0002
7006.0,14.0,0.020534442737698555,0.0002
7007.0,14.0,0.01432405598461628,0.0002
7008.0,14.0,0.012570570223033428,0.0002
7009.0,14.0,0.022504953667521477,0.0002
7010.0,14.0,0.013389255851507187,0.0002
7011.0,14.0,0.01617293804883957,0.0002
7012.0,14.0,0.01896887645125389,0.0002
7013.0,14.0,0.017149992287158966,0.0002
7014.0,14.0,0.018292218446731567,0.0002
7015.0,14.0,0.01455170288681984,0.0002
7016.0,14.0,0.019091133028268814,0.0002
7017.0,14.0,0.015120407566428185,0.0002
7018.0,14.0,0.013790391385555267,0.0002
7019.0,14.0,0.018494047224521637,0.0002
7020.0,14.0,0.018027983605861664,0.0002
7021.0,15.0,0.01582038775086403,0.0002
7022.0,15.0,0.014848380349576473,0.0002
7023.0,15.0,0.015597788617014885,0.0002
7024.0,15.0,0.021657835692167282,0.0002
7025.0,15.0,0.016547009348869324,0.0002
7026.0,15.0,0.020275205373764038,0.0002
7027.0,15.0,0.012028762139379978,0.0002
7028.0,15.0,0.01723124459385872,0.0002
7029.0,15.0,0.018719971179962158,0.0002
7030.0,15.0,0.019718553870916367,0.0002
7031.0,15.0,0.02069942280650139,0.0002
7032.0,15.0,0.017889782786369324,0.0002
7033.0,15.0,0.01765967532992363,0.0002
7034.0,15.0,0.0163525752723217,0.0002
7035.0,15.0,0.02000698260962963,0.0002
7036.0,15.0,0.01722876727581024,0.0002
7037.0,15.0,0.01730799302458763,0.0002
7038.0,15.0,0.013867092318832874,0.0002
7039.0,15.0,0.01577986218035221,0.0002
7040.0,15.0,0.016675952821969986,0.0002
7041.0,15.0,0.016484513878822327,0.0002
7042.0,15.0,0.016268420964479446,0.0002
7043.0,15.0,0.016290385276079178,0.0002
7044.0,15.0,0.01519972924143076,0.0002
7045.0,15.0,0.01763514243066311,0.0002
7046.0,15.0,0.014198029413819313,0.0002
7047.0,15.0,0.011918265372514725,0.0002
7048.0,15.0,0.016221094876527786,0.0002
7049.0,15.0,0.016356211155653,0.0002
7050.0,15.0,0.017412513494491577,0.0002
7051.0,15.0,0.01729406788945198,0.0002
7052.0,15.0,0.02105841226875782,0.0002
7053.0,15.0,0.015619334764778614,0.0002
7054.0,15.0,0.01774979941546917,0.0002
7055.0,15.0,0.015619650483131409,0.0002
7056.0,15.0,0.01370435580611229,0.0002
7057.0,15.0,0.013898150995373726,0.0002
7058.0,15.0,0.015551354736089706,0.0002
7059.0,15.0,0.01673763431608677,0.0002
7060.0,15.0,0.015894606709480286,0.0002
7061.0,15.0,0.015883564949035645,0.0002
7062.0,15.0,0.022362124174833298,0.0002
7063.0,15.0,0.013301171362400055,0.0002
7064.0,15.0,0.01771695911884308,0.0002
7065.0,15.0,0.01817590370774269,0.0002
7066.0,15.0,0.018367469310760498,0.0002
7067.0,15.0,0.014960294589400291,0.0002
7068.0,15.0,0.017821095883846283,0.0002
7069.0,15.0,0.014511404559016228,0.0002
7070.0,15.0,0.018533142283558846,0.0002
7071.0,15.0,0.018321167677640915,0.0002
7072.0,15.0,0.023005250841379166,0.0002
7073.0,15.0,0.01772395707666874,0.0002
7074.0,15.0,0.01892973855137825,0.0002
7075.0,15.0,0.01723417080938816,0.0002
7076.0,15.0,0.015849735587835312,0.0002
7077.0,15.0,0.016650991514325142,0.0002
7078.0,15.0,0.018069814890623093,0.0002
7079.0,15.0,0.01627209410071373,0.0002
7080.0,15.0,0.01266401819884777,0.0002
7081.0,15.0,0.019571052864193916,0.0002
7082.0,15.0,0.018062381073832512,0.0002
7083.0,15.0,0.015700925141572952,0.0002
7084.0,15.0,0.02013998292386532,0.0002
7085.0,15.0,0.01692797616124153,0.0002
7086.0,15.0,0.016765903681516647,0.0002
7087.0,15.0,0.017696190625429153,0.0002
7088.0,15.0,0.015916895121335983,0.0002
7089.0,15.0,0.017308201640844345,0.0002
7090.0,15.0,0.017150310799479485,0.0002
7091.0,15.0,0.020169828087091446,0.0002
7092.0,15.0,0.01544338557869196,0.0002
7093.0,15.0,0.012474151328206062,0.0002
7094.0,15.0,0.015394582413136959,0.0002
7095.0,15.0,0.0187978595495224,0.0002
7096.0,15.0,0.015089603140950203,0.0002
7097.0,15.0,0.011318186298012733,0.0002
7098.0,15.0,0.015410102903842926,0.0002
7099.0,15.0,0.014278221875429153,0.0002
7100.0,15.0,0.017667295411229134,0.0002
7101.0,15.0,0.015975989401340485,0.0002
7102.0,15.0,0.018517833203077316,0.0002
7103.0,15.0,0.017046086490154266,0.0002
7104.0,15.0,0.013462676666676998,0.0002
7105.0,15.0,0.015137937851250172,0.0002
7106.0,15.0,0.021337231621146202,0.0002
7107.0,15.0,0.014837429858744144,0.0002
7108.0,15.0,0.017771052196621895,0.0002
7109.0,15.0,0.018027400597929955,0.0002
7110.0,15.0,0.01219713781028986,0.0002
7111.0,15.0,0.013840679079294205,0.0002
7112.0,15.0,0.01700662635266781,0.0002
7113.0,15.0,0.014198035933077335,0.0002
7114.0,15.0,0.017821110785007477,0.0002
7115.0,15.0,0.016087409108877182,0.0002
7116.0,15.0,0.016637414693832397,0.0002
7117.0,15.0,0.013784033246338367,0.0002
7118.0,15.0,0.013241790235042572,0.0002
7119.0,15.0,0.015241045504808426,0.0002
7120.0,15.0,0.01715128682553768,0.0002
7121.0,15.0,0.013902045786380768,0.0002
7122.0,15.0,0.01705191284418106,0.0002
7123.0,15.0,0.018789932131767273,0.0002
7124.0,15.0,0.016142435371875763,0.0002
7125.0,15.0,0.016042347997426987,0.0002
7126.0,15.0,0.015865331515669823,0.0002
7127.0,15.0,0.0151289701461792,0.0002
7128.0,15.0,0.017835665494203568,0.0002
7129.0,15.0,0.01821884885430336,0.0002
7130.0,15.0,0.01503059919923544,0.0002
7131.0,15.0,0.01675749383866787,0.0002
7132.0,15.0,0.016794685274362564,0.0002
7133.0,15.0,0.016993165016174316,0.0002
7134.0,15.0,0.01428210735321045,0.0002
7135.0,15.0,0.01868424005806446,0.0002
7136.0,15.0,0.011476794257760048,0.0002
7137.0,15.0,0.02064213901758194,0.0002
7138.0,15.0,0.017074931412935257,0.0002
7139.0,15.0,0.019303422421216965,0.0002
7140.0,15.0,0.01705983653664589,0.0002
7141.0,15.0,0.017674120143055916,0.0002
7142.0,15.0,0.017735997214913368,0.0002
7143.0,15.0,0.016596760600805283,0.0002
7144.0,15.0,0.01900087296962738,0.0002
7145.0,15.0,0.017981374636292458,0.0002
7146.0,15.0,0.015914030373096466,0.0002
7147.0,15.0,0.019594555720686913,0.0002
7148.0,15.0,0.018782807514071465,0.0002
7149.0,15.0,0.015843363478779793,0.0002
7150.0,15.0,0.01574419066309929,0.0002
7151.0,15.0,0.01916368678212166,0.0002
7152.0,15.0,0.016686687245965004,0.0002
7153.0,15.0,0.013535616919398308,0.0002
7154.0,15.0,0.017714662477374077,0.0002
7155.0,15.0,0.013949019834399223,0.0002
7156.0,15.0,0.018350299447774887,0.0002
7157.0,15.0,0.01583918370306492,0.0002
7158.0,15.0,0.015475152991712093,0.0002
7159.0,15.0,0.01577681675553322,0.0002
7160.0,15.0,0.015124103054404259,0.0002
7161.0,15.0,0.014532077126204967,0.0002
7162.0,15.0,0.014554420486092567,0.0002
7163.0,15.0,0.014972750097513199,0.0002
7164.0,15.0,0.01797018200159073,0.0002
7165.0,15.0,0.014502491801977158,0.0002
7166.0,15.0,0.015668779611587524,0.0002
7167.0,15.0,0.017781972885131836,0.0002
7168.0,15.0,0.013670694082975388,0.0002
7169.0,15.0,0.01553815696388483,0.0002
7170.0,15.0,0.01344841718673706,0.0002
7171.0,15.0,0.014532975852489471,0.0002
7172.0,15.0,0.012645399197936058,0.0002
7173.0,15.0,0.021430492401123047,0.0002
7174.0,15.0,0.01782696694135666,0.0002
7175.0,15.0,0.021442998200654984,0.0002
7176.0,15.0,0.014379456639289856,0.0002
7177.0,15.0,0.01598643697798252,0.0002
7178.0,15.0,0.020495958626270294,0.0002
7179.0,15.0,0.01815955713391304,0.0002
7180.0,15.0,0.01511699054390192,0.0002
7181.0,15.0,0.014414135366678238,0.0002
7182.0,15.0,0.015775982290506363,0.0002
7183.0,15.0,0.012227920815348625,0.0002
7184.0,15.0,0.01848193258047104,0.0002
7185.0,15.0,0.018370237201452255,0.0002
7186.0,15.0,0.01574208028614521,0.0002
7187.0,15.0,0.0172154288738966,0.0002
7188.0,15.0,0.014843182638287544,0.0002
7189.0,15.0,0.022703956812620163,0.0002
7190.0,15.0,0.014717919752001762,0.0002
7191.0,15.0,0.013991225510835648,0.0002
7192.0,15.0,0.01695815473794937,0.0002
7193.0,15.0,0.015298610553145409,0.0002
7194.0,15.0,0.017495928332209587,0.0002
7195.0,15.0,0.01667729951441288,0.0002
7196.0,15.0,0.014322726987302303,0.0002
7197.0,15.0,0.017008833587169647,0.0002
7198.0,15.0,0.015682987868785858,0.0002
7199.0,15.0,0.013227563351392746,0.0002
7200.0,15.0,0.019465580582618713,0.0002
7201.0,15.0,0.014958014711737633,0.0002
7202.0,15.0,0.016200115904211998,0.0002
7203.0,15.0,0.017198726534843445,0.0002
7204.0,15.0,0.015750043094158173,0.0002
7205.0,15.0,0.016581501811742783,0.0002
7206.0,15.0,0.015848308801651,0.0002
7207.0,15.0,0.017842285335063934,0.0002
7208.0,15.0,0.016326971352100372,0.0002
7209.0,15.0,0.01738983578979969,0.0002
7210.0,15.0,0.016137797385454178,0.0002
7211.0,15.0,0.016576780006289482,0.0002
7212.0,15.0,0.017619844526052475,0.0002
7213.0,15.0,0.0177933182567358,0.0002
7214.0,15.0,0.01684330403804779,0.0002
7215.0,15.0,0.018163327127695084,0.0002
7216.0,15.0,0.017044857144355774,0.0002
7217.0,15.0,0.018453361466526985,0.0002
7218.0,15.0,0.016763973981142044,0.0002
7219.0,15.0,0.018396802246570587,0.0002
7220.0,15.0,0.014493115246295929,0.0002
7221.0,15.0,0.016437144950032234,0.0002
7222.0,15.0,0.015629513189196587,0.0002
7223.0,15.0,0.0171820055693388,0.0002
7224.0,15.0,0.019527973607182503,0.0002
7225.0,15.0,0.01723427325487137,0.0002
7226.0,15.0,0.018380912020802498,0.0002
7227.0,15.0,0.017789453268051147,0.0002
7228.0,15.0,0.01652008481323719,0.0002
7229.0,15.0,0.014602433890104294,0.0002
7230.0,15.0,0.01742217317223549,0.0002
7231.0,15.0,0.016246706247329712,0.0002
7232.0,15.0,0.014312265440821648,0.0002
7233.0,15.0,0.014042660593986511,0.0002
7234.0,15.0,0.013490344397723675,0.0002
7235.0,15.0,0.020043306052684784,0.0002
7236.0,15.0,0.016064079478383064,0.0002
7237.0,15.0,0.014785801991820335,0.0002
7238.0,15.0,0.01492263376712799,0.0002
7239.0,15.0,0.015830056741833687,0.0002
7240.0,15.0,0.012840034440159798,0.0002
7241.0,15.0,0.021653123199939728,0.0002
7242.0,15.0,0.014281363226473331,0.0002
7243.0,15.0,0.019190574064850807,0.0002
7244.0,15.0,0.017913516610860825,0.0002
7245.0,15.0,0.016286572441458702,0.0002
7246.0,15.0,0.013253268785774708,0.0002
7247.0,15.0,0.01675448939204216,0.0002
7248.0,15.0,0.02076921984553337,0.0002
7249.0,15.0,0.01675504818558693,0.0002
7250.0,15.0,0.017388369888067245,0.0002
7251.0,15.0,0.020558103919029236,0.0002
7252.0,15.0,0.01443864032626152,0.0002
7253.0,15.0,0.01895979419350624,0.0002
7254.0,15.0,0.018268071115016937,0.0002
7255.0,15.0,0.014260055497288704,0.0002
7256.0,15.0,0.01668316312134266,0.0002
7257.0,15.0,0.015578318387269974,0.0002
7258.0,15.0,0.016113383695483208,0.0002
7259.0,15.0,0.01961377263069153,0.0002
7260.0,15.0,0.015320147387683392,0.0002
7261.0,15.0,0.011555809527635574,0.0002
7262.0,15.0,0.015355948358774185,0.0002
7263.0,15.0,0.011713438667356968,0.0002
7264.0,15.0,0.01751657947897911,0.0002
7265.0,15.0,0.01468647550791502,0.0002
7266.0,15.0,0.013932541012763977,0.0002
7267.0,15.0,0.016760792583227158,0.0002
7268.0,15.0,0.01582287810742855,0.0002
7269.0,15.0,0.016902294009923935,0.0002
7270.0,15.0,0.011802641674876213,0.0002
7271.0,15.0,0.012636356055736542,0.0002
7272.0,15.0,0.0162632055580616,0.0002
7273.0,15.0,0.015398154966533184,0.0002
7274.0,15.0,0.015280705876648426,0.0002
7275.0,15.0,0.019412267953157425,0.0002
7276.0,15.0,0.012945842929184437,0.0002
7277.0,15.0,0.01862628385424614,0.0002
7278.0,15.0,0.01749294437468052,0.0002
7279.0,15.0,0.018745899200439453,0.0002
7280.0,15.0,0.015940705314278603,0.0002
7281.0,15.0,0.017388906329870224,0.0002
7282.0,15.0,0.01312176138162613,0.0002
7283.0,15.0,0.015872137621045113,0.0002
7284.0,15.0,0.012237909249961376,0.0002
7285.0,15.0,0.01722138375043869,0.0002
7286.0,15.0,0.021571528166532516,0.0002
7287.0,15.0,0.01590849831700325,0.0002
7288.0,15.0,0.01688532903790474,0.0002
7289.0,15.0,0.0168219693005085,0.0002
7290.0,15.0,0.014612254686653614,0.0002
7291.0,15.0,0.01626647636294365,0.0002
7292.0,15.0,0.01953764259815216,0.0002
7293.0,15.0,0.015921391546726227,0.0002
7294.0,15.0,0.013954253867268562,0.0002
7295.0,15.0,0.017643660306930542,0.0002
7296.0,15.0,0.017849361523985863,0.0002
7297.0,15.0,0.012865445576608181,0.0002
7298.0,15.0,0.015333414077758789,0.0002
7299.0,15.0,0.017697621136903763,0.0002
7300.0,15.0,0.0139824990183115,0.0002
7301.0,15.0,0.01730082929134369,0.0002
7302.0,15.0,0.015706252306699753,0.0002
7303.0,15.0,0.014143597334623337,0.0002
7304.0,15.0,0.018754951655864716,0.0002
7305.0,15.0,0.01751895621418953,0.0002
7306.0,15.0,0.0167416799813509,0.0002
7307.0,15.0,0.013031205162405968,0.0002
7308.0,15.0,0.014455171301960945,0.0002
7309.0,15.0,0.01604442298412323,0.0002
7310.0,15.0,0.017346903681755066,0.0002
7311.0,15.0,0.016286594793200493,0.0002
7312.0,15.0,0.01606755703687668,0.0002
7313.0,15.0,0.016910020262002945,0.0002
7314.0,15.0,0.013830000534653664,0.0002
7315.0,15.0,0.017633801326155663,0.0002
7316.0,15.0,0.017686672508716583,0.0002
7317.0,15.0,0.016572579741477966,0.0002
7318.0,15.0,0.016026537865400314,0.0002
7319.0,15.0,0.01535018626600504,0.0002
7320.0,15.0,0.01644998788833618,0.0002
7321.0,15.0,0.016833003610372543,0.0002
7322.0,15.0,0.019423481076955795,0.0002
7323.0,15.0,0.01894834265112877,0.0002
7324.0,15.0,0.014700626954436302,0.0002
7325.0,15.0,0.013141311705112457,0.0002
7326.0,15.0,0.018590129911899567,0.0002
7327.0,15.0,0.022459954023361206,0.0002
7328.0,15.0,0.019762638956308365,0.0002
7329.0,15.0,0.015028949826955795,0.0002
7330.0,15.0,0.013958996161818504,0.0002
7331.0,15.0,0.018993224948644638,0.0002
7332.0,15.0,0.014910934492945671,0.0002
7333.0,15.0,0.01653328537940979,0.0002
7334.0,15.0,0.013277804479002953,0.0002
7335.0,15.0,0.013879245147109032,0.0002
7336.0,15.0,0.013856085017323494,0.0002
7337.0,15.0,0.013831481337547302,0.0002
7338.0,15.0,0.012277113273739815,0.0002
7339.0,15.0,0.017669670283794403,0.0002
7340.0,15.0,0.01261141337454319,0.0002
7341.0,15.0,0.0170477032661438,0.0002
7342.0,15.0,0.014250822365283966,0.0002
7343.0,15.0,0.019292492419481277,0.0002
7344.0,15.0,0.01722221076488495,0.0002
7345.0,15.0,0.016939040273427963,0.0002
7346.0,15.0,0.014385640621185303,0.0002
7347.0,15.0,0.019354751333594322,0.0002
7348.0,15.0,0.012477196753025055,0.0002
7349.0,15.0,0.012798392213881016,0.0002
7350.0,15.0,0.016816280782222748,0.0002
7351.0,15.0,0.015301788225769997,0.0002
7352.0,15.0,0.0173269584774971,0.0002
7353.0,15.0,0.014474360272288322,0.0002
7354.0,15.0,0.01564417965710163,0.0002
7355.0,15.0,0.013763714581727982,0.0002
7356.0,15.0,0.01663026213645935,0.0002
7357.0,15.0,0.017944365739822388,0.0002
7358.0,15.0,0.020486880093812943,0.0002
7359.0,15.0,0.014955857768654823,0.0002
7360.0,15.0,0.017392216250300407,0.0002
7361.0,15.0,0.017358090728521347,0.0002
7362.0,15.0,0.015544023364782333,0.0002
7363.0,15.0,0.01351360883563757,0.0002
7364.0,15.0,0.01564878225326538,0.0002
7365.0,15.0,0.018445821478962898,0.0002
7366.0,15.0,0.01766262948513031,0.0002
7367.0,15.0,0.01815280318260193,0.0002
7368.0,15.0,0.015379056334495544,0.0002
7369.0,15.0,0.016378603875637054,0.0002
7370.0,15.0,0.01828789710998535,0.0002
7371.0,15.0,0.015160306356847286,0.0002
7372.0,15.0,0.017330721020698547,0.0002
7373.0,15.0,0.01651619002223015,0.0002
7374.0,15.0,0.015904825180768967,0.0002
7375.0,15.0,0.015782665461301804,0.0002
7376.0,15.0,0.014498349279165268,0.0002
7377.0,15.0,0.013207736425101757,0.0002
7378.0,15.0,0.01571086049079895,0.0002
7379.0,15.0,0.015798641368746758,0.0002
7380.0,15.0,0.014178894460201263,0.0002
7381.0,15.0,0.01707465574145317,0.0002
7382.0,15.0,0.014083104208111763,0.0002
7383.0,15.0,0.017687302082777023,0.0002
7384.0,15.0,0.013695025816559792,0.0002
7385.0,15.0,0.013399556279182434,0.0002
7386.0,15.0,0.014599948190152645,0.0002
7387.0,15.0,0.012904243543744087,0.0002
7388.0,15.0,0.01875886134803295,0.0002
7389.0,15.0,0.018202640116214752,0.0002
7390.0,15.0,0.01776949316263199,0.0002
7391.0,15.0,0.018610971048474312,0.0002
7392.0,15.0,0.017521165311336517,0.0002
7393.0,15.0,0.01502261869609356,0.0002
7394.0,15.0,0.015441522002220154,0.0002
7395.0,15.0,0.014480343088507652,0.0002
7396.0,15.0,0.012145698070526123,0.0002
7397.0,15.0,0.016184676438570023,0.0002
7398.0,15.0,0.014789698645472527,0.0002
7399.0,15.0,0.016301965340971947,0.0002
7400.0,15.0,0.01307469978928566,0.0002
7401.0,15.0,0.014887241646647453,0.0002
7402.0,15.0,0.02061852626502514,0.0002
7403.0,15.0,0.017692813649773598,0.0002
7404.0,15.0,0.015580360777676105,0.0002
7405.0,15.0,0.01745614968240261,0.0002
7406.0,15.0,0.023247092962265015,0.0002
7407.0,15.0,0.012197999283671379,0.0002
7408.0,15.0,0.015860125422477722,0.0002
7409.0,15.0,0.017830368131399155,0.0002
7410.0,15.0,0.01746424101293087,0.0002
7411.0,15.0,0.017011160030961037,0.0002
7412.0,15.0,0.01671743579208851,0.0002
7413.0,15.0,0.015329064801335335,0.0002
7414.0,15.0,0.017417896538972855,0.0002
7415.0,15.0,0.018732383847236633,0.0002
7416.0,15.0,0.013298023492097855,0.0002
7417.0,15.0,0.016154494136571884,0.0002
7418.0,15.0,0.013468085788190365,0.0002
7419.0,15.0,0.018074434250593185,0.0002
7420.0,15.0,0.015623350627720356,0.0002
7421.0,15.0,0.015292910858988762,0.0002
7422.0,15.0,0.015378188341856003,0.0002
7423.0,15.0,0.013210298493504524,0.0002
7424.0,15.0,0.01627039909362793,0.0002
7425.0,15.0,0.01686490699648857,0.0002
7426.0,15.0,0.013263138011097908,0.0002
7427.0,15.0,0.015385258942842484,0.0002
7428.0,15.0,0.015394670888781548,0.0002
7429.0,15.0,0.012779798358678818,0.0002
7430.0,15.0,0.012097607366740704,0.0002
7431.0,15.0,0.013549495488405228,0.0002
7432.0,15.0,0.014975309371948242,0.0002
7433.0,15.0,0.018293345347046852,0.0002
7434.0,15.0,0.017094388604164124,0.0002
7435.0,15.0,0.01952960342168808,0.0002
7436.0,15.0,0.01700267381966114,0.0002
7437.0,15.0,0.015058786608278751,0.0002
7438.0,15.0,0.017411310225725174,0.0002
7439.0,15.0,0.018634535372257233,0.0002
7440.0,15.0,0.013698852621018887,0.0002
7441.0,15.0,0.01775001548230648,0.0002
7442.0,15.0,0.013805353082716465,0.0002
7443.0,15.0,0.01690927892923355,0.0002
7444.0,15.0,0.022633597254753113,0.0002
7445.0,15.0,0.016406767070293427,0.0002
7446.0,15.0,0.014815623871982098,0.0002
7447.0,15.0,0.015013793483376503,0.0002
7448.0,15.0,0.014173592440783978,0.0002
7449.0,15.0,0.018777135759592056,0.0002
7450.0,15.0,0.01781725510954857,0.0002
7451.0,15.0,0.016089461743831635,0.0002
7452.0,15.0,0.012380875647068024,0.0002
7453.0,15.0,0.01919134333729744,0.0002
7454.0,15.0,0.015752889215946198,0.0002
7455.0,15.0,0.017404768615961075,0.0002
7456.0,15.0,0.018361397087574005,0.0002
7457.0,15.0,0.019252531230449677,0.0002
7458.0,15.0,0.018047206103801727,0.0002
7459.0,15.0,0.01924164593219757,0.0002
7460.0,15.0,0.01671253889799118,0.0002
7461.0,15.0,0.021901382133364677,0.0002
7462.0,15.0,0.014361203648149967,0.0002
7463.0,15.0,0.01607157289981842,0.0002
7464.0,15.0,0.01255887933075428,0.0002
7465.0,15.0,0.015353459864854813,0.0002
7466.0,15.0,0.016406018286943436,0.0002
7467.0,15.0,0.013235309161245823,0.0002
7468.0,15.0,0.01180195715278387,0.0002
7469.0,15.0,0.01967877522110939,0.0002
7470.0,15.0,0.015177324414253235,0.0002
7471.0,15.0,0.018395276740193367,0.0002
7472.0,15.0,0.013785396702587605,0.0002
7473.0,15.0,0.015255727805197239,0.0002
7474.0,15.0,0.01763436384499073,0.0002
7475.0,15.0,0.01452001091092825,0.0002
7476.0,15.0,0.017696524038910866,0.0002
7477.0,15.0,0.019166745245456696,0.0002
7478.0,15.0,0.016907192766666412,0.0002
7479.0,15.0,0.017475062981247902,0.0002
7480.0,15.0,0.01951403170824051,0.0002
7481.0,15.0,0.017194785177707672,0.0002
7482.0,15.0,0.013607061468064785,0.0002
7483.0,15.0,0.014826087281107903,0.0002
7484.0,15.0,0.017956838011741638,0.0002
7485.0,15.0,0.014280806295573711,0.0002
7486.0,15.0,0.014039990492165089,0.0002
7487.0,15.0,0.014086889103055,0.0002
7488.0,15.0,0.01860785111784935,0.0002
7489.0,16.0,0.01337256096303463,0.0002
7490.0,16.0,0.015301814302802086,0.0002
7491.0,16.0,0.014852705411612988,0.0002
7492.0,16.0,0.019403818994760513,0.0002
7493.0,16.0,0.01563177816569805,0.0002
7494.0,16.0,0.018304236233234406,0.0002
7495.0,16.0,0.016464004293084145,0.0002
7496.0,16.0,0.018094541504979134,0.0002
7497.0,16.0,0.017086828127503395,0.0002
7498.0,16.0,0.019880838692188263,0.0002
7499.0,16.0,0.01598082296550274,0.0002
7500.0,16.0,0.018402833491563797,0.0002
7501.0,16.0,0.01475781574845314,0.0002
7502.0,16.0,0.01877422444522381,0.0002
7503.0,16.0,0.016576558351516724,0.0002
7504.0,16.0,0.015682794153690338,0.0002
7505.0,16.0,0.017023999243974686,0.0002
7506.0,16.0,0.015351098962128162,0.0002
7507.0,16.0,0.01737028732895851,0.0002
7508.0,16.0,0.014599617570638657,0.0002
7509.0,16.0,0.018838949501514435,0.0002
7510.0,16.0,0.019831746816635132,0.0002
7511.0,16.0,0.01684027910232544,0.0002
7512.0,16.0,0.017062809318304062,0.0002
7513.0,16.0,0.015330065973103046,0.0002
7514.0,16.0,0.016129832714796066,0.0002
7515.0,16.0,0.01962406188249588,0.0002
7516.0,16.0,0.013242760673165321,0.0002
7517.0,16.0,0.018190864473581314,0.0002
7518.0,16.0,0.018642468377947807,0.0002
7519.0,16.0,0.01784759946167469,0.0002
7520.0,16.0,0.014447158202528954,0.0002
7521.0,16.0,0.01755659654736519,0.0002
7522.0,16.0,0.01680741272866726,0.0002
7523.0,16.0,0.015904435887932777,0.0002
7524.0,16.0,0.014582153409719467,0.0002
7525.0,16.0,0.015771659091114998,0.0002
7526.0,16.0,0.014329358004033566,0.0002
7527.0,16.0,0.016105493530631065,0.0002
7528.0,16.0,0.01959039643406868,0.0002
7529.0,16.0,0.01681644096970558,0.0002
7530.0,16.0,0.01917188987135887,0.0002
7531.0,16.0,0.01691625267267227,0.0002
7532.0,16.0,0.016220437362790108,0.0002
7533.0,16.0,0.014532912522554398,0.0002
7534.0,16.0,0.015371655113995075,0.0002
7535.0,16.0,0.015455800108611584,0.0002
7536.0,16.0,0.01649155281484127,0.0002
7537.0,16.0,0.013671662658452988,0.0002
7538.0,16.0,0.01596810668706894,0.0002
7539.0,16.0,0.019239913672208786,0.0002
7540.0,16.0,0.017753027379512787,0.0002
7541.0,16.0,0.01763826608657837,0.0002
7542.0,16.0,0.01805087924003601,0.0002
7543.0,16.0,0.014114297926425934,0.0002
7544.0,16.0,0.01790638081729412,0.0002
7545.0,16.0,0.017790572717785835,0.0002
7546.0,16.0,0.013343364000320435,0.0002
7547.0,16.0,0.014639969915151596,0.0002
7548.0,16.0,0.01450534537434578,0.0002
7549.0,16.0,0.01548759639263153,0.0002
7550.0,16.0,0.013814441859722137,0.0002
7551.0,16.0,0.019535213708877563,0.0002
7552.0,16.0,0.014645850285887718,0.0002
7553.0,16.0,0.014643394388258457,0.0002
7554.0,16.0,0.02095879428088665,0.0002
7555.0,16.0,0.01703348010778427,0.0002
7556.0,16.0,0.0178914126008749,0.0002
7557.0,16.0,0.019370023161172867,0.0002
7558.0,16.0,0.013394794426858425,0.0002
7559.0,16.0,0.014822209253907204,0.0002
7560.0,16.0,0.017251303419470787,0.0002
7561.0,16.0,0.017999136820435524,0.0002
7562.0,16.0,0.016066834330558777,0.0002
7563.0,16.0,0.016833540052175522,0.0002
7564.0,16.0,0.016127828508615494,0.0002
7565.0,16.0,0.018188532441854477,0.0002
7566.0,16.0,0.015138818882405758,0.0002
7567.0,16.0,0.01599799282848835,0.0002
7568.0,16.0,0.018116544932127,0.0002
7569.0,16.0,0.016245661303400993,0.0002
7570.0,16.0,0.015282666310667992,0.0002
7571.0,16.0,0.016555625945329666,0.0002
7572.0,16.0,0.018802423030138016,0.0002
7573.0,16.0,0.013041827827692032,0.0002
7574.0,16.0,0.014700996689498425,0.0002
7575.0,16.0,0.013896118849515915,0.0002
7576.0,16.0,0.014904245734214783,0.0002
7577.0,16.0,0.015847088769078255,0.0002
7578.0,16.0,0.016584020107984543,0.0002
7579.0,16.0,0.016551055014133453,0.0002
7580.0,16.0,0.01665530726313591,0.0002
7581.0,16.0,0.01694450154900551,0.0002
7582.0,16.0,0.018485594540834427,0.0002
7583.0,16.0,0.015517732128500938,0.0002
7584.0,16.0,0.016524039208889008,0.0002
7585.0,16.0,0.013158585876226425,0.0002
7586.0,16.0,0.015549045987427235,0.0002
7587.0,16.0,0.014846086502075195,0.0002
7588.0,16.0,0.013928054831922054,0.0002
7589.0,16.0,0.015515252016484737,0.0002
7590.0,16.0,0.0148799829185009,0.0002
7591.0,16.0,0.014943990856409073,0.0002
7592.0,16.0,0.015955757349729538,0.0002
7593.0,16.0,0.014449246227741241,0.0002
7594.0,16.0,0.015845801681280136,0.0002
7595.0,16.0,0.01604786515235901,0.0002
7596.0,16.0,0.0145955765619874,0.0002
7597.0,16.0,0.01549132913351059,0.0002
7598.0,16.0,0.012093713507056236,0.0002
7599.0,16.0,0.015718258917331696,0.0002
7600.0,16.0,0.013716782443225384,0.0002
7601.0,16.0,0.018826033920049667,0.0002
7602.0,16.0,0.018375594168901443,0.0002
7603.0,16.0,0.01673140376806259,0.0002
7604.0,16.0,0.01461738534271717,0.0002
7605.0,16.0,0.014614000916481018,0.0002
7606.0,16.0,0.01446512434631586,0.0002
7607.0,16.0,0.01589546725153923,0.0002
7608.0,16.0,0.012991996482014656,0.0002
7609.0,16.0,0.019156616181135178,0.0002
7610.0,16.0,0.016223004087805748,0.0002
7611.0,16.0,0.0160771943628788,0.0002
7612.0,16.0,0.01473834179341793,0.0002
7613.0,16.0,0.01808382198214531,0.0002
7614.0,16.0,0.016927406191825867,0.0002
7615.0,16.0,0.018988898023962975,0.0002
7616.0,16.0,0.016768120229244232,0.0002
7617.0,16.0,0.017166517674922943,0.0002
7618.0,16.0,0.014040909707546234,0.0002
7619.0,16.0,0.012285732664167881,0.0002
7620.0,16.0,0.018332529813051224,0.0002
7621.0,16.0,0.015301072038710117,0.0002
7622.0,16.0,0.013158604502677917,0.0002
7623.0,16.0,0.016456693410873413,0.0002
7624.0,16.0,0.016660969704389572,0.0002
7625.0,16.0,0.01695229299366474,0.0002
7626.0,16.0,0.015345685184001923,0.0002
7627.0,16.0,0.015557200647890568,0.0002
7628.0,16.0,0.015169576741755009,0.0002
7629.0,16.0,0.01955288089811802,0.0002
7630.0,16.0,0.016094498336315155,0.0002
7631.0,16.0,0.018298957496881485,0.0002
7632.0,16.0,0.019975388422608376,0.0002
7633.0,16.0,0.015180741436779499,0.0002
7634.0,16.0,0.016956370323896408,0.0002
7635.0,16.0,0.017331907525658607,0.0002
7636.0,16.0,0.015115498565137386,0.0002
7637.0,16.0,0.014458665624260902,0.0002
7638.0,16.0,0.018845170736312866,0.0002
7639.0,16.0,0.015612427145242691,0.0002
7640.0,16.0,0.013043390586972237,0.0002
7641.0,16.0,0.015600000508129597,0.0002
7642.0,16.0,0.016134317964315414,0.0002
7643.0,16.0,0.019476208835840225,0.0002
7644.0,16.0,0.01446254551410675,0.0002
7645.0,16.0,0.015591028146445751,0.0002
7646.0,16.0,0.014179963618516922,0.0002
7647.0,16.0,0.016120636835694313,0.0002
7648.0,16.0,0.014541620388627052,0.0002
7649.0,16.0,0.01793956756591797,0.0002
7650.0,16.0,0.02071237936615944,0.0002
7651.0,16.0,0.015355683863162994,0.0002
7652.0,16.0,0.016935117542743683,0.0002
7653.0,16.0,0.013341384008526802,0.0002
7654.0,16.0,0.017192412167787552,0.0002
7655.0,16.0,0.017659135162830353,0.0002
7656.0,16.0,0.017681539058685303,0.0002
7657.0,16.0,0.0142659991979599,0.0002
7658.0,16.0,0.015329107642173767,0.0002
7659.0,16.0,0.01875900849699974,0.0002
7660.0,16.0,0.01622988097369671,0.0002
7661.0,16.0,0.01518228929489851,0.0002
7662.0,16.0,0.01952773705124855,0.0002
7663.0,16.0,0.015819352120161057,0.0002
7664.0,16.0,0.014297164976596832,0.0002
7665.0,16.0,0.016072895377874374,0.0002
7666.0,16.0,0.013930823653936386,0.0002
7667.0,16.0,0.015968553721904755,0.0002
7668.0,16.0,0.01569484733045101,0.0002
7669.0,16.0,0.018359409645199776,0.0002
7670.0,16.0,0.015172099694609642,0.0002
7671.0,16.0,0.014234839007258415,0.0002
7672.0,16.0,0.018619127571582794,0.0002
7673.0,16.0,0.016740793362259865,0.0002
7674.0,16.0,0.014284777455031872,0.0002
7675.0,16.0,0.015429595485329628,0.0002
7676.0,16.0,0.018069107085466385,0.0002
7677.0,16.0,0.014192592352628708,0.0002
7678.0,16.0,0.018099524080753326,0.0002
7679.0,16.0,0.013138488866388798,0.0002
7680.0,16.0,0.01402341015636921,0.0002
7681.0,16.0,0.0218813419342041,0.0002
7682.0,16.0,0.017975497990846634,0.0002
7683.0,16.0,0.01546749472618103,0.0002
7684.0,16.0,0.01584979146718979,0.0002
7685.0,16.0,0.01556926779448986,0.0002
7686.0,16.0,0.01592336781322956,0.0002
7687.0,16.0,0.015561091713607311,0.0002
7688.0,16.0,0.014066692441701889,0.0002
7689.0,16.0,0.019083797931671143,0.0002
7690.0,16.0,0.014060731045901775,0.0002
7691.0,16.0,0.018680080771446228,0.0002
7692.0,16.0,0.014300643466413021,0.0002
7693.0,16.0,0.01569877192378044,0.0002
7694.0,16.0,0.02598170004785061,0.0002
7695.0,16.0,0.017600417137145996,0.0002
7696.0,16.0,0.016848906874656677,0.0002
7697.0,16.0,0.018084554001688957,0.0002
7698.0,16.0,0.016653239727020264,0.0002
7699.0,16.0,0.017090752720832825,0.0002
7700.0,16.0,0.014062642119824886,0.0002
7701.0,16.0,0.015503088012337685,0.0002
7702.0,16.0,0.017690498381853104,0.0002
7703.0,16.0,0.017618775367736816,0.0002
7704.0,16.0,0.01888088881969452,0.0002
7705.0,16.0,0.013936538249254227,0.0002
7706.0,16.0,0.018687035888433456,0.0002
7707.0,16.0,0.016216116026043892,0.0002
7708.0,16.0,0.0193338543176651,0.0002
7709.0,16.0,0.015192460268735886,0.0002
7710.0,16.0,0.014368871226906776,0.0002
7711.0,16.0,0.01935584470629692,0.0002
7712.0,16.0,0.015580855309963226,0.0002
7713.0,16.0,0.01548812910914421,0.0002
7714.0,16.0,0.015780523419380188,0.0002
7715.0,16.0,0.015345106832683086,0.0002
7716.0,16.0,0.013557030819356441,0.0002
7717.0,16.0,0.015428896062076092,0.0002
7718.0,16.0,0.01627589762210846,0.0002
7719.0,16.0,0.0162234865128994,0.0002
7720.0,16.0,0.017921937629580498,0.0002
7721.0,16.0,0.017778407782316208,0.0002
7722.0,16.0,0.015152028761804104,0.0002
7723.0,16.0,0.01832130365073681,0.0002
7724.0,16.0,0.015457311645150185,0.0002
7725.0,16.0,0.012257552705705166,0.0002
7726.0,16.0,0.01575189270079136,0.0002
7727.0,16.0,0.01611638441681862,0.0002
7728.0,16.0,0.012957184575498104,0.0002
7729.0,16.0,0.019089147448539734,0.0002
7730.0,16.0,0.015683453530073166,0.0002
7731.0,16.0,0.01353844627737999,0.0002
7732.0,16.0,0.020330891013145447,0.0002
7733.0,16.0,0.015825778245925903,0.0002
7734.0,16.0,0.01542753167450428,0.0002
7735.0,16.0,0.017412196844816208,0.0002
7736.0,16.0,0.017658421769738197,0.0002
7737.0,16.0,0.016183892264962196,0.0002
7738.0,16.0,0.013457573018968105,0.0002
7739.0,16.0,0.016413817182183266,0.0002
7740.0,16.0,0.01921318843960762,0.0002
7741.0,16.0,0.015499421395361423,0.0002
7742.0,16.0,0.015003252774477005,0.0002
7743.0,16.0,0.015931207686662674,0.0002
7744.0,16.0,0.019907310605049133,0.0002
7745.0,16.0,0.014824729412794113,0.0002
7746.0,16.0,0.012003996409475803,0.0002
7747.0,16.0,0.01779354363679886,0.0002
7748.0,16.0,0.0152200348675251,0.0002
7749.0,16.0,0.01764819771051407,0.0002
7750.0,16.0,0.015117283910512924,0.0002
7751.0,16.0,0.012838218361139297,0.0002
7752.0,16.0,0.013862265273928642,0.0002
7753.0,16.0,0.014405095018446445,0.0002
7754.0,16.0,0.01857798360288143,0.0002
7755.0,16.0,0.015025245025753975,0.0002
7756.0,16.0,0.01892758160829544,0.0002
7757.0,16.0,0.017885973677039146,0.0002
7758.0,16.0,0.011570733040571213,0.0002
7759.0,16.0,0.01543419249355793,0.0002
7760.0,16.0,0.01752443052828312,0.0002
7761.0,16.0,0.014236988499760628,0.0002
7762.0,16.0,0.019230768084526062,0.0002
7763.0,16.0,0.013961020857095718,0.0002
7764.0,16.0,0.012973438017070293,0.0002
7765.0,16.0,0.019093727692961693,0.0002
7766.0,16.0,0.015965566039085388,0.0002
7767.0,16.0,0.017611093819141388,0.0002
7768.0,16.0,0.015523724257946014,0.0002
7769.0,16.0,0.0172262005507946,0.0002
7770.0,16.0,0.013761905021965504,0.0002
7771.0,16.0,0.01668611355125904,0.0002
7772.0,16.0,0.012800019234418869,0.0002
7773.0,16.0,0.01375708170235157,0.0002
7774.0,16.0,0.015462711453437805,0.0002
7775.0,16.0,0.014265527948737144,0.0002
7776.0,16.0,0.01727875880897045,0.0002
7777.0,16.0,0.017460428178310394,0.0002
7778.0,16.0,0.016405239701271057,0.0002
7779.0,16.0,0.014713989570736885,0.0002
7780.0,16.0,0.01735960692167282,0.0002
7781.0,16.0,0.016025342047214508,0.0002
7782.0,16.0,0.014084032736718655,0.0002
7783.0,16.0,0.01626180112361908,0.0002
7784.0,16.0,0.018620658665895462,0.0002
7785.0,16.0,0.014928129501640797,0.0002
7786.0,16.0,0.01464361697435379,0.0002
7787.0,16.0,0.013979816809296608,0.0002
7788.0,16.0,0.01449110358953476,0.0002
7789.0,16.0,0.010917783714830875,0.0002
7790.0,16.0,0.018514622002840042,0.0002
7791.0,16.0,0.019286207854747772,0.0002
7792.0,16.0,0.01786401867866516,0.0002
7793.0,16.0,0.02069740556180477,0.0002
7794.0,16.0,0.016683444380760193,0.0002
7795.0,16.0,0.015509840101003647,0.0002
7796.0,16.0,0.015003416687250137,0.0002
7797.0,16.0,0.01436763908714056,0.0002
7798.0,16.0,0.015207531861960888,0.0002
7799.0,16.0,0.013418087735772133,0.0002
7800.0,16.0,0.015216568484902382,0.0002
7801.0,16.0,0.0161804910749197,0.0002
7802.0,16.0,0.01808454468846321,0.0002
7803.0,16.0,0.015823347494006157,0.0002
7804.0,16.0,0.016516631469130516,0.0002
7805.0,16.0,0.018870510160923004,0.0002
7806.0,16.0,0.017794456332921982,0.0002
7807.0,16.0,0.01276501826941967,0.0002
7808.0,16.0,0.017554625868797302,0.0002
7809.0,16.0,0.018219973891973495,0.0002
7810.0,16.0,0.015275692567229271,0.0002
7811.0,16.0,0.012572035193443298,0.0002
7812.0,16.0,0.016188841313123703,0.0002
7813.0,16.0,0.01110051665455103,0.0002
7814.0,16.0,0.01747363992035389,0.0002
7815.0,16.0,0.011225801892578602,0.0002
7816.0,16.0,0.015346708707511425,0.0002
7817.0,16.0,0.015336728654801846,0.0002
7818.0,16.0,0.014836774207651615,0.0002
7819.0,16.0,0.011347167193889618,0.0002
7820.0,16.0,0.016140993684530258,0.0002
7821.0,16.0,0.017500346526503563,0.0002
7822.0,16.0,0.017408985644578934,0.0002
7823.0,16.0,0.01617453619837761,0.0002
7824.0,16.0,0.013906721957027912,0.0002
7825.0,16.0,0.01400392223149538,0.0002
7826.0,16.0,0.014982352964580059,0.0002
7827.0,16.0,0.012133974581956863,0.0002
7828.0,16.0,0.018048502504825592,0.0002
7829.0,16.0,0.01939786970615387,0.0002
7830.0,16.0,0.014779474586248398,0.0002
7831.0,16.0,0.014667118899524212,0.0002
7832.0,16.0,0.01652800664305687,0.0002
7833.0,16.0,0.018788766115903854,0.0002
7834.0,16.0,0.018667884171009064,0.0002
7835.0,16.0,0.01885627955198288,0.0002
7836.0,16.0,0.015228716656565666,0.0002
7837.0,16.0,0.0166477020829916,0.0002
7838.0,16.0,0.016656329855322838,0.0002
7839.0,16.0,0.012988111935555935,0.0002
7840.0,16.0,0.016065482050180435,0.0002
7841.0,16.0,0.015200246125459671,0.0002
7842.0,16.0,0.014073779806494713,0.0002
7843.0,16.0,0.019121862947940826,0.0002
7844.0,16.0,0.014302728697657585,0.0002
7845.0,16.0,0.01440079603344202,0.0002
7846.0,16.0,0.01519001368433237,0.0002
7847.0,16.0,0.014296065084636211,0.0002
7848.0,16.0,0.013828422874212265,0.0002
7849.0,16.0,0.018843499943614006,0.0002
7850.0,16.0,0.017185796052217484,0.0002
7851.0,16.0,0.015065284445881844,0.0002
7852.0,16.0,0.013768445700407028,0.0002
7853.0,16.0,0.017199406400322914,0.0002
7854.0,16.0,0.01630454696714878,0.0002
7855.0,16.0,0.014795039780437946,0.0002
7856.0,16.0,0.014673772267997265,0.0002
7857.0,16.0,0.016257168725132942,0.0002
7858.0,16.0,0.01754465326666832,0.0002
7859.0,16.0,0.016835983842611313,0.0002
7860.0,16.0,0.015863915905356407,0.0002
7861.0,16.0,0.012429339811205864,0.0002
7862.0,16.0,0.015608363784849644,0.0002
7863.0,16.0,0.01554815098643303,0.0002
7864.0,16.0,0.013611444272100925,0.0002
7865.0,16.0,0.014397276565432549,0.0002
7866.0,16.0,0.015060224570333958,0.0002
7867.0,16.0,0.013598034158349037,0.0002
7868.0,16.0,0.019805267453193665,0.0002
7869.0,16.0,0.01767183281481266,0.0002
7870.0,16.0,0.015991007909178734,0.0002
7871.0,16.0,0.020156264305114746,0.0002
7872.0,16.0,0.016584377735853195,0.0002
7873.0,16.0,0.016364015638828278,0.0002
7874.0,16.0,0.012403066270053387,0.0002
7875.0,16.0,0.0184747576713562,0.0002
7876.0,16.0,0.015260700136423111,0.0002
7877.0,16.0,0.01489771157503128,0.0002
7878.0,16.0,0.01567457616329193,0.0002
7879.0,16.0,0.01736217737197876,0.0002
7880.0,16.0,0.018175099045038223,0.0002
7881.0,16.0,0.018161088228225708,0.0002
7882.0,16.0,0.014258811250329018,0.0002
7883.0,16.0,0.01689254492521286,0.0002
7884.0,16.0,0.015314294956624508,0.0002
7885.0,16.0,0.014900845475494862,0.0002
7886.0,16.0,0.016004517674446106,0.0002
7887.0,16.0,0.01945134997367859,0.0002
7888.0,16.0,0.014831984415650368,0.0002
7889.0,16.0,0.01710309274494648,0.0002
7890.0,16.0,0.019006598740816116,0.0002
7891.0,16.0,0.014186433516442776,0.0002
7892.0,16.0,0.015345331281423569,0.0002
7893.0,16.0,0.01455060113221407,0.0002
7894.0,16.0,0.017719248309731483,0.0002
7895.0,16.0,0.01979237049818039,0.0002
7896.0,16.0,0.014445951208472252,0.0002
7897.0,16.0,0.016812775284051895,0.0002
7898.0,16.0,0.017146892845630646,0.0002
7899.0,16.0,0.017287898808717728,0.0002
7900.0,16.0,0.017708061262965202,0.0002
7901.0,16.0,0.01466380525380373,0.0002
7902.0,16.0,0.01283733919262886,0.0002
7903.0,16.0,0.018012601882219315,0.0002
7904.0,16.0,0.014258570037782192,0.0002
7905.0,16.0,0.014945100992918015,0.0002
7906.0,16.0,0.016503430902957916,0.0002
7907.0,16.0,0.015279104933142662,0.0002
7908.0,16.0,0.014844520017504692,0.0002
7909.0,16.0,0.01801983080804348,0.0002
7910.0,16.0,0.015921877697110176,0.0002
7911.0,16.0,0.014861063100397587,0.0002
7912.0,16.0,0.015415890142321587,0.0002
7913.0,16.0,0.015413403511047363,0.0002
7914.0,16.0,0.014226230792701244,0.0002
7915.0,16.0,0.016963832080364227,0.0002
7916.0,16.0,0.014711540192365646,0.0002
7917.0,16.0,0.02154422365128994,0.0002
7918.0,16.0,0.016321144998073578,0.0002
7919.0,16.0,0.01877383142709732,0.0002
7920.0,16.0,0.01904524676501751,0.0002
7921.0,16.0,0.016508080065250397,0.0002
7922.0,16.0,0.01433071494102478,0.0002
7923.0,16.0,0.020883522927761078,0.0002
7924.0,16.0,0.017423881217837334,0.0002
7925.0,16.0,0.017974724993109703,0.0002
7926.0,16.0,0.01840696483850479,0.0002
7927.0,16.0,0.01902296394109726,0.0002
7928.0,16.0,0.012826014310121536,0.0002
7929.0,16.0,0.016680054366588593,0.0002
7930.0,16.0,0.016341067850589752,0.0002
7931.0,16.0,0.015016863122582436,0.0002
7932.0,16.0,0.01497584953904152,0.0002
7933.0,16.0,0.01754298061132431,0.0002
7934.0,16.0,0.014816176146268845,0.0002
7935.0,16.0,0.016026031225919724,0.0002
7936.0,16.0,0.017958112061023712,0.0002
7937.0,16.0,0.01650390401482582,0.0002
7938.0,16.0,0.015658656135201454,0.0002
7939.0,16.0,0.012957208789885044,0.0002
7940.0,16.0,0.02028168924152851,0.0002
7941.0,16.0,0.014977418817579746,0.0002
7942.0,16.0,0.018460802733898163,0.0002
7943.0,16.0,0.017494741827249527,0.0002
7944.0,16.0,0.015512343496084213,0.0002
7945.0,16.0,0.021953249350190163,0.0002
7946.0,16.0,0.015214511193335056,0.0002
7947.0,16.0,0.015177087858319283,0.0002
7948.0,16.0,0.017929041758179665,0.0002
7949.0,16.0,0.014987669885158539,0.0002
7950.0,16.0,0.017517372965812683,0.0002
7951.0,16.0,0.013353514485061169,0.0002
7952.0,16.0,0.01696048490703106,0.0002
7953.0,16.0,0.014650577679276466,0.0002
7954.0,16.0,0.012382062152028084,0.0002
7955.0,16.0,0.021535243839025497,0.0002
7956.0,16.0,0.01575290411710739,0.0002
7957.0,17.0,0.012471598573029041,0.0002
7958.0,17.0,0.01808941923081875,0.0002
7959.0,17.0,0.020951159298419952,0.0002
7960.0,17.0,0.015560895204544067,0.0002
7961.0,17.0,0.015451574698090553,0.0002
7962.0,17.0,0.016318365931510925,0.0002
7963.0,17.0,0.014874096028506756,0.0002
7964.0,17.0,0.01420757919549942,0.0002
7965.0,17.0,0.016990594565868378,0.0002
7966.0,17.0,0.01799014024436474,0.0002
7967.0,17.0,0.021120749413967133,0.0002
7968.0,17.0,0.018654942512512207,0.0002
7969.0,17.0,0.017765190452337265,0.0002
7970.0,17.0,0.016530010849237442,0.0002
7971.0,17.0,0.015695784240961075,0.0002
7972.0,17.0,0.015073955990374088,0.0002
7973.0,17.0,0.019667664542794228,0.0002
7974.0,17.0,0.013822631910443306,0.0002
7975.0,17.0,0.022453710436820984,0.0002
7976.0,17.0,0.014226529747247696,0.0002
7977.0,17.0,0.018382154405117035,0.0002
7978.0,17.0,0.015538418665528297,0.0002
7979.0,17.0,0.014054960571229458,0.0002
7980.0,17.0,0.011889137327671051,0.0002
7981.0,17.0,0.016531402245163918,0.0002
7982.0,17.0,0.021877765655517578,0.0002
7983.0,17.0,0.018473979085683823,0.0002
7984.0,17.0,0.015066400170326233,0.0002
7985.0,17.0,0.015256199054419994,0.0002
7986.0,17.0,0.0204573106020689,0.0002
7987.0,17.0,0.01774154230952263,0.0002
7988.0,17.0,0.015713462606072426,0.0002
7989.0,17.0,0.01733672246336937,0.0002
7990.0,17.0,0.018643297255039215,0.0002
7991.0,17.0,0.01624317280948162,0.0002
7992.0,17.0,0.018446864560246468,0.0002
7993.0,17.0,0.01745275966823101,0.0002
7994.0,17.0,0.011031332425773144,0.0002
7995.0,17.0,0.01826370134949684,0.0002
7996.0,17.0,0.01718456670641899,0.0002
7997.0,17.0,0.01995103433728218,0.0002
7998.0,17.0,0.015684008598327637,0.0002
7999.0,17.0,0.013723721727728844,0.0002
8000.0,17.0,0.0163438580930233,0.0002
8001.0,17.0,0.01561471726745367,0.0002
8002.0,17.0,0.014916878193616867,0.0002
8003.0,17.0,0.016062064096331596,0.0002
8004.0,17.0,0.01891253888607025,0.0002
8005.0,17.0,0.014311948791146278,0.0002
8006.0,17.0,0.018716946244239807,0.0002
8007.0,17.0,0.013057053089141846,0.0002
8008.0,17.0,0.014655758626759052,0.0002
8009.0,17.0,0.020769959315657616,0.0002
8010.0,17.0,0.013533953577280045,0.0002
8011.0,17.0,0.017377519980072975,0.0002
8012.0,17.0,0.017020434141159058,0.0002
8013.0,17.0,0.014899544417858124,0.0002
8014.0,17.0,0.015037812292575836,0.0002
8015.0,17.0,0.010792548768222332,0.0002
8016.0,17.0,0.013363432139158249,0.0002
8017.0,17.0,0.017849663272500038,0.0002
8018.0,17.0,0.014214446768164635,0.0002
8019.0,17.0,0.013499243184924126,0.0002
8020.0,17.0,0.014263756573200226,0.0002
8021.0,17.0,0.013318216428160667,0.0002
8022.0,17.0,0.013404307886958122,0.0002
8023.0,17.0,0.015670817345380783,0.0002
8024.0,17.0,0.017178822308778763,0.0002
8025.0,17.0,0.014608611352741718,0.0002
8026.0,17.0,0.018851373344659805,0.0002
8027.0,17.0,0.01615270972251892,0.0002
8028.0,17.0,0.018232770264148712,0.0002
8029.0,17.0,0.01663701981306076,0.0002
8030.0,17.0,0.01297404058277607,0.0002
8031.0,17.0,0.0124016422778368,0.0002
8032.0,17.0,0.01981842890381813,0.0002
8033.0,17.0,0.01591617986559868,0.0002
8034.0,17.0,0.01663266122341156,0.0002
8035.0,17.0,0.016337532550096512,0.0002
8036.0,17.0,0.015294112265110016,0.0002
8037.0,17.0,0.017369389533996582,0.0002
8038.0,17.0,0.020335257053375244,0.0002
8039.0,17.0,0.021213728934526443,0.0002
8040.0,17.0,0.012774800881743431,0.0002
8041.0,17.0,0.016100101172924042,0.0002
8042.0,17.0,0.016629908233880997,0.0002
8043.0,17.0,0.02040984481573105,0.0002
8044.0,17.0,0.016298912465572357,0.0002
8045.0,17.0,0.013868315145373344,0.0002
8046.0,17.0,0.01920507848262787,0.0002
8047.0,17.0,0.017758145928382874,0.0002
8048.0,17.0,0.019777197390794754,0.0002
8049.0,17.0,0.0176742784678936,0.0002
8050.0,17.0,0.020489834249019623,0.0002
8051.0,17.0,0.017277473583817482,0.0002
8052.0,17.0,0.016382737085223198,0.0002
8053.0,17.0,0.01977149397134781,0.0002
8054.0,17.0,0.01479610800743103,0.0002
8055.0,17.0,0.018047377467155457,0.0002
8056.0,17.0,0.01037900522351265,0.0002
8057.0,17.0,0.014032955281436443,0.0002
8058.0,17.0,0.01845301315188408,0.0002
8059.0,17.0,0.015349848195910454,0.0002
8060.0,17.0,0.014960214495658875,0.0002
8061.0,17.0,0.013554583303630352,0.0002
8062.0,17.0,0.017430534586310387,0.0002
8063.0,17.0,0.014728279784321785,0.0002
8064.0,17.0,0.020926842465996742,0.0002
8065.0,17.0,0.01790461502969265,0.0002
8066.0,17.0,0.01969369687139988,0.0002
8067.0,17.0,0.01757831871509552,0.0002
8068.0,17.0,0.01712319254875183,0.0002
8069.0,17.0,0.019400041550397873,0.0002
8070.0,17.0,0.01446873415261507,0.0002
8071.0,17.0,0.009103122167289257,0.0002
8072.0,17.0,0.015777386724948883,0.0002
8073.0,17.0,0.015131223946809769,0.0002
8074.0,17.0,0.01349007710814476,0.0002
8075.0,17.0,0.015073304995894432,0.0002
8076.0,17.0,0.013235547579824924,0.0002
8077.0,17.0,0.018851161003112793,0.0002
8078.0,17.0,0.013897903263568878,0.0002
8079.0,17.0,0.01281497161835432,0.0002
8080.0,17.0,0.017897851765155792,0.0002
8081.0,17.0,0.01696035824716091,0.0002
8082.0,17.0,0.012168385088443756,0.0002
8083.0,17.0,0.01410495676100254,0.0002
8084.0,17.0,0.015267421491444111,0.0002
8085.0,17.0,0.02053922414779663,0.0002
8086.0,17.0,0.016279196366667747,0.0002
8087.0,17.0,0.016132842749357224,0.0002
8088.0,17.0,0.01501237228512764,0.0002
8089.0,17.0,0.01577323116362095,0.0002
8090.0,17.0,0.013969048857688904,0.0002
8091.0,17.0,0.0170058012008667,0.0002
8092.0,17.0,0.019276421517133713,0.0002
8093.0,17.0,0.01661999523639679,0.0002
8094.0,17.0,0.01645684614777565,0.0002
8095.0,17.0,0.017712458968162537,0.0002
8096.0,17.0,0.016152141615748405,0.0002
8097.0,17.0,0.0164813119918108,0.0002
8098.0,17.0,0.01586350053548813,0.0002
8099.0,17.0,0.018652617931365967,0.0002
8100.0,17.0,0.020534344017505646,0.0002
8101.0,17.0,0.019891567528247833,0.0002
8102.0,17.0,0.015549363568425179,0.0002
8103.0,17.0,0.018379850313067436,0.0002
8104.0,17.0,0.020517069846391678,0.0002
8105.0,17.0,0.016649816185235977,0.0002
8106.0,17.0,0.014732850715517998,0.0002
8107.0,17.0,0.01850193366408348,0.0002
8108.0,17.0,0.016074111685156822,0.0002
8109.0,17.0,0.020642105489969254,0.0002
8110.0,17.0,0.017088694497942924,0.0002
8111.0,17.0,0.01659708470106125,0.0002
8112.0,17.0,0.014532183296978474,0.0002
8113.0,17.0,0.014239052310585976,0.0002
8114.0,17.0,0.01675221137702465,0.0002
8115.0,17.0,0.012462859973311424,0.0002
8116.0,17.0,0.012674059718847275,0.0002
8117.0,17.0,0.017666170373558998,0.0002
8118.0,17.0,0.01625962182879448,0.0002
8119.0,17.0,0.01218816265463829,0.0002
8120.0,17.0,0.01527334749698639,0.0002
8121.0,17.0,0.019354715943336487,0.0002
8122.0,17.0,0.016152139753103256,0.0002
8123.0,17.0,0.014023792929947376,0.0002
8124.0,17.0,0.012324005365371704,0.0002
8125.0,17.0,0.019161267206072807,0.0002
8126.0,17.0,0.01599857211112976,0.0002
8127.0,17.0,0.01603788137435913,0.0002
8128.0,17.0,0.019679194316267967,0.0002
8129.0,17.0,0.01527956873178482,0.0002
8130.0,17.0,0.017976287752389908,0.0002
8131.0,17.0,0.014398027211427689,0.0002
8132.0,17.0,0.018074672669172287,0.0002
8133.0,17.0,0.01641172729432583,0.0002
8134.0,17.0,0.01351048145443201,0.0002
8135.0,17.0,0.016037695109844208,0.0002
8136.0,17.0,0.014036083593964577,0.0002
8137.0,17.0,0.013649648055434227,0.0002
8138.0,17.0,0.016593843698501587,0.0002
8139.0,17.0,0.01366741955280304,0.0002
8140.0,17.0,0.020693456754088402,0.0002
8141.0,17.0,0.01567554846405983,0.0002
8142.0,17.0,0.02042013593018055,0.0002
8143.0,17.0,0.021359940990805626,0.0002
8144.0,17.0,0.015270024538040161,0.0002
8145.0,17.0,0.012612932361662388,0.0002
8146.0,17.0,0.013966722413897514,0.0002
8147.0,17.0,0.01770402118563652,0.0002
8148.0,17.0,0.01603638380765915,0.0002
8149.0,17.0,0.014897522516548634,0.0002
8150.0,17.0,0.01510313805192709,0.0002
8151.0,17.0,0.017457252368330956,0.0002
8152.0,17.0,0.014881101436913013,0.0002
8153.0,17.0,0.017473891377449036,0.0002
8154.0,17.0,0.016370519995689392,0.0002
8155.0,17.0,0.01365688070654869,0.0002
8156.0,17.0,0.013971127569675446,0.0002
8157.0,17.0,0.022772863507270813,0.0002
8158.0,17.0,0.01886557787656784,0.0002
8159.0,17.0,0.015346679836511612,0.0002
8160.0,17.0,0.013684473000466824,0.0002
8161.0,17.0,0.015323832631111145,0.0002
8162.0,17.0,0.015964973717927933,0.0002
8163.0,17.0,0.02084767445921898,0.0002
8164.0,17.0,0.015978790819644928,0.0002
8165.0,17.0,0.01388548780232668,0.0002
8166.0,17.0,0.014600370079278946,0.0002
8167.0,17.0,0.01491006463766098,0.0002
8168.0,17.0,0.017268026247620583,0.0002
8169.0,17.0,0.015927720814943314,0.0002
8170.0,17.0,0.016210442408919334,0.0002
8171.0,17.0,0.0162446778267622,0.0002
8172.0,17.0,0.020784348249435425,0.0002
8173.0,17.0,0.01870856061577797,0.0002
8174.0,17.0,0.014401083812117577,0.0002
8175.0,17.0,0.015887904912233353,0.0002
8176.0,17.0,0.017605137079954147,0.0002
8177.0,17.0,0.01801120862364769,0.0002
8178.0,17.0,0.018612589687108994,0.0002
8179.0,17.0,0.015263725072145462,0.0002
8180.0,17.0,0.01669882982969284,0.0002
8181.0,17.0,0.01676057279109955,0.0002
8182.0,17.0,0.01999855227768421,0.0002
8183.0,17.0,0.013335872441530228,0.0002
8184.0,17.0,0.016320668160915375,0.0002
8185.0,17.0,0.01741918735206127,0.0002
8186.0,17.0,0.014465603977441788,0.0002
8187.0,17.0,0.01664639636874199,0.0002
8188.0,17.0,0.01971990428864956,0.0002
8189.0,17.0,0.019816037267446518,0.0002
8190.0,17.0,0.01596304029226303,0.0002
8191.0,17.0,0.01802394539117813,0.0002
8192.0,17.0,0.020080382004380226,0.0002
8193.0,17.0,0.01669687032699585,0.0002
8194.0,17.0,0.017040975391864777,0.0002
8195.0,17.0,0.017476648092269897,0.0002
8196.0,17.0,0.016916438937187195,0.0002
8197.0,17.0,0.018932953476905823,0.0002
8198.0,17.0,0.016803734004497528,0.0002
8199.0,17.0,0.019043922424316406,0.0002
8200.0,17.0,0.02160278521478176,0.0002
8201.0,17.0,0.014714810997247696,0.0002
8202.0,17.0,0.017616547644138336,0.0002
8203.0,17.0,0.01774931699037552,0.0002
8204.0,17.0,0.015446609817445278,0.0002
8205.0,17.0,0.012922033667564392,0.0002
8206.0,17.0,0.018161622807383537,0.0002
8207.0,17.0,0.013375838287174702,0.0002
8208.0,17.0,0.019309185445308685,0.0002
8209.0,17.0,0.015363022685050964,0.0002
8210.0,17.0,0.017750749364495277,0.0002
8211.0,17.0,0.015266533009707928,0.0002
8212.0,17.0,0.015544857829809189,0.0002
8213.0,17.0,0.014353454113006592,0.0002
8214.0,17.0,0.018806487321853638,0.0002
8215.0,17.0,0.016257360577583313,0.0002
8216.0,17.0,0.018125975504517555,0.0002
8217.0,17.0,0.01537148654460907,0.0002
8218.0,17.0,0.017124414443969727,0.0002
8219.0,17.0,0.01331727672368288,0.0002
8220.0,17.0,0.020694419741630554,0.0002
8221.0,17.0,0.01610685884952545,0.0002
8222.0,17.0,0.018979642540216446,0.0002
8223.0,17.0,0.0170200914144516,0.0002
8224.0,17.0,0.019689831882715225,0.0002
8225.0,17.0,0.017004914581775665,0.0002
8226.0,17.0,0.014635608531534672,0.0002
8227.0,17.0,0.016125407069921494,0.0002
8228.0,17.0,0.01846000924706459,0.0002
8229.0,17.0,0.015552865341305733,0.0002
8230.0,17.0,0.01640278846025467,0.0002
8231.0,17.0,0.01655728369951248,0.0002
8232.0,17.0,0.0141794104129076,0.0002
8233.0,17.0,0.015762809664011,0.0002
8234.0,17.0,0.0182193536311388,0.0002
8235.0,17.0,0.01631678268313408,0.0002
8236.0,17.0,0.014090804383158684,0.0002
8237.0,17.0,0.025465283542871475,0.0002
8238.0,17.0,0.014209354296326637,0.0002
8239.0,17.0,0.016903990879654884,0.0002
8240.0,17.0,0.017993589863181114,0.0002
8241.0,17.0,0.013684174977242947,0.0002
8242.0,17.0,0.019152507185935974,0.0002
8243.0,17.0,0.019340738654136658,0.0002
8244.0,17.0,0.018881790339946747,0.0002
8245.0,17.0,0.017670392990112305,0.0002
8246.0,17.0,0.018173497170209885,0.0002
8247.0,17.0,0.021098526194691658,0.0002
8248.0,17.0,0.01281626708805561,0.0002
8249.0,17.0,0.01706324703991413,0.0002
8250.0,17.0,0.016761329025030136,0.0002
8251.0,17.0,0.016271129250526428,0.0002
8252.0,17.0,0.017356108874082565,0.0002
8253.0,17.0,0.017667371779680252,0.0002
8254.0,17.0,0.02061883732676506,0.0002
8255.0,17.0,0.018028877675533295,0.0002
8256.0,17.0,0.0136508047580719,0.0002
8257.0,17.0,0.012523395009338856,0.0002
8258.0,17.0,0.01753016747534275,0.0002
8259.0,17.0,0.01837220974266529,0.0002
8260.0,17.0,0.012627147138118744,0.0002
8261.0,17.0,0.01920473948121071,0.0002
8262.0,17.0,0.017323952168226242,0.0002
8263.0,17.0,0.014644408598542213,0.0002
8264.0,17.0,0.01579735241830349,0.0002
8265.0,17.0,0.015190801583230495,0.0002
8266.0,17.0,0.018359335139393806,0.0002
8267.0,17.0,0.015000753104686737,0.0002
8268.0,17.0,0.01656188815832138,0.0002
8269.0,17.0,0.016957389190793037,0.0002
8270.0,17.0,0.01368335448205471,0.0002
8271.0,17.0,0.018927957862615585,0.0002
8272.0,17.0,0.017723049968481064,0.0002
8273.0,17.0,0.019279245287179947,0.0002
8274.0,17.0,0.012554612010717392,0.0002
8275.0,17.0,0.01903196983039379,0.0002
8276.0,17.0,0.016811909154057503,0.0002
8277.0,17.0,0.014541746117174625,0.0002
8278.0,17.0,0.01847129873931408,0.0002
8279.0,17.0,0.01763417199254036,0.0002
8280.0,17.0,0.013443032279610634,0.0002
8281.0,17.0,0.014026017859578133,0.0002
8282.0,17.0,0.022290349006652832,0.0002
8283.0,17.0,0.014706337824463844,0.0002
8284.0,17.0,0.015611153095960617,0.0002
8285.0,17.0,0.013858374208211899,0.0002
8286.0,17.0,0.016508854925632477,0.0002
8287.0,17.0,0.013955699279904366,0.0002
8288.0,17.0,0.016990303993225098,0.0002
8289.0,17.0,0.013370078057050705,0.0002
8290.0,17.0,0.01460539922118187,0.0002
8291.0,17.0,0.014291757717728615,0.0002
8292.0,17.0,0.015131997875869274,0.0002
8293.0,17.0,0.017584815621376038,0.0002
8294.0,17.0,0.012043800204992294,0.0002
8295.0,17.0,0.014274712651968002,0.0002
8296.0,17.0,0.0156252384185791,0.0002
8297.0,17.0,0.013972941786050797,0.0002
8298.0,17.0,0.014218926429748535,0.0002
8299.0,17.0,0.0159495510160923,0.0002
8300.0,17.0,0.016909422352910042,0.0002
8301.0,17.0,0.015402012504637241,0.0002
8302.0,17.0,0.016162008047103882,0.0002
8303.0,17.0,0.014369778335094452,0.0002
8304.0,17.0,0.017048371955752373,0.0002
8305.0,17.0,0.018613411113619804,0.0002
8306.0,17.0,0.018798526376485825,0.0002
8307.0,17.0,0.020011844113469124,0.0002
8308.0,17.0,0.015529263764619827,0.0002
8309.0,17.0,0.013579724356532097,0.0002
8310.0,17.0,0.013249758630990982,0.0002
8311.0,17.0,0.013458332046866417,0.0002
8312.0,17.0,0.016482319682836533,0.0002
8313.0,17.0,0.013512570410966873,0.0002
8314.0,17.0,0.013862918131053448,0.0002
8315.0,17.0,0.017846859991550446,0.0002
8316.0,17.0,0.01280159316956997,0.0002
8317.0,17.0,0.013248385861515999,0.0002
8318.0,17.0,0.013736764900386333,0.0002
8319.0,17.0,0.017673932015895844,0.0002
8320.0,17.0,0.01625540480017662,0.0002
8321.0,17.0,0.014915111474692822,0.0002
8322.0,17.0,0.014195386320352554,0.0002
8323.0,17.0,0.014541060663759708,0.0002
8324.0,17.0,0.020857997238636017,0.0002
8325.0,17.0,0.018292665481567383,0.0002
8326.0,17.0,0.016407819464802742,0.0002
8327.0,17.0,0.01564459502696991,0.0002
8328.0,17.0,0.01677473820745945,0.0002
8329.0,17.0,0.021202554926276207,0.0002
8330.0,17.0,0.01294160820543766,0.0002
8331.0,17.0,0.01730433851480484,0.0002
8332.0,17.0,0.018787316977977753,0.0002
8333.0,17.0,0.01640269160270691,0.0002
8334.0,17.0,0.017387449741363525,0.0002
8335.0,17.0,0.01872064359486103,0.0002
8336.0,17.0,0.015231870114803314,0.0002
8337.0,17.0,0.016042614355683327,0.0002
8338.0,17.0,0.016199588775634766,0.0002
8339.0,17.0,0.01783246546983719,0.0002
8340.0,17.0,0.014785351231694221,0.0002
8341.0,17.0,0.017053797841072083,0.0002
8342.0,17.0,0.012550247833132744,0.0002
8343.0,17.0,0.014917812310159206,0.0002
8344.0,17.0,0.013383489102125168,0.0002
8345.0,17.0,0.01387699693441391,0.0002
8346.0,17.0,0.015435153618454933,0.0002
8347.0,17.0,0.014535361900925636,0.0002
8348.0,17.0,0.014541160315275192,0.0002
8349.0,17.0,0.016450800001621246,0.0002
8350.0,17.0,0.015434589236974716,0.0002
8351.0,17.0,0.01542586088180542,0.0002
8352.0,17.0,0.014667852781713009,0.0002
8353.0,17.0,0.01396138221025467,0.0002
8354.0,17.0,0.012676317244768143,0.0002
8355.0,17.0,0.013166817836463451,0.0002
8356.0,17.0,0.017238780856132507,0.0002
8357.0,17.0,0.014183370396494865,0.0002
8358.0,17.0,0.013297051191329956,0.0002
8359.0,17.0,0.01582731120288372,0.0002
8360.0,17.0,0.013283781707286835,0.0002
8361.0,17.0,0.01461072452366352,0.0002
8362.0,17.0,0.01605009287595749,0.0002
8363.0,17.0,0.01589200086891651,0.0002
8364.0,17.0,0.022154519334435463,0.0002
8365.0,17.0,0.016345128417015076,0.0002
8366.0,17.0,0.01687963679432869,0.0002
8367.0,17.0,0.01672396995127201,0.0002
8368.0,17.0,0.016238462179899216,0.0002
8369.0,17.0,0.016570229083299637,0.0002
8370.0,17.0,0.019826147705316544,0.0002
8371.0,17.0,0.019367054104804993,0.0002
8372.0,17.0,0.016882171854376793,0.0002
8373.0,17.0,0.0163649320602417,0.0002
8374.0,17.0,0.014411150477826595,0.0002
8375.0,17.0,0.01597823016345501,0.0002
8376.0,17.0,0.0161685049533844,0.0002
8377.0,17.0,0.01729818992316723,0.0002
8378.0,17.0,0.016607053577899933,0.0002
8379.0,17.0,0.01782115548849106,0.0002
8380.0,17.0,0.013421700336039066,0.0002
8381.0,17.0,0.017122216522693634,0.0002
8382.0,17.0,0.013368155807256699,0.0002
8383.0,17.0,0.0184011347591877,0.0002
8384.0,17.0,0.013676377944648266,0.0002
8385.0,17.0,0.014530712738633156,0.0002
8386.0,17.0,0.013860461302101612,0.0002
8387.0,17.0,0.017743034288287163,0.0002
8388.0,17.0,0.018625330179929733,0.0002
8389.0,17.0,0.01679869182407856,0.0002
8390.0,17.0,0.02071988955140114,0.0002
8391.0,17.0,0.017701543867588043,0.0002
8392.0,17.0,0.01689523085951805,0.0002
8393.0,17.0,0.018955696374177933,0.0002
8394.0,17.0,0.014138622209429741,0.0002
8395.0,17.0,0.015646519139409065,0.0002
8396.0,17.0,0.015325676649808884,0.0002
8397.0,17.0,0.013415043242275715,0.0002
8398.0,17.0,0.018610689789056778,0.0002
8399.0,17.0,0.01517612487077713,0.0002
8400.0,17.0,0.014466200023889542,0.0002
8401.0,17.0,0.018109502270817757,0.0002
8402.0,17.0,0.01529742032289505,0.0002
8403.0,17.0,0.013973351567983627,0.0002
8404.0,17.0,0.014649374410510063,0.0002
8405.0,17.0,0.014761937782168388,0.0002
8406.0,17.0,0.015550652518868446,0.0002
8407.0,17.0,0.01766315847635269,0.0002
8408.0,17.0,0.01220003329217434,0.0002
8409.0,17.0,0.01639057695865631,0.0002
8410.0,17.0,0.01162128709256649,0.0002
8411.0,17.0,0.014604255557060242,0.0002
8412.0,17.0,0.017152171581983566,0.0002
8413.0,17.0,0.018200334161520004,0.0002
8414.0,17.0,0.014740360900759697,0.0002
8415.0,17.0,0.015956435352563858,0.0002
8416.0,17.0,0.013790160417556763,0.0002
8417.0,17.0,0.015243642963469028,0.0002
8418.0,17.0,0.014911790378391743,0.0002
8419.0,17.0,0.01425461657345295,0.0002
8420.0,17.0,0.0173327773809433,0.0002
8421.0,17.0,0.013365605846047401,0.0002
8422.0,17.0,0.016777057200670242,0.0002
8423.0,17.0,0.013005740009248257,0.0002
8424.0,17.0,0.015699943527579308,0.0002
8425.0,18.0,0.015868857502937317,0.0002
8426.0,18.0,0.017695840448141098,0.0002
8427.0,18.0,0.013647117651998997,0.0002
8428.0,18.0,0.01534956879913807,0.0002
8429.0,18.0,0.018518749624490738,0.0002
8430.0,18.0,0.016466088593006134,0.0002
8431.0,18.0,0.0143370246514678,0.0002
8432.0,18.0,0.01612798497080803,0.0002
8433.0,18.0,0.015735790133476257,0.0002
8434.0,18.0,0.010531997308135033,0.0002
8435.0,18.0,0.018459251150488853,0.0002
8436.0,18.0,0.015044059604406357,0.0002
8437.0,18.0,0.014110219664871693,0.0002
8438.0,18.0,0.013873020187020302,0.0002
8439.0,18.0,0.01566600427031517,0.0002
8440.0,18.0,0.015757910907268524,0.0002
8441.0,18.0,0.015229050070047379,0.0002
8442.0,18.0,0.015430685132741928,0.0002
8443.0,18.0,0.01509167905896902,0.0002
8444.0,18.0,0.018121860921382904,0.0002
8445.0,18.0,0.01460629515349865,0.0002
8446.0,18.0,0.012729187496006489,0.0002
8447.0,18.0,0.01840953342616558,0.0002
8448.0,18.0,0.01591627672314644,0.0002
8449.0,18.0,0.013099612668156624,0.0002
8450.0,18.0,0.017608605325222015,0.0002
8451.0,18.0,0.01627335324883461,0.0002
8452.0,18.0,0.01296580396592617,0.0002
8453.0,18.0,0.017106853425502777,0.0002
8454.0,18.0,0.014491511508822441,0.0002
8455.0,18.0,0.020562537014484406,0.0002
8456.0,18.0,0.01756151020526886,0.0002
8457.0,18.0,0.012920370325446129,0.0002
8458.0,18.0,0.017671160399913788,0.0002
8459.0,18.0,0.015993202105164528,0.0002
8460.0,18.0,0.013047214597463608,0.0002
8461.0,18.0,0.013245792128145695,0.0002
8462.0,18.0,0.014283215627074242,0.0002
8463.0,18.0,0.014754505828022957,0.0002
8464.0,18.0,0.01881372183561325,0.0002
8465.0,18.0,0.016861312091350555,0.0002
8466.0,18.0,0.016711914911866188,0.0002
8467.0,18.0,0.013460516929626465,0.0002
8468.0,18.0,0.01547539234161377,0.0002
8469.0,18.0,0.021001145243644714,0.0002
8470.0,18.0,0.015902824699878693,0.0002
8471.0,18.0,0.018129408359527588,0.0002
8472.0,18.0,0.018565811216831207,0.0002
8473.0,18.0,0.015595633536577225,0.0002
8474.0,18.0,0.016873763874173164,0.0002
8475.0,18.0,0.012695240788161755,0.0002
8476.0,18.0,0.017435353249311447,0.0002
8477.0,18.0,0.017325149849057198,0.0002
8478.0,18.0,0.01871306076645851,0.0002
8479.0,18.0,0.01458890549838543,0.0002
8480.0,18.0,0.014813439920544624,0.0002
8481.0,18.0,0.014038600027561188,0.0002
8482.0,18.0,0.017036955803632736,0.0002
8483.0,18.0,0.01492362655699253,0.0002
8484.0,18.0,0.018417196348309517,0.0002
8485.0,18.0,0.021182700991630554,0.0002
8486.0,18.0,0.018664805218577385,0.0002
8487.0,18.0,0.01584935188293457,0.0002
8488.0,18.0,0.015161693096160889,0.0002
8489.0,18.0,0.013343710452318192,0.0002
8490.0,18.0,0.01644371822476387,0.0002
8491.0,18.0,0.014846601523458958,0.0002
8492.0,18.0,0.020766062662005424,0.0002
8493.0,18.0,0.014209436252713203,0.0002
8494.0,18.0,0.01709652505815029,0.0002
8495.0,18.0,0.015056905336678028,0.0002
8496.0,18.0,0.012855779379606247,0.0002
8497.0,18.0,0.01794746145606041,0.0002
8498.0,18.0,0.013105758465826511,0.0002
8499.0,18.0,0.014675894752144814,0.0002
8500.0,18.0,0.01275420282036066,0.0002
8501.0,18.0,0.012039432302117348,0.0002
8502.0,18.0,0.016053322702646255,0.0002
8503.0,18.0,0.014059236273169518,0.0002
8504.0,18.0,0.01801338978111744,0.0002
8505.0,18.0,0.015619061887264252,0.0002
8506.0,18.0,0.02035554312169552,0.0002
8507.0,18.0,0.013242671266198158,0.0002
8508.0,18.0,0.018294818699359894,0.0002
8509.0,18.0,0.017625903710722923,0.0002
8510.0,18.0,0.01713748648762703,0.0002
8511.0,18.0,0.01719825528562069,0.0002
8512.0,18.0,0.013872727751731873,0.0002
8513.0,18.0,0.016423719003796577,0.0002
8514.0,18.0,0.01602248102426529,0.0002
8515.0,18.0,0.014902779832482338,0.0002
8516.0,18.0,0.015232240781188011,0.0002
8517.0,18.0,0.013937748037278652,0.0002
8518.0,18.0,0.01245503406971693,0.0002
8519.0,18.0,0.013140259310603142,0.0002
8520.0,18.0,0.015063283033668995,0.0002
8521.0,18.0,0.016604455187916756,0.0002
8522.0,18.0,0.014591528102755547,0.0002
8523.0,18.0,0.017484942451119423,0.0002
8524.0,18.0,0.017545506358146667,0.0002
8525.0,18.0,0.01959100551903248,0.0002
8526.0,18.0,0.015317797660827637,0.0002
8527.0,18.0,0.013697708025574684,0.0002
8528.0,18.0,0.016635674983263016,0.0002
8529.0,18.0,0.013677908107638359,0.0002
8530.0,18.0,0.018431661650538445,0.0002
8531.0,18.0,0.01835547387599945,0.0002
8532.0,18.0,0.01885872147977352,0.0002
8533.0,18.0,0.013600150123238564,0.0002
8534.0,18.0,0.0171043798327446,0.0002
8535.0,18.0,0.015184137970209122,0.0002
8536.0,18.0,0.0166163370013237,0.0002
8537.0,18.0,0.0127615537494421,0.0002
8538.0,18.0,0.01477945875376463,0.0002
8539.0,18.0,0.01320237759500742,0.0002
8540.0,18.0,0.013493694365024567,0.0002
8541.0,18.0,0.013771608471870422,0.0002
8542.0,18.0,0.0175044983625412,0.0002
8543.0,18.0,0.01679236814379692,0.0002
8544.0,18.0,0.017390869557857513,0.0002
8545.0,18.0,0.016393162310123444,0.0002
8546.0,18.0,0.016176186501979828,0.0002
8547.0,18.0,0.013691456988453865,0.0002
8548.0,18.0,0.01647980511188507,0.0002
8549.0,18.0,0.012497399002313614,0.0002
8550.0,18.0,0.018129859119653702,0.0002
8551.0,18.0,0.012115199118852615,0.0002
8552.0,18.0,0.02035362832248211,0.0002
8553.0,18.0,0.018132466822862625,0.0002
8554.0,18.0,0.013387436047196388,0.0002
8555.0,18.0,0.012018514797091484,0.0002
8556.0,18.0,0.016849255189299583,0.0002
8557.0,18.0,0.013911942020058632,0.0002
8558.0,18.0,0.015125090256333351,0.0002
8559.0,18.0,0.013229221105575562,0.0002
8560.0,18.0,0.01533905416727066,0.0002
8561.0,18.0,0.014929911121726036,0.0002
8562.0,18.0,0.018480239436030388,0.0002
8563.0,18.0,0.015416329726576805,0.0002
8564.0,18.0,0.018935417756438255,0.0002
8565.0,18.0,0.014819202944636345,0.0002
8566.0,18.0,0.01477358303964138,0.0002
8567.0,18.0,0.015579509548842907,0.0002
8568.0,18.0,0.012326312251389027,0.0002
8569.0,18.0,0.016850093379616737,0.0002
8570.0,18.0,0.015503551810979843,0.0002
8571.0,18.0,0.017768023535609245,0.0002
8572.0,18.0,0.017569877207279205,0.0002
8573.0,18.0,0.016629166901111603,0.0002
8574.0,18.0,0.017055705189704895,0.0002
8575.0,18.0,0.016000330448150635,0.0002
8576.0,18.0,0.0130597660318017,0.0002
8577.0,18.0,0.01211913675069809,0.0002
8578.0,18.0,0.0158272385597229,0.0002
8579.0,18.0,0.01575903221964836,0.0002
8580.0,18.0,0.01540183275938034,0.0002
8581.0,18.0,0.015637101605534554,0.0002
8582.0,18.0,0.02094418928027153,0.0002
8583.0,18.0,0.01479340624064207,0.0002
8584.0,18.0,0.01753939315676689,0.0002
8585.0,18.0,0.014459514990448952,0.0002
8586.0,18.0,0.013664894737303257,0.0002
8587.0,18.0,0.020035171881318092,0.0002
8588.0,18.0,0.014304876327514648,0.0002
8589.0,18.0,0.0197301022708416,0.0002
8590.0,18.0,0.019211789593100548,0.0002
8591.0,18.0,0.014338776469230652,0.0002
8592.0,18.0,0.017617402598261833,0.0002
8593.0,18.0,0.015117551200091839,0.0002
8594.0,18.0,0.013703061267733574,0.0002
8595.0,18.0,0.015192704275250435,0.0002
8596.0,18.0,0.019024543464183807,0.0002
8597.0,18.0,0.016173548996448517,0.0002
8598.0,18.0,0.016479317098855972,0.0002
8599.0,18.0,0.01829814910888672,0.0002
8600.0,18.0,0.015495174564421177,0.0002
8601.0,18.0,0.015429005026817322,0.0002
8602.0,18.0,0.017794599756598473,0.0002
8603.0,18.0,0.017082666978240013,0.0002
8604.0,18.0,0.015649769455194473,0.0002
8605.0,18.0,0.015938082709908485,0.0002
8606.0,18.0,0.014336446300148964,0.0002
8607.0,18.0,0.018460139632225037,0.0002
8608.0,18.0,0.01690494641661644,0.0002
8609.0,18.0,0.01652614399790764,0.0002
8610.0,18.0,0.014118250459432602,0.0002
8611.0,18.0,0.016602393239736557,0.0002
8612.0,18.0,0.0182254146784544,0.0002
8613.0,18.0,0.011836646124720573,0.0002
8614.0,18.0,0.01811419613659382,0.0002
8615.0,18.0,0.017505774274468422,0.0002
8616.0,18.0,0.01585247367620468,0.0002
8617.0,18.0,0.017560016363859177,0.0002
8618.0,18.0,0.018070142716169357,0.0002
8619.0,18.0,0.016439979895949364,0.0002
8620.0,18.0,0.01834721304476261,0.0002
8621.0,18.0,0.015080051496624947,0.0002
8622.0,18.0,0.013404857367277145,0.0002
8623.0,18.0,0.016762826591730118,0.0002
8624.0,18.0,0.01612553372979164,0.0002
8625.0,18.0,0.014012730680406094,0.0002
8626.0,18.0,0.016618752852082253,0.0002
8627.0,18.0,0.014465004205703735,0.0002
8628.0,18.0,0.01757030189037323,0.0002
8629.0,18.0,0.01424216479063034,0.0002
8630.0,18.0,0.01547345519065857,0.0002
8631.0,18.0,0.014108376577496529,0.0002
8632.0,18.0,0.013228066265583038,0.0002
8633.0,18.0,0.016834016889333725,0.0002
8634.0,18.0,0.014948716387152672,0.0002
8635.0,18.0,0.012809397652745247,0.0002
8636.0,18.0,0.017076218500733376,0.0002
8637.0,18.0,0.015610245056450367,0.0002
8638.0,18.0,0.01863197050988674,0.0002
8639.0,18.0,0.014104500412940979,0.0002
8640.0,18.0,0.0204835906624794,0.0002
8641.0,18.0,0.012967588379979134,0.0002
8642.0,18.0,0.016493743285536766,0.0002
8643.0,18.0,0.019079383462667465,0.0002
8644.0,18.0,0.02144649438560009,0.0002
8645.0,18.0,0.016599928960204124,0.0002
8646.0,18.0,0.01607424207031727,0.0002
8647.0,18.0,0.014458591118454933,0.0002
8648.0,18.0,0.012504087761044502,0.0002
8649.0,18.0,0.013995431363582611,0.0002
8650.0,18.0,0.018827151507139206,0.0002
8651.0,18.0,0.014947701245546341,0.0002
8652.0,18.0,0.015958884730935097,0.0002
8653.0,18.0,0.016044124960899353,0.0002
8654.0,18.0,0.017551228404045105,0.0002
8655.0,18.0,0.016373690217733383,0.0002
8656.0,18.0,0.016658024862408638,0.0002
8657.0,18.0,0.014493836089968681,0.0002
8658.0,18.0,0.017707938328385353,0.0002
8659.0,18.0,0.0151721416041255,0.0002
8660.0,18.0,0.016660388559103012,0.0002
8661.0,18.0,0.021907459944486618,0.0002
8662.0,18.0,0.01283421739935875,0.0002
8663.0,18.0,0.015093138441443443,0.0002
8664.0,18.0,0.013202781789004803,0.0002
8665.0,18.0,0.020514801144599915,0.0002
8666.0,18.0,0.01769057847559452,0.0002
8667.0,18.0,0.014175428077578545,0.0002
8668.0,18.0,0.013274733908474445,0.0002
8669.0,18.0,0.014077452011406422,0.0002
8670.0,18.0,0.019382476806640625,0.0002
8671.0,18.0,0.015746567398309708,0.0002
8672.0,18.0,0.015518328174948692,0.0002
8673.0,18.0,0.014464961364865303,0.0002
8674.0,18.0,0.01724066771566868,0.0002
8675.0,18.0,0.014822496101260185,0.0002
8676.0,18.0,0.016730939969420433,0.0002
8677.0,18.0,0.019528605043888092,0.0002
8678.0,18.0,0.013656671158969402,0.0002
8679.0,18.0,0.012680154293775558,0.0002
8680.0,18.0,0.017251698300242424,0.0002
8681.0,18.0,0.018487246707081795,0.0002
8682.0,18.0,0.018686119467020035,0.0002
8683.0,18.0,0.01606229692697525,0.0002
8684.0,18.0,0.01848606951534748,0.0002
8685.0,18.0,0.016020623967051506,0.0002
8686.0,18.0,0.017528560012578964,0.0002
8687.0,18.0,0.017123403027653694,0.0002
8688.0,18.0,0.01191798783838749,0.0002
8689.0,18.0,0.019103871658444405,0.0002
8690.0,18.0,0.010905088856816292,0.0002
8691.0,18.0,0.015178823843598366,0.0002
8692.0,18.0,0.015194639563560486,0.0002
8693.0,18.0,0.01797281950712204,0.0002
8694.0,18.0,0.01998298242688179,0.0002
8695.0,18.0,0.016689984127879143,0.0002
8696.0,18.0,0.012486531399190426,0.0002
8697.0,18.0,0.018719535320997238,0.0002
8698.0,18.0,0.016602953895926476,0.0002
8699.0,18.0,0.015016047284007072,0.0002
8700.0,18.0,0.013863988220691681,0.0002
8701.0,18.0,0.018722057342529297,0.0002
8702.0,18.0,0.018639788031578064,0.0002
8703.0,18.0,0.014360799454152584,0.0002
8704.0,18.0,0.015240577980875969,0.0002
8705.0,18.0,0.01396607793867588,0.0002
8706.0,18.0,0.01599145494401455,0.0002
8707.0,18.0,0.015300153754651546,0.0002
8708.0,18.0,0.015963563695549965,0.0002
8709.0,18.0,0.01566072553396225,0.0002
8710.0,18.0,0.01853347383439541,0.0002
8711.0,18.0,0.02096359059214592,0.0002
8712.0,18.0,0.01703302003443241,0.0002
8713.0,18.0,0.01841478794813156,0.0002
8714.0,18.0,0.017114639282226562,0.0002
8715.0,18.0,0.013652554713189602,0.0002
8716.0,18.0,0.013440117239952087,0.0002
8717.0,18.0,0.015604211017489433,0.0002
8718.0,18.0,0.01602615788578987,0.0002
8719.0,18.0,0.019923662766814232,0.0002
8720.0,18.0,0.016759531572461128,0.0002
8721.0,18.0,0.01447882317006588,0.0002
8722.0,18.0,0.01570717990398407,0.0002
8723.0,18.0,0.01615326479077339,0.0002
8724.0,18.0,0.013087363913655281,0.0002
8725.0,18.0,0.016009388491511345,0.0002
8726.0,18.0,0.01513662002980709,0.0002
8727.0,18.0,0.014995116740465164,0.0002
8728.0,18.0,0.013221083208918571,0.0002
8729.0,18.0,0.021352652460336685,0.0002
8730.0,18.0,0.018527381122112274,0.0002
8731.0,18.0,0.012378333136439323,0.0002
8732.0,18.0,0.012558605521917343,0.0002
8733.0,18.0,0.017815254628658295,0.0002
8734.0,18.0,0.01856086775660515,0.0002
8735.0,18.0,0.014787169173359871,0.0002
8736.0,18.0,0.01598253846168518,0.0002
8737.0,18.0,0.013792615383863449,0.0002
8738.0,18.0,0.01266270037740469,0.0002
8739.0,18.0,0.01628616265952587,0.0002
8740.0,18.0,0.018281927332282066,0.0002
8741.0,18.0,0.01878965087234974,0.0002
8742.0,18.0,0.01730290614068508,0.0002
8743.0,18.0,0.01571139320731163,0.0002
8744.0,18.0,0.018123935908079147,0.0002
8745.0,18.0,0.015339111909270287,0.0002
8746.0,18.0,0.01784946396946907,0.0002
8747.0,18.0,0.012963813729584217,0.0002
8748.0,18.0,0.01646362990140915,0.0002
8749.0,18.0,0.0139511963352561,0.0002
8750.0,18.0,0.017386965453624725,0.0002
8751.0,18.0,0.01407439075410366,0.0002
8752.0,18.0,0.016139822080731392,0.0002
8753.0,18.0,0.012575789354741573,0.0002
8754.0,18.0,0.014274515211582184,0.0002
8755.0,18.0,0.016629990190267563,0.0002
8756.0,18.0,0.01799173653125763,0.0002
8757.0,18.0,0.014567509293556213,0.0002
8758.0,18.0,0.013266677036881447,0.0002
8759.0,18.0,0.01572338305413723,0.0002
8760.0,18.0,0.016453322023153305,0.0002
8761.0,18.0,0.01696537807583809,0.0002
8762.0,18.0,0.014635423198342323,0.0002
8763.0,18.0,0.016900604590773582,0.0002
8764.0,18.0,0.01823224499821663,0.0002
8765.0,18.0,0.01555028185248375,0.0002
8766.0,18.0,0.017095040529966354,0.0002
8767.0,18.0,0.014013032428920269,0.0002
8768.0,18.0,0.013635467737913132,0.0002
8769.0,18.0,0.012900721281766891,0.0002
8770.0,18.0,0.016801347956061363,0.0002
8771.0,18.0,0.013880142942070961,0.0002
8772.0,18.0,0.018354907631874084,0.0002
8773.0,18.0,0.0157444030046463,0.0002
8774.0,18.0,0.019801484420895576,0.0002
8775.0,18.0,0.013066018931567669,0.0002
8776.0,18.0,0.01616555079817772,0.0002
8777.0,18.0,0.016011010855436325,0.0002
8778.0,18.0,0.013081036508083344,0.0002
8779.0,18.0,0.018711213022470474,0.0002
8780.0,18.0,0.014701123349368572,0.0002
8781.0,18.0,0.01521009299904108,0.0002
8782.0,18.0,0.01663174480199814,0.0002
8783.0,18.0,0.015578280203044415,0.0002
8784.0,18.0,0.016457144170999527,0.0002
8785.0,18.0,0.013075548224151134,0.0002
8786.0,18.0,0.017280351370573044,0.0002
8787.0,18.0,0.01616535149514675,0.0002
8788.0,18.0,0.01457330770790577,0.0002
8789.0,18.0,0.013988625258207321,0.0002
8790.0,18.0,0.018318112939596176,0.0002
8791.0,18.0,0.018841296434402466,0.0002
8792.0,18.0,0.014202438294887543,0.0002
8793.0,18.0,0.01974719762802124,0.0002
8794.0,18.0,0.020801667124032974,0.0002
8795.0,18.0,0.015555113554000854,0.0002
8796.0,18.0,0.015844348818063736,0.0002
8797.0,18.0,0.014690697193145752,0.0002
8798.0,18.0,0.018975455313920975,0.0002
8799.0,18.0,0.02029196172952652,0.0002
8800.0,18.0,0.017922047525644302,0.0002
8801.0,18.0,0.01770978420972824,0.0002
8802.0,18.0,0.014831730164587498,0.0002
8803.0,18.0,0.015505615621805191,0.0002
8804.0,18.0,0.015455225482583046,0.0002
8805.0,18.0,0.01644427329301834,0.0002
8806.0,18.0,0.015735924243927002,0.0002
8807.0,18.0,0.01619945466518402,0.0002
8808.0,18.0,0.014003416523337364,0.0002
8809.0,18.0,0.015601596795022488,0.0002
8810.0,18.0,0.01433413103222847,0.0002
8811.0,18.0,0.015496743842959404,0.0002
8812.0,18.0,0.019115446135401726,0.0002
8813.0,18.0,0.01950705796480179,0.0002
8814.0,18.0,0.017002861946821213,0.0002
8815.0,18.0,0.015911463648080826,0.0002
8816.0,18.0,0.01660039834678173,0.0002
8817.0,18.0,0.015364112332463264,0.0002
8818.0,18.0,0.01273958757519722,0.0002
8819.0,18.0,0.013804483227431774,0.0002
8820.0,18.0,0.01567685976624489,0.0002
8821.0,18.0,0.02002154290676117,0.0002
8822.0,18.0,0.018448088318109512,0.0002
8823.0,18.0,0.0199296735227108,0.0002
8824.0,18.0,0.018835261464118958,0.0002
8825.0,18.0,0.016060706228017807,0.0002
8826.0,18.0,0.012904778122901917,0.0002
8827.0,18.0,0.020718500018119812,0.0002
8828.0,18.0,0.014637826010584831,0.0002
8829.0,18.0,0.01417185366153717,0.0002
8830.0,18.0,0.01727372035384178,0.0002
8831.0,18.0,0.0188991017639637,0.0002
8832.0,18.0,0.017976630479097366,0.0002
8833.0,18.0,0.016262244433164597,0.0002
8834.0,18.0,0.013149013742804527,0.0002
8835.0,18.0,0.016617221757769585,0.0002
8836.0,18.0,0.014837289229035378,0.0002
8837.0,18.0,0.01567685976624489,0.0002
8838.0,18.0,0.017548248171806335,0.0002
8839.0,18.0,0.014428017660975456,0.0002
8840.0,18.0,0.017610687762498856,0.0002
8841.0,18.0,0.015657521784305573,0.0002
8842.0,18.0,0.019777748733758926,0.0002
8843.0,18.0,0.013518665917217731,0.0002
8844.0,18.0,0.016748493537306786,0.0002
8845.0,18.0,0.013504705391824245,0.0002
8846.0,18.0,0.019620826467871666,0.0002
8847.0,18.0,0.014818687923252583,0.0002
8848.0,18.0,0.012791628018021584,0.0002
8849.0,18.0,0.014458544552326202,0.0002
8850.0,18.0,0.014895790256559849,0.0002
8851.0,18.0,0.018669918179512024,0.0002
8852.0,18.0,0.015203181654214859,0.0002
8853.0,18.0,0.016337718814611435,0.0002
8854.0,18.0,0.019317427650094032,0.0002
8855.0,18.0,0.015756648033857346,0.0002
8856.0,18.0,0.01476643979549408,0.0002
8857.0,18.0,0.011320294812321663,0.0002
8858.0,18.0,0.013547107577323914,0.0002
8859.0,18.0,0.01576901040971279,0.0002
8860.0,18.0,0.017685435712337494,0.0002
8861.0,18.0,0.01620272547006607,0.0002
8862.0,18.0,0.014173217117786407,0.0002
8863.0,18.0,0.01562216505408287,0.0002
8864.0,18.0,0.015163254924118519,0.0002
8865.0,18.0,0.016954690217971802,0.0002
8866.0,18.0,0.020768456161022186,0.0002
8867.0,18.0,0.014586084522306919,0.0002
8868.0,18.0,0.015620460733771324,0.0002
8869.0,18.0,0.016970079392194748,0.0002
8870.0,18.0,0.015722505748271942,0.0002
8871.0,18.0,0.013745114207267761,0.0002
8872.0,18.0,0.013861125335097313,0.0002
8873.0,18.0,0.016981393098831177,0.0002
8874.0,18.0,0.015081925317645073,0.0002
8875.0,18.0,0.01909025013446808,0.0002
8876.0,18.0,0.016426455229520798,0.0002
8877.0,18.0,0.015116190537810326,0.0002
8878.0,18.0,0.017327435314655304,0.0002
8879.0,18.0,0.01721566542983055,0.0002
8880.0,18.0,0.017904307693243027,0.0002
8881.0,18.0,0.020090123638510704,0.0002
8882.0,18.0,0.015108169987797737,0.0002
8883.0,18.0,0.015909815207123756,0.0002
8884.0,18.0,0.015438414178788662,0.0002
8885.0,18.0,0.02075599692761898,0.0002
8886.0,18.0,0.018179379403591156,0.0002
8887.0,18.0,0.012432977557182312,0.0002
8888.0,18.0,0.019489098340272903,0.0002
8889.0,18.0,0.017833327874541283,0.0002
8890.0,18.0,0.016990970820188522,0.0002
8891.0,18.0,0.013577541336417198,0.0002
8892.0,18.0,0.016306955367326736,0.0002
8893.0,19.0,0.015315432101488113,0.0002
8894.0,19.0,0.017791111022233963,0.0002
8895.0,19.0,0.0154793132096529,0.0002
8896.0,19.0,0.015160585753619671,0.0002
8897.0,19.0,0.014571717008948326,0.0002
8898.0,19.0,0.014668366871774197,0.0002
8899.0,19.0,0.01515592634677887,0.0002
8900.0,19.0,0.018486853688955307,0.0002
8901.0,19.0,0.016234207898378372,0.0002
8902.0,19.0,0.013653546571731567,0.0002
8903.0,19.0,0.013530842959880829,0.0002
8904.0,19.0,0.01780189573764801,0.0002
8905.0,19.0,0.019582344219088554,0.0002
8906.0,19.0,0.0177755244076252,0.0002
8907.0,19.0,0.018261723220348358,0.0002
8908.0,19.0,0.010068622417747974,0.0002
8909.0,19.0,0.013722123578190804,0.0002
8910.0,19.0,0.013952335342764854,0.0002
8911.0,19.0,0.018761107698082924,0.0002
8912.0,19.0,0.015929199755191803,0.0002
8913.0,19.0,0.013032978400588036,0.0002
8914.0,19.0,0.01567569375038147,0.0002
8915.0,19.0,0.014540055766701698,0.0002
8916.0,19.0,0.014622766524553299,0.0002
8917.0,19.0,0.014605071395635605,0.0002
8918.0,19.0,0.01668292097747326,0.0002
8919.0,19.0,0.016137752681970596,0.0002
8920.0,19.0,0.013132259249687195,0.0002
8921.0,19.0,0.01391429640352726,0.0002
8922.0,19.0,0.01361556351184845,0.0002
8923.0,19.0,0.019256513565778732,0.0002
8924.0,19.0,0.015384625643491745,0.0002
8925.0,19.0,0.0161523949354887,0.0002
8926.0,19.0,0.015574689954519272,0.0002
8927.0,19.0,0.014430448412895203,0.0002
8928.0,19.0,0.014798213727772236,0.0002
8929.0,19.0,0.018733441829681396,0.0002
8930.0,19.0,0.018594792112708092,0.0002
8931.0,19.0,0.013871153816580772,0.0002
8932.0,19.0,0.017469044774770737,0.0002
8933.0,19.0,0.015536898747086525,0.0002
8934.0,19.0,0.017265886068344116,0.0002
8935.0,19.0,0.020368272438645363,0.0002
8936.0,19.0,0.015883907675743103,0.0002
8937.0,19.0,0.0187009759247303,0.0002
8938.0,19.0,0.01669679768383503,0.0002
8939.0,19.0,0.016560150310397148,0.0002
8940.0,19.0,0.01699335128068924,0.0002
8941.0,19.0,0.01798129454255104,0.0002
8942.0,19.0,0.017019521445035934,0.0002
8943.0,19.0,0.013593722134828568,0.0002
8944.0,19.0,0.015983741730451584,0.0002
8945.0,19.0,0.015246911905705929,0.0002
8946.0,19.0,0.017128504812717438,0.0002
8947.0,19.0,0.01862666942179203,0.0002
8948.0,19.0,0.01808815635740757,0.0002
8949.0,19.0,0.016052864491939545,0.0002
8950.0,19.0,0.01911350153386593,0.0002
8951.0,19.0,0.013540090061724186,0.0002
8952.0,19.0,0.01823999360203743,0.0002
8953.0,19.0,0.01725049316883087,0.0002
8954.0,19.0,0.015204444527626038,0.0002
8955.0,19.0,0.01572088710963726,0.0002
8956.0,19.0,0.01921994239091873,0.0002
8957.0,19.0,0.01606440544128418,0.0002
8958.0,19.0,0.016222193837165833,0.0002
8959.0,19.0,0.012950931675732136,0.0002
8960.0,19.0,0.01265806145966053,0.0002
8961.0,19.0,0.015975967049598694,0.0002
8962.0,19.0,0.015476263128221035,0.0002
8963.0,19.0,0.01599859446287155,0.0002
8964.0,19.0,0.016920309513807297,0.0002
8965.0,19.0,0.014249838888645172,0.0002
8966.0,19.0,0.01735115423798561,0.0002
8967.0,19.0,0.015116212889552116,0.0002
8968.0,19.0,0.015859223902225494,0.0002
8969.0,19.0,0.018687335774302483,0.0002
8970.0,19.0,0.019915349781513214,0.0002
8971.0,19.0,0.014863093383610249,0.0002
8972.0,19.0,0.016267340630292892,0.0002
8973.0,19.0,0.016242671757936478,0.0002
8974.0,19.0,0.013925670646131039,0.0002
8975.0,19.0,0.019070085138082504,0.0002
8976.0,19.0,0.012643189169466496,0.0002
8977.0,19.0,0.018203627318143845,0.0002
8978.0,19.0,0.014185991138219833,0.0002
8979.0,19.0,0.015222304500639439,0.0002
8980.0,19.0,0.012754466384649277,0.0002
8981.0,19.0,0.02071639895439148,0.0002
8982.0,19.0,0.014125091955065727,0.0002
8983.0,19.0,0.015609030611813068,0.0002
8984.0,19.0,0.013912813737988472,0.0002
8985.0,19.0,0.019933948293328285,0.0002
8986.0,19.0,0.013560250401496887,0.0002
8987.0,19.0,0.022025596350431442,0.0002
8988.0,19.0,0.019733214750885963,0.0002
8989.0,19.0,0.017391974106431007,0.0002
8990.0,19.0,0.014610527083277702,0.0002
8991.0,19.0,0.017377905547618866,0.0002
8992.0,19.0,0.017328545451164246,0.0002
8993.0,19.0,0.017122235149145126,0.0002
8994.0,19.0,0.009499449282884598,0.0002
8995.0,19.0,0.016739528626203537,0.0002
8996.0,19.0,0.009581159800291061,0.0002
8997.0,19.0,0.01954404078423977,0.0002
8998.0,19.0,0.019833000376820564,0.0002
8999.0,19.0,0.012959666550159454,0.0002
9000.0,19.0,0.01855473592877388,0.0002
9001.0,19.0,0.022094573825597763,0.0002
9002.0,19.0,0.016458962112665176,0.0002
9003.0,19.0,0.0146726593375206,0.0002
9004.0,19.0,0.01586846075952053,0.0002
9005.0,19.0,0.015731122344732285,0.0002
9006.0,19.0,0.014222191646695137,0.0002
9007.0,19.0,0.014147976413369179,0.0002
9008.0,19.0,0.015043106861412525,0.0002
9009.0,19.0,0.014584311284124851,0.0002
9010.0,19.0,0.016708888113498688,0.0002
9011.0,19.0,0.015159551054239273,0.0002
9012.0,19.0,0.014172707684338093,0.0002
9013.0,19.0,0.019828375428915024,0.0002
9014.0,19.0,0.012462032958865166,0.0002
9015.0,19.0,0.019886024296283722,0.0002
9016.0,19.0,0.01874309405684471,0.0002
9017.0,19.0,0.0127223189920187,0.0002
9018.0,19.0,0.01467212662100792,0.0002
9019.0,19.0,0.01675168052315712,0.0002
9020.0,19.0,0.0166473425924778,0.0002
9021.0,19.0,0.011847366578876972,0.0002
9022.0,19.0,0.0159775223582983,0.0002
9023.0,19.0,0.02077614702284336,0.0002
9024.0,19.0,0.015370013192296028,0.0002
9025.0,19.0,0.014461706392467022,0.0002
9026.0,19.0,0.02000422775745392,0.0002
9027.0,19.0,0.016926441341638565,0.0002
9028.0,19.0,0.014725646004080772,0.0002
9029.0,19.0,0.017071589827537537,0.0002
9030.0,19.0,0.012509912252426147,0.0002
9031.0,19.0,0.02123277261853218,0.0002
9032.0,19.0,0.014048194512724876,0.0002
9033.0,19.0,0.01554974727332592,0.0002
9034.0,19.0,0.015553956851363182,0.0002
9035.0,19.0,0.015365584753453732,0.0002
9036.0,19.0,0.01549818366765976,0.0002
9037.0,19.0,0.01470729149878025,0.0002
9038.0,19.0,0.017563672736287117,0.0002
9039.0,19.0,0.021085277199745178,0.0002
9040.0,19.0,0.013873831368982792,0.0002
9041.0,19.0,0.013256433419883251,0.0002
9042.0,19.0,0.01297819335013628,0.0002
9043.0,19.0,0.016214599832892418,0.0002
9044.0,19.0,0.011986471712589264,0.0002
9045.0,19.0,0.01679014414548874,0.0002
9046.0,19.0,0.015671273693442345,0.0002
9047.0,19.0,0.014642235822975636,0.0002
9048.0,19.0,0.012916616164147854,0.0002
9049.0,19.0,0.013595914468169212,0.0002
9050.0,19.0,0.013676658272743225,0.0002
9051.0,19.0,0.0139393862336874,0.0002
9052.0,19.0,0.016401702538132668,0.0002
9053.0,19.0,0.01667950674891472,0.0002
9054.0,19.0,0.01959069073200226,0.0002
9055.0,19.0,0.017597701400518417,0.0002
9056.0,19.0,0.014075931161642075,0.0002
9057.0,19.0,0.015062393620610237,0.0002
9058.0,19.0,0.017112646251916885,0.0002
9059.0,19.0,0.012466811574995518,0.0002
9060.0,19.0,0.016274886205792427,0.0002
9061.0,19.0,0.012695752084255219,0.0002
9062.0,19.0,0.017006656154990196,0.0002
9063.0,19.0,0.016148122027516365,0.0002
9064.0,19.0,0.017520572990179062,0.0002
9065.0,19.0,0.020921461284160614,0.0002
9066.0,19.0,0.01762808859348297,0.0002
9067.0,19.0,0.015902917832136154,0.0002
9068.0,19.0,0.017031917348504066,0.0002
9069.0,19.0,0.011907810345292091,0.0002
9070.0,19.0,0.014494743198156357,0.0002
9071.0,19.0,0.013132666237652302,0.0002
9072.0,19.0,0.018937164917588234,0.0002
9073.0,19.0,0.013223009184002876,0.0002
9074.0,19.0,0.013849904760718346,0.0002
9075.0,19.0,0.01871602050960064,0.0002
9076.0,19.0,0.016548380255699158,0.0002
9077.0,19.0,0.018018703907728195,0.0002
9078.0,19.0,0.015280582010746002,0.0002
9079.0,19.0,0.016176603734493256,0.0002
9080.0,19.0,0.024707352742552757,0.0002
9081.0,19.0,0.018513314425945282,0.0002
9082.0,19.0,0.015446070581674576,0.0002
9083.0,19.0,0.015009207651019096,0.0002
9084.0,19.0,0.014509817585349083,0.0002
9085.0,19.0,0.016205770894885063,0.0002
9086.0,19.0,0.01758546009659767,0.0002
9087.0,19.0,0.016883740201592445,0.0002
9088.0,19.0,0.014819148927927017,0.0002
9089.0,19.0,0.013760525733232498,0.0002
9090.0,19.0,0.014162934385240078,0.0002
9091.0,19.0,0.01718900352716446,0.0002
9092.0,19.0,0.01588098332285881,0.0002
9093.0,19.0,0.01554892212152481,0.0002
9094.0,19.0,0.015578395687043667,0.0002
9095.0,19.0,0.020370259881019592,0.0002
9096.0,19.0,0.017604250460863113,0.0002
9097.0,19.0,0.017056653276085854,0.0002
9098.0,19.0,0.015450220555067062,0.0002
9099.0,19.0,0.015119239687919617,0.0002
9100.0,19.0,0.014583438634872437,0.0002
9101.0,19.0,0.014614168554544449,0.0002
9102.0,19.0,0.013206342235207558,0.0002
9103.0,19.0,0.017555266618728638,0.0002
9104.0,19.0,0.018463892862200737,0.0002
9105.0,19.0,0.015634993091225624,0.0002
9106.0,19.0,0.0174940787255764,0.0002
9107.0,19.0,0.015797674655914307,0.0002
9108.0,19.0,0.013149488717317581,0.0002
9109.0,19.0,0.017539139837026596,0.0002
9110.0,19.0,0.012465285137295723,0.0002
9111.0,19.0,0.017025288194417953,0.0002
9112.0,19.0,0.015086760744452477,0.0002
9113.0,19.0,0.015606123022735119,0.0002
9114.0,19.0,0.013437997549772263,0.0002
9115.0,19.0,0.011344914324581623,0.0002
9116.0,19.0,0.012220319360494614,0.0002
9117.0,19.0,0.019255150109529495,0.0002
9118.0,19.0,0.013714056462049484,0.0002
9119.0,19.0,0.011603963561356068,0.0002
9120.0,19.0,0.013531689532101154,0.0002
9121.0,19.0,0.011904609389603138,0.0002
9122.0,19.0,0.01624785177409649,0.0002
9123.0,19.0,0.014249016530811787,0.0002
9124.0,19.0,0.014627249911427498,0.0002
9125.0,19.0,0.01515217311680317,0.0002
9126.0,19.0,0.0162560623139143,0.0002
9127.0,19.0,0.015784015879034996,0.0002
9128.0,19.0,0.015515687875449657,0.0002
9129.0,19.0,0.017250441014766693,0.0002
9130.0,19.0,0.013533072546124458,0.0002
9131.0,19.0,0.013543602079153061,0.0002
9132.0,19.0,0.015553643926978111,0.0002
9133.0,19.0,0.014436479657888412,0.0002
9134.0,19.0,0.013454458676278591,0.0002
9135.0,19.0,0.014317137189209461,0.0002
9136.0,19.0,0.01511961780488491,0.0002
9137.0,19.0,0.021531112492084503,0.0002
9138.0,19.0,0.016161885112524033,0.0002
9139.0,19.0,0.014353722333908081,0.0002
9140.0,19.0,0.016478467732667923,0.0002
9141.0,19.0,0.012422269210219383,0.0002
9142.0,19.0,0.013655465096235275,0.0002
9143.0,19.0,0.018031233921647072,0.0002
9144.0,19.0,0.012967264279723167,0.0002
9145.0,19.0,0.014550243504345417,0.0002
9146.0,19.0,0.02392670139670372,0.0002
9147.0,19.0,0.014757098630070686,0.0002
9148.0,19.0,0.011986097320914268,0.0002
9149.0,19.0,0.016426891088485718,0.0002
9150.0,19.0,0.012970191426575184,0.0002
9151.0,19.0,0.013778027147054672,0.0002
9152.0,19.0,0.01655443012714386,0.0002
9153.0,19.0,0.01798240840435028,0.0002
9154.0,19.0,0.015727311372756958,0.0002
9155.0,19.0,0.016646957024931908,0.0002
9156.0,19.0,0.018271027132868767,0.0002
9157.0,19.0,0.012710927985608578,0.0002
9158.0,19.0,0.01303502544760704,0.0002
9159.0,19.0,0.013827228918671608,0.0002
9160.0,19.0,0.018155939877033234,0.0002
9161.0,19.0,0.015663541853427887,0.0002
9162.0,19.0,0.014277582056820393,0.0002
9163.0,19.0,0.014747549779713154,0.0002
9164.0,19.0,0.01822328381240368,0.0002
9165.0,19.0,0.017272066324949265,0.0002
9166.0,19.0,0.01463609654456377,0.0002
9167.0,19.0,0.016129542142152786,0.0002
9168.0,19.0,0.01437334157526493,0.0002
9169.0,19.0,0.017291005700826645,0.0002
9170.0,19.0,0.016020245850086212,0.0002
9171.0,19.0,0.018228858709335327,0.0002
9172.0,19.0,0.016722891479730606,0.0002
9173.0,19.0,0.015076940879225731,0.0002
9174.0,19.0,0.016189690679311752,0.0002
9175.0,19.0,0.013536933809518814,0.0002
9176.0,19.0,0.016540994867682457,0.0002
9177.0,19.0,0.013388114050030708,0.0002
9178.0,19.0,0.014679137617349625,0.0002
9179.0,19.0,0.01172405481338501,0.0002
9180.0,19.0,0.015087130479514599,0.0002
9181.0,19.0,0.020429838448762894,0.0002
9182.0,19.0,0.0189068466424942,0.0002
9183.0,19.0,0.016463465988636017,0.0002
9184.0,19.0,0.0161772221326828,0.0002
9185.0,19.0,0.01653727889060974,0.0002
9186.0,19.0,0.01854872889816761,0.0002
9187.0,19.0,0.013698122464120388,0.0002
9188.0,19.0,0.01988162100315094,0.0002
9189.0,19.0,0.015140600502490997,0.0002
9190.0,19.0,0.01532929390668869,0.0002
9191.0,19.0,0.016160428524017334,0.0002
9192.0,19.0,0.015563608147203922,0.0002
9193.0,19.0,0.01503644697368145,0.0002
9194.0,19.0,0.013768244534730911,0.0002
9195.0,19.0,0.019268039613962173,0.0002
9196.0,19.0,0.013952117413282394,0.0002
9197.0,19.0,0.0193389393389225,0.0002
9198.0,19.0,0.01964699849486351,0.0002
9199.0,19.0,0.015642503276467323,0.0002
9200.0,19.0,0.015307583846151829,0.0002
9201.0,19.0,0.015899907797574997,0.0002
9202.0,19.0,0.023288046941161156,0.0002
9203.0,19.0,0.016797497868537903,0.0002
9204.0,19.0,0.019499443471431732,0.0002
9205.0,19.0,0.02812611684203148,0.0002
9206.0,19.0,0.017513299360871315,0.0002
9207.0,19.0,0.015357661992311478,0.0002
9208.0,19.0,0.018172800540924072,0.0002
9209.0,19.0,0.02033763751387596,0.0002
9210.0,19.0,0.016642460599541664,0.0002
9211.0,19.0,0.016522549092769623,0.0002
9212.0,19.0,0.02009359560906887,0.0002
9213.0,19.0,0.01737356185913086,0.0002
9214.0,19.0,0.014795195311307907,0.0002
9215.0,19.0,0.01668151468038559,0.0002
9216.0,19.0,0.018850039690732956,0.0002
9217.0,19.0,0.015035783872008324,0.0002
9218.0,19.0,0.014276394620537758,0.0002
9219.0,19.0,0.01504154596477747,0.0002
9220.0,19.0,0.01586565002799034,0.0002
9221.0,19.0,0.019074585288763046,0.0002
9222.0,19.0,0.014851346611976624,0.0002
9223.0,19.0,0.01643853634595871,0.0002
9224.0,19.0,0.01236918568611145,0.0002
9225.0,19.0,0.015007383190095425,0.0002
9226.0,19.0,0.017550252377986908,0.0002
9227.0,19.0,0.022358402609825134,0.0002
9228.0,19.0,0.016164403408765793,0.0002
9229.0,19.0,0.01872846856713295,0.0002
9230.0,19.0,0.020451050251722336,0.0002
9231.0,19.0,0.012421057559549809,0.0002
9232.0,19.0,0.013625041581690311,0.0002
9233.0,19.0,0.015056817792356014,0.0002
9234.0,19.0,0.018425630405545235,0.0002
9235.0,19.0,0.013829831033945084,0.0002
9236.0,19.0,0.01295389048755169,0.0002
9237.0,19.0,0.018772777169942856,0.0002
9238.0,19.0,0.015385706909000874,0.0002
9239.0,19.0,0.013092882931232452,0.0002
9240.0,19.0,0.0168734323233366,0.0002
9241.0,19.0,0.013566501438617706,0.0002
9242.0,19.0,0.015834398567676544,0.0002
9243.0,19.0,0.013464664109051228,0.0002
9244.0,19.0,0.01582910120487213,0.0002
9245.0,19.0,0.014524798840284348,0.0002
9246.0,19.0,0.018588189035654068,0.0002
9247.0,19.0,0.014732858166098595,0.0002
9248.0,19.0,0.013338714838027954,0.0002
9249.0,19.0,0.01469973661005497,0.0002
9250.0,19.0,0.016058865934610367,0.0002
9251.0,19.0,0.016589000821113586,0.0002
9252.0,19.0,0.016574855893850327,0.0002
9253.0,19.0,0.014414159581065178,0.0002
9254.0,19.0,0.013021193444728851,0.0002
9255.0,19.0,0.014246823266148567,0.0002
9256.0,19.0,0.017904821783304214,0.0002
9257.0,19.0,0.01581232249736786,0.0002
9258.0,19.0,0.01298222504556179,0.0002
9259.0,19.0,0.01906786486506462,0.0002
9260.0,19.0,0.01511477492749691,0.0002
9261.0,19.0,0.01958378218114376,0.0002
9262.0,19.0,0.01625576615333557,0.0002
9263.0,19.0,0.018054094165563583,0.0002
9264.0,19.0,0.012619148008525372,0.0002
9265.0,19.0,0.015148174948990345,0.0002
9266.0,19.0,0.017639536410570145,0.0002
9267.0,19.0,0.01701952889561653,0.0002
9268.0,19.0,0.014669520780444145,0.0002
9269.0,19.0,0.014027990400791168,0.0002
9270.0,19.0,0.016559064388275146,0.0002
9271.0,19.0,0.023429477587342262,0.0002
9272.0,19.0,0.018064722418785095,0.0002
9273.0,19.0,0.01762499287724495,0.0002
9274.0,19.0,0.017234938219189644,0.0002
9275.0,19.0,0.01739989034831524,0.0002
9276.0,19.0,0.012599842622876167,0.0002
9277.0,19.0,0.01571802794933319,0.0002
9278.0,19.0,0.01745879277586937,0.0002
9279.0,19.0,0.01721174642443657,0.0002
9280.0,19.0,0.016504932194948196,0.0002
9281.0,19.0,0.020322781056165695,0.0002
9282.0,19.0,0.015050373040139675,0.0002
9283.0,19.0,0.019186366349458694,0.0002
9284.0,19.0,0.016617264598608017,0.0002
9285.0,19.0,0.01818891614675522,0.0002
9286.0,19.0,0.01596340537071228,0.0002
9287.0,19.0,0.01593152806162834,0.0002
9288.0,19.0,0.012652615085244179,0.0002
9289.0,19.0,0.01435689628124237,0.0002
9290.0,19.0,0.01422867365181446,0.0002
9291.0,19.0,0.01412329263985157,0.0002
9292.0,19.0,0.017027778550982475,0.0002
9293.0,19.0,0.015703778713941574,0.0002
9294.0,19.0,0.01550060510635376,0.0002
9295.0,19.0,0.014402544125914574,0.0002
9296.0,19.0,0.015855107456445694,0.0002
9297.0,19.0,0.01441186759620905,0.0002
9298.0,19.0,0.01454896479845047,0.0002
9299.0,19.0,0.015978721901774406,0.0002
9300.0,19.0,0.012874171137809753,0.0002
9301.0,19.0,0.01872537098824978,0.0002
9302.0,19.0,0.01773182302713394,0.0002
9303.0,19.0,0.016243359073996544,0.0002
9304.0,19.0,0.013513864949345589,0.0002
9305.0,19.0,0.015200519934296608,0.0002
9306.0,19.0,0.013595059514045715,0.0002
9307.0,19.0,0.01766686886548996,0.0002
9308.0,19.0,0.013223843649029732,0.0002
9309.0,19.0,0.017188727855682373,0.0002
9310.0,19.0,0.014744927175343037,0.0002
9311.0,19.0,0.01073541585355997,0.0002
9312.0,19.0,0.01799066737294197,0.0002
9313.0,19.0,0.012851296924054623,0.0002
9314.0,19.0,0.013697341084480286,0.0002
9315.0,19.0,0.01583464816212654,0.0002
9316.0,19.0,0.018128089606761932,0.0002
9317.0,19.0,0.014020033180713654,0.0002
9318.0,19.0,0.01426373515278101,0.0002
9319.0,19.0,0.01668238267302513,0.0002
9320.0,19.0,0.015634920448064804,0.0002
9321.0,19.0,0.012792167253792286,0.0002
9322.0,19.0,0.013886254280805588,0.0002
9323.0,19.0,0.016052648425102234,0.0002
9324.0,19.0,0.017248939722776413,0.0002
9325.0,19.0,0.014471413567662239,0.0002
9326.0,19.0,0.014349974691867828,0.0002
9327.0,19.0,0.015760138630867004,0.0002
9328.0,19.0,0.015706397593021393,0.0002
9329.0,19.0,0.019355159252882004,0.0002
9330.0,19.0,0.018328163772821426,0.0002
9331.0,19.0,0.018089860677719116,0.0002
9332.0,19.0,0.015821829438209534,0.0002
9333.0,19.0,0.015416743233799934,0.0002
9334.0,19.0,0.017857257276773453,0.0002
9335.0,19.0,0.015349837020039558,0.0002
9336.0,19.0,0.015490716323256493,0.0002
9337.0,19.0,0.01657053455710411,0.0002
9338.0,19.0,0.015192903578281403,0.0002
9339.0,19.0,0.014517294242978096,0.0002
9340.0,19.0,0.009150195866823196,0.0002
9341.0,19.0,0.016140881925821304,0.0002
9342.0,19.0,0.016473865136504173,0.0002
9343.0,19.0,0.013817671686410904,0.0002
9344.0,19.0,0.01732022687792778,0.0002
9345.0,19.0,0.016877245157957077,0.0002
9346.0,19.0,0.015308870933949947,0.0002
9347.0,19.0,0.01757335662841797,0.0002
9348.0,19.0,0.01584066078066826,0.0002
9349.0,19.0,0.019081898033618927,0.0002
9350.0,19.0,0.016575176268815994,0.0002
9351.0,19.0,0.014844219200313091,0.0002
9352.0,19.0,0.01515959296375513,0.0002
9353.0,19.0,0.016832534223794937,0.0002
9354.0,19.0,0.01995820738375187,0.0002
9355.0,19.0,0.017013024538755417,0.0002
9356.0,19.0,0.01873016729950905,0.0002
9357.0,19.0,0.020150497555732727,0.0002
9358.0,19.0,0.015146215446293354,0.0002
9359.0,19.0,0.01665191724896431,0.0002
9360.0,19.0,0.01712091639637947,0.0002
9361.0,20.0,0.02025415748357773,0.0002
9362.0,20.0,0.01769091561436653,0.0002
9363.0,20.0,0.012261851690709591,0.0002
9364.0,20.0,0.02008945867419243,0.0002
9365.0,20.0,0.01599247194826603,0.0002
9366.0,20.0,0.018442070111632347,0.0002
9367.0,20.0,0.013259992003440857,0.0002
9368.0,20.0,0.02165956050157547,0.0002
9369.0,20.0,0.013691956177353859,0.0002
9370.0,20.0,0.01697288081049919,0.0002
9371.0,20.0,0.020828867331147194,0.0002
9372.0,20.0,0.014681598171591759,0.0002
9373.0,20.0,0.015542695298790932,0.0002
9374.0,20.0,0.01887267455458641,0.0002
9375.0,20.0,0.017790477722883224,0.0002
9376.0,20.0,0.016863621771335602,0.0002
9377.0,20.0,0.01689261943101883,0.0002
9378.0,20.0,0.015166554600000381,0.0002
9379.0,20.0,0.016914386302232742,0.0002
9380.0,20.0,0.01441127248108387,0.0002
9381.0,20.0,0.01561754010617733,0.0002
9382.0,20.0,0.01510973833501339,0.0002
9383.0,20.0,0.016897384077310562,0.0002
9384.0,20.0,0.017001625150442123,0.0002
9385.0,20.0,0.01582713983952999,0.0002
9386.0,20.0,0.014331446960568428,0.0002
9387.0,20.0,0.01659121736884117,0.0002
9388.0,20.0,0.014475749805569649,0.0002
9389.0,20.0,0.020720746368169785,0.0002
9390.0,20.0,0.015554999932646751,0.0002
9391.0,20.0,0.014049138873815536,0.0002
9392.0,20.0,0.013578152284026146,0.0002
9393.0,20.0,0.013856828212738037,0.0002
9394.0,20.0,0.015907790511846542,0.0002
9395.0,20.0,0.017784319818019867,0.0002
9396.0,20.0,0.0194358229637146,0.0002
9397.0,20.0,0.01581231690943241,0.0002
9398.0,20.0,0.01447207946330309,0.0002
9399.0,20.0,0.013706553727388382,0.0002
9400.0,20.0,0.015919607132673264,0.0002
9401.0,20.0,0.014952987432479858,0.0002
9402.0,20.0,0.01670091412961483,0.0002
9403.0,20.0,0.016905222088098526,0.0002
9404.0,20.0,0.018083607777953148,0.0002
9405.0,20.0,0.0168936587870121,0.0002
9406.0,20.0,0.015402786433696747,0.0002
9407.0,20.0,0.016682229936122894,0.0002
9408.0,20.0,0.015748824924230576,0.0002
9409.0,20.0,0.012930506840348244,0.0002
9410.0,20.0,0.02044733799993992,0.0002
9411.0,20.0,0.016685321927070618,0.0002
9412.0,20.0,0.01404392160475254,0.0002
9413.0,20.0,0.012985678389668465,0.0002
9414.0,20.0,0.015667002648115158,0.0002
9415.0,20.0,0.014881379902362823,0.0002
9416.0,20.0,0.013934845104813576,0.0002
9417.0,20.0,0.01839374378323555,0.0002
9418.0,20.0,0.016397036612033844,0.0002
9419.0,20.0,0.015081562101840973,0.0002
9420.0,20.0,0.01547645777463913,0.0002
9421.0,20.0,0.015550235286355019,0.0002
9422.0,20.0,0.015682615339756012,0.0002
9423.0,20.0,0.014771698974072933,0.0002
9424.0,20.0,0.014163995161652565,0.0002
9425.0,20.0,0.011615144088864326,0.0002
9426.0,20.0,0.013948991894721985,0.0002
9427.0,20.0,0.018150493502616882,0.0002
9428.0,20.0,0.014582914300262928,0.0002
9429.0,20.0,0.011601469479501247,0.0002
9430.0,20.0,0.01763220503926277,0.0002
9431.0,20.0,0.015066927298903465,0.0002
9432.0,20.0,0.019011681899428368,0.0002
9433.0,20.0,0.015382988378405571,0.0002
9434.0,20.0,0.0156288780272007,0.0002
9435.0,20.0,0.015177768655121326,0.0002
9436.0,20.0,0.015281894244253635,0.0002
9437.0,20.0,0.015475021675229073,0.0002
9438.0,20.0,0.013982178643345833,0.0002
9439.0,20.0,0.01603723131120205,0.0002
9440.0,20.0,0.015396981500089169,0.0002
9441.0,20.0,0.01584017276763916,0.0002
9442.0,20.0,0.014907266944646835,0.0002
9443.0,20.0,0.01757114753127098,0.0002
9444.0,20.0,0.01180278230458498,0.0002
9445.0,20.0,0.018528837710618973,0.0002
9446.0,20.0,0.010724911466240883,0.0002
9447.0,20.0,0.0188562273979187,0.0002
9448.0,20.0,0.015971966087818146,0.0002
9449.0,20.0,0.013376884162425995,0.0002
9450.0,20.0,0.013413578271865845,0.0002
9451.0,20.0,0.015465989708900452,0.0002
9452.0,20.0,0.018995439633727074,0.0002
9453.0,20.0,0.014614807441830635,0.0002
9454.0,20.0,0.014227629639208317,0.0002
9455.0,20.0,0.015418753027915955,0.0002
9456.0,20.0,0.014921419322490692,0.0002
9457.0,20.0,0.01868606172502041,0.0002
9458.0,20.0,0.017802592366933823,0.0002
9459.0,20.0,0.013389315456151962,0.0002
9460.0,20.0,0.017656546086072922,0.0002
9461.0,20.0,0.014544669538736343,0.0002
9462.0,20.0,0.015980010852217674,0.0002
9463.0,20.0,0.01566474884748459,0.0002
9464.0,20.0,0.013199719600379467,0.0002
9465.0,20.0,0.01627427525818348,0.0002
9466.0,20.0,0.01705353707075119,0.0002
9467.0,20.0,0.015245407819747925,0.0002
9468.0,20.0,0.013831445947289467,0.0002
9469.0,20.0,0.019823851063847542,0.0002
9470.0,20.0,0.013455220498144627,0.0002
9471.0,20.0,0.01568603515625,0.0002
9472.0,20.0,0.015752416104078293,0.0002
9473.0,20.0,0.015272997319698334,0.0002
9474.0,20.0,0.014924314804375172,0.0002
9475.0,20.0,0.01652374118566513,0.0002
9476.0,20.0,0.015185007825493813,0.0002
9477.0,20.0,0.016935458406805992,0.0002
9478.0,20.0,0.021765785291790962,0.0002
9479.0,20.0,0.01612044870853424,0.0002
9480.0,20.0,0.01570121943950653,0.0002
9481.0,20.0,0.013641854748129845,0.0002
9482.0,20.0,0.017001882195472717,0.0002
9483.0,20.0,0.013694407418370247,0.0002
9484.0,20.0,0.015958189964294434,0.0002
9485.0,20.0,0.016623621806502342,0.0002
9486.0,20.0,0.016195623204112053,0.0002
9487.0,20.0,0.016167566180229187,0.0002
9488.0,20.0,0.013684974983334541,0.0002
9489.0,20.0,0.014464357867836952,0.0002
9490.0,20.0,0.01417502574622631,0.0002
9491.0,20.0,0.017878714948892593,0.0002
9492.0,20.0,0.014641809277236462,0.0002
9493.0,20.0,0.01559809036552906,0.0002
9494.0,20.0,0.0159489456564188,0.0002
9495.0,20.0,0.014762126840651035,0.0002
9496.0,20.0,0.015010134316980839,0.0002
9497.0,20.0,0.014679085463285446,0.0002
9498.0,20.0,0.01537532452493906,0.0002
9499.0,20.0,0.018344277516007423,0.0002
9500.0,20.0,0.019262168556451797,0.0002
9501.0,20.0,0.013157770037651062,0.0002
9502.0,20.0,0.015618687495589256,0.0002
9503.0,20.0,0.018822580575942993,0.0002
9504.0,20.0,0.01582985185086727,0.0002
9505.0,20.0,0.015129228122532368,0.0002
9506.0,20.0,0.016575390473008156,0.0002
9507.0,20.0,0.017089074477553368,0.0002
9508.0,20.0,0.01635907217860222,0.0002
9509.0,20.0,0.014284670352935791,0.0002
9510.0,20.0,0.016665255650877953,0.0002
9511.0,20.0,0.01090153306722641,0.0002
9512.0,20.0,0.01636294648051262,0.0002
9513.0,20.0,0.01642615534365177,0.0002
9514.0,20.0,0.01373417116701603,0.0002
9515.0,20.0,0.018778765574097633,0.0002
9516.0,20.0,0.017392685636878014,0.0002
9517.0,20.0,0.018796376883983612,0.0002
9518.0,20.0,0.01855853945016861,0.0002
9519.0,20.0,0.019325442612171173,0.0002
9520.0,20.0,0.017086580395698547,0.0002
9521.0,20.0,0.01564953476190567,0.0002
9522.0,20.0,0.012959462590515614,0.0002
9523.0,20.0,0.015483265742659569,0.0002
9524.0,20.0,0.014466540887951851,0.0002
9525.0,20.0,0.0120118148624897,0.0002
9526.0,20.0,0.015258545987308025,0.0002
9527.0,20.0,0.015280552208423615,0.0002
9528.0,20.0,0.01414315402507782,0.0002
9529.0,20.0,0.016577091068029404,0.0002
9530.0,20.0,0.015278695151209831,0.0002
9531.0,20.0,0.019836217164993286,0.0002
9532.0,20.0,0.017745066434144974,0.0002
9533.0,20.0,0.012608975172042847,0.0002
9534.0,20.0,0.023299695923924446,0.0002
9535.0,20.0,0.013708371669054031,0.0002
9536.0,20.0,0.018841415643692017,0.0002
9537.0,20.0,0.01754598692059517,0.0002
9538.0,20.0,0.01630570739507675,0.0002
9539.0,20.0,0.012239264324307442,0.0002
9540.0,20.0,0.015557963401079178,0.0002
9541.0,20.0,0.013687770813703537,0.0002
9542.0,20.0,0.015025594271719456,0.0002
9543.0,20.0,0.013995426706969738,0.0002
9544.0,20.0,0.012577766552567482,0.0002
9545.0,20.0,0.014240898191928864,0.0002
9546.0,20.0,0.013864908367395401,0.0002
9547.0,20.0,0.016318190842866898,0.0002
9548.0,20.0,0.0192832313477993,0.0002
9549.0,20.0,0.013166258111596107,0.0002
9550.0,20.0,0.01776214689016342,0.0002
9551.0,20.0,0.01772259920835495,0.0002
9552.0,20.0,0.019377239048480988,0.0002
9553.0,20.0,0.013992524705827236,0.0002
9554.0,20.0,0.019931241869926453,0.0002
9555.0,20.0,0.017334245145320892,0.0002
9556.0,20.0,0.01762504130601883,0.0002
9557.0,20.0,0.014140693470835686,0.0002
9558.0,20.0,0.015921924263238907,0.0002
9559.0,20.0,0.015920370817184448,0.0002
9560.0,20.0,0.016454538330435753,0.0002
9561.0,20.0,0.015372680500149727,0.0002
9562.0,20.0,0.018081184476614,0.0002
9563.0,20.0,0.01948053017258644,0.0002
9564.0,20.0,0.017323506996035576,0.0002
9565.0,20.0,0.01638004370033741,0.0002
9566.0,20.0,0.016370370984077454,0.0002
9567.0,20.0,0.01316316518932581,0.0002
9568.0,20.0,0.01485720556229353,0.0002
9569.0,20.0,0.016244275495409966,0.0002
9570.0,20.0,0.01271988544613123,0.0002
9571.0,20.0,0.014331314712762833,0.0002
9572.0,20.0,0.016708631068468094,0.0002
9573.0,20.0,0.01779164932668209,0.0002
9574.0,20.0,0.015601400285959244,0.0002
9575.0,20.0,0.02088790014386177,0.0002
9576.0,20.0,0.014416715130209923,0.0002
9577.0,20.0,0.011699136346578598,0.0002
9578.0,20.0,0.01595941185951233,0.0002
9579.0,20.0,0.018466278910636902,0.0002
9580.0,20.0,0.01801374927163124,0.0002
9581.0,20.0,0.014845090918242931,0.0002
9582.0,20.0,0.016545098274946213,0.0002
9583.0,20.0,0.015281088650226593,0.0002
9584.0,20.0,0.014873572625219822,0.0002
9585.0,20.0,0.018742552027106285,0.0002
9586.0,20.0,0.018350202590227127,0.0002
9587.0,20.0,0.013901589438319206,0.0002
9588.0,20.0,0.01657263934612274,0.0002
9589.0,20.0,0.01747581548988819,0.0002
9590.0,20.0,0.02007381245493889,0.0002
9591.0,20.0,0.01823563501238823,0.0002
9592.0,20.0,0.01524885930120945,0.0002
9593.0,20.0,0.018826913088560104,0.0002
9594.0,20.0,0.018928401172161102,0.0002
9595.0,20.0,0.01833556592464447,0.0002
9596.0,20.0,0.015330859459936619,0.0002
9597.0,20.0,0.01956302672624588,0.0002
9598.0,20.0,0.013509439304471016,0.0002
9599.0,20.0,0.01915108785033226,0.0002
9600.0,20.0,0.016002897173166275,0.0002
9601.0,20.0,0.014494799077510834,0.0002
9602.0,20.0,0.013587250374257565,0.0002
9603.0,20.0,0.01613367348909378,0.0002
9604.0,20.0,0.016655167564749718,0.0002
9605.0,20.0,0.021377775818109512,0.0002
9606.0,20.0,0.017003029584884644,0.0002
9607.0,20.0,0.01941857859492302,0.0002
9608.0,20.0,0.016742292791604996,0.0002
9609.0,20.0,0.01620754599571228,0.0002
9610.0,20.0,0.014294084161520004,0.0002
9611.0,20.0,0.018433324992656708,0.0002
9612.0,20.0,0.017101332545280457,0.0002
9613.0,20.0,0.017825471237301826,0.0002
9614.0,20.0,0.015551380813121796,0.0002
9615.0,20.0,0.014849890023469925,0.0002
9616.0,20.0,0.01706964150071144,0.0002
9617.0,20.0,0.01794976368546486,0.0002
9618.0,20.0,0.01589319482445717,0.0002
9619.0,20.0,0.01512536033987999,0.0002
9620.0,20.0,0.014819561503827572,0.0002
9621.0,20.0,0.01856955885887146,0.0002
9622.0,20.0,0.01633363589644432,0.0002
9623.0,20.0,0.011874686926603317,0.0002
9624.0,20.0,0.01612677238881588,0.0002
9625.0,20.0,0.01545800268650055,0.0002
9626.0,20.0,0.016802817583084106,0.0002
9627.0,20.0,0.011288142763078213,0.0002
9628.0,20.0,0.016754722222685814,0.0002
9629.0,20.0,0.01736551895737648,0.0002
9630.0,20.0,0.013427557423710823,0.0002
9631.0,20.0,0.01584596559405327,0.0002
9632.0,20.0,0.015399554744362831,0.0002
9633.0,20.0,0.015905244275927544,0.0002
9634.0,20.0,0.018627800047397614,0.0002
9635.0,20.0,0.016058074310421944,0.0002
9636.0,20.0,0.010485544800758362,0.0002
9637.0,20.0,0.0170760415494442,0.0002
9638.0,20.0,0.014899292029440403,0.0002
9639.0,20.0,0.01348210871219635,0.0002
9640.0,20.0,0.014875456690788269,0.0002
9641.0,20.0,0.01812848448753357,0.0002
9642.0,20.0,0.016841914504766464,0.0002
9643.0,20.0,0.01694384403526783,0.0002
9644.0,20.0,0.018600720912218094,0.0002
9645.0,20.0,0.014712798409163952,0.0002
9646.0,20.0,0.015840398147702217,0.0002
9647.0,20.0,0.018205653876066208,0.0002
9648.0,20.0,0.013778496533632278,0.0002
9649.0,20.0,0.016468539834022522,0.0002
9650.0,20.0,0.015543315559625626,0.0002
9651.0,20.0,0.01594390533864498,0.0002
9652.0,20.0,0.01610056683421135,0.0002
9653.0,20.0,0.01706431247293949,0.0002
9654.0,20.0,0.013237972743809223,0.0002
9655.0,20.0,0.01519462838768959,0.0002
9656.0,20.0,0.013624001294374466,0.0002
9657.0,20.0,0.015365514904260635,0.0002
9658.0,20.0,0.011851625517010689,0.0002
9659.0,20.0,0.018289413303136826,0.0002
9660.0,20.0,0.0176188163459301,0.0002
9661.0,20.0,0.018128085881471634,0.0002
9662.0,20.0,0.015622945502400398,0.0002
9663.0,20.0,0.01802174001932144,0.0002
9664.0,20.0,0.012651527300477028,0.0002
9665.0,20.0,0.011870210990309715,0.0002
9666.0,20.0,0.014471291564404964,0.0002
9667.0,20.0,0.014267166145145893,0.0002
9668.0,20.0,0.015974927693605423,0.0002
9669.0,20.0,0.012899566441774368,0.0002
9670.0,20.0,0.01652541384100914,0.0002
9671.0,20.0,0.015739886090159416,0.0002
9672.0,20.0,0.016933366656303406,0.0002
9673.0,20.0,0.017921248450875282,0.0002
9674.0,20.0,0.01320997066795826,0.0002
9675.0,20.0,0.018001580610871315,0.0002
9676.0,20.0,0.01869218610227108,0.0002
9677.0,20.0,0.017532337456941605,0.0002
9678.0,20.0,0.015295595861971378,0.0002
9679.0,20.0,0.015258615836501122,0.0002
9680.0,20.0,0.017666514962911606,0.0002
9681.0,20.0,0.012419422157108784,0.0002
9682.0,20.0,0.015219715423882008,0.0002
9683.0,20.0,0.019664280116558075,0.0002
9684.0,20.0,0.013595934957265854,0.0002
9685.0,20.0,0.01726384088397026,0.0002
9686.0,20.0,0.018062371760606766,0.0002
9687.0,20.0,0.015611059963703156,0.0002
9688.0,20.0,0.013408567756414413,0.0002
9689.0,20.0,0.016313541680574417,0.0002
9690.0,20.0,0.01422186940908432,0.0002
9691.0,20.0,0.013274283148348331,0.0002
9692.0,20.0,0.014026373624801636,0.0002
9693.0,20.0,0.01848248392343521,0.0002
9694.0,20.0,0.015298417769372463,0.0002
9695.0,20.0,0.01776745915412903,0.0002
9696.0,20.0,0.013436544686555862,0.0002
9697.0,20.0,0.016616765409708023,0.0002
9698.0,20.0,0.01912304386496544,0.0002
9699.0,20.0,0.021504485979676247,0.0002
9700.0,20.0,0.016562670469284058,0.0002
9701.0,20.0,0.016961710527539253,0.0002
9702.0,20.0,0.01510717160999775,0.0002
9703.0,20.0,0.02154678665101528,0.0002
9704.0,20.0,0.012822473421692848,0.0002
9705.0,20.0,0.013119676150381565,0.0002
9706.0,20.0,0.014731488190591335,0.0002
9707.0,20.0,0.01936459168791771,0.0002
9708.0,20.0,0.018542546778917313,0.0002
9709.0,20.0,0.019840028136968613,0.0002
9710.0,20.0,0.013316353783011436,0.0002
9711.0,20.0,0.01616629958152771,0.0002
9712.0,20.0,0.019260162487626076,0.0002
9713.0,20.0,0.016445059329271317,0.0002
9714.0,20.0,0.016672184690833092,0.0002
9715.0,20.0,0.019225433468818665,0.0002
9716.0,20.0,0.012369150295853615,0.0002
9717.0,20.0,0.013870258815586567,0.0002
9718.0,20.0,0.015827476978302002,0.0002
9719.0,20.0,0.017848210409283638,0.0002
9720.0,20.0,0.019668247550725937,0.0002
9721.0,20.0,0.014543496072292328,0.0002
9722.0,20.0,0.016877291724085808,0.0002
9723.0,20.0,0.01695544645190239,0.0002
9724.0,20.0,0.015557080507278442,0.0002
9725.0,20.0,0.019915565848350525,0.0002
9726.0,20.0,0.014837533235549927,0.0002
9727.0,20.0,0.016702070832252502,0.0002
9728.0,20.0,0.015326806344091892,0.0002
9729.0,20.0,0.01687067374587059,0.0002
9730.0,20.0,0.019793303683400154,0.0002
9731.0,20.0,0.01666693203151226,0.0002
9732.0,20.0,0.01702142506837845,0.0002
9733.0,20.0,0.014976187609136105,0.0002
9734.0,20.0,0.014435723423957825,0.0002
9735.0,20.0,0.012167669832706451,0.0002
9736.0,20.0,0.013816099613904953,0.0002
9737.0,20.0,0.01600630208849907,0.0002
9738.0,20.0,0.016446851193904877,0.0002
9739.0,20.0,0.013564635068178177,0.0002
9740.0,20.0,0.010920030996203423,0.0002
9741.0,20.0,0.01802632212638855,0.0002
9742.0,20.0,0.013935158960521221,0.0002
9743.0,20.0,0.012940514832735062,0.0002
9744.0,20.0,0.02185935340821743,0.0002
9745.0,20.0,0.016578175127506256,0.0002
9746.0,20.0,0.016011791303753853,0.0002
9747.0,20.0,0.014543840661644936,0.0002
9748.0,20.0,0.014186385087668896,0.0002
9749.0,20.0,0.01578519679605961,0.0002
9750.0,20.0,0.014533532783389091,0.0002
9751.0,20.0,0.016572728753089905,0.0002
9752.0,20.0,0.0169379860162735,0.0002
9753.0,20.0,0.012421434745192528,0.0002
9754.0,20.0,0.015654906630516052,0.0002
9755.0,20.0,0.014492208138108253,0.0002
9756.0,20.0,0.01830877922475338,0.0002
9757.0,20.0,0.013948053121566772,0.0002
9758.0,20.0,0.014543562196195126,0.0002
9759.0,20.0,0.015026128850877285,0.0002
9760.0,20.0,0.013547563925385475,0.0002
9761.0,20.0,0.015075265429913998,0.0002
9762.0,20.0,0.016346706077456474,0.0002
9763.0,20.0,0.01506880670785904,0.0002
9764.0,20.0,0.016499653458595276,0.0002
9765.0,20.0,0.019009385257959366,0.0002
9766.0,20.0,0.011968388222157955,0.0002
9767.0,20.0,0.013398082926869392,0.0002
9768.0,20.0,0.016873326152563095,0.0002
9769.0,20.0,0.014909683726727962,0.0002
9770.0,20.0,0.01713334210216999,0.0002
9771.0,20.0,0.01616200990974903,0.0002
9772.0,20.0,0.013458160683512688,0.0002
9773.0,20.0,0.016426879912614822,0.0002
9774.0,20.0,0.014314113184809685,0.0002
9775.0,20.0,0.01481576357036829,0.0002
9776.0,20.0,0.01650618016719818,0.0002
9777.0,20.0,0.015424815937876701,0.0002
9778.0,20.0,0.01586690917611122,0.0002
9779.0,20.0,0.018315689638257027,0.0002
9780.0,20.0,0.017834413796663284,0.0002
9781.0,20.0,0.016741592437028885,0.0002
9782.0,20.0,0.016225386410951614,0.0002
9783.0,20.0,0.014436343684792519,0.0002
9784.0,20.0,0.015000402927398682,0.0002
9785.0,20.0,0.01753409020602703,0.0002
9786.0,20.0,0.0193428173661232,0.0002
9787.0,20.0,0.018260939046740532,0.0002
9788.0,20.0,0.018182512372732162,0.0002
9789.0,20.0,0.014179476536810398,0.0002
9790.0,20.0,0.014432745054364204,0.0002
9791.0,20.0,0.017987433820962906,0.0002
9792.0,20.0,0.01315397210419178,0.0002
9793.0,20.0,0.01692861132323742,0.0002
9794.0,20.0,0.0153176449239254,0.0002
9795.0,20.0,0.01955762878060341,0.0002
9796.0,20.0,0.01786351390182972,0.0002
9797.0,20.0,0.014925720170140266,0.0002
9798.0,20.0,0.01812475547194481,0.0002
9799.0,20.0,0.01745862141251564,0.0002
9800.0,20.0,0.013288374058902264,0.0002
9801.0,20.0,0.013728613965213299,0.0002
9802.0,20.0,0.019057290628552437,0.0002
9803.0,20.0,0.015905238687992096,0.0002
9804.0,20.0,0.019310154020786285,0.0002
9805.0,20.0,0.01624617539346218,0.0002
9806.0,20.0,0.016713963821530342,0.0002
9807.0,20.0,0.019929682835936546,0.0002
9808.0,20.0,0.015302291139960289,0.0002
9809.0,20.0,0.016293840482831,0.0002
9810.0,20.0,0.01638064906001091,0.0002
9811.0,20.0,0.016954082995653152,0.0002
9812.0,20.0,0.017610084265470505,0.0002
9813.0,20.0,0.016989637166261673,0.0002
9814.0,20.0,0.015665454789996147,0.0002
9815.0,20.0,0.015504779294133186,0.0002
9816.0,20.0,0.01595604047179222,0.0002
9817.0,20.0,0.017689835280179977,0.0002
9818.0,20.0,0.012882392853498459,0.0002
9819.0,20.0,0.01620955392718315,0.0002
9820.0,20.0,0.014623645693063736,0.0002
9821.0,20.0,0.017158623784780502,0.0002
9822.0,20.0,0.015026851557195187,0.0002
9823.0,20.0,0.013585847802460194,0.0002
9824.0,20.0,0.018057402223348618,0.0002
9825.0,20.0,0.011354383081197739,0.0002
9826.0,20.0,0.01558593474328518,0.0002
9827.0,20.0,0.014287006109952927,0.0002
9828.0,20.0,0.01696924678981304,0.0002
9829.0,21.0,0.013838726095855236,0.0002
9830.0,21.0,0.017248041927814484,0.0002
9831.0,21.0,0.01573307439684868,0.0002
9832.0,21.0,0.016077345237135887,0.0002
9833.0,21.0,0.014430340379476547,0.0002
9834.0,21.0,0.014360740780830383,0.0002
9835.0,21.0,0.016808465123176575,0.0002
9836.0,21.0,0.014385953545570374,0.0002
9837.0,21.0,0.015167299658060074,0.0002
9838.0,21.0,0.01428543496876955,0.0002
9839.0,21.0,0.016691818833351135,0.0002
9840.0,21.0,0.01686611771583557,0.0002
9841.0,21.0,0.018622538074851036,0.0002
9842.0,21.0,0.015208281576633453,0.0002
9843.0,21.0,0.01711641624569893,0.0002
9844.0,21.0,0.015308519825339317,0.0002
9845.0,21.0,0.01610037125647068,0.0002
9846.0,21.0,0.015595975331962109,0.0002
9847.0,21.0,0.014643020927906036,0.0002
9848.0,21.0,0.017593737691640854,0.0002
9849.0,21.0,0.014995120465755463,0.0002
9850.0,21.0,0.01621139422059059,0.0002
9851.0,21.0,0.017294224351644516,0.0002
9852.0,21.0,0.013849839568138123,0.0002
9853.0,21.0,0.014867555350065231,0.0002
9854.0,21.0,0.015856903046369553,0.0002
9855.0,21.0,0.014806268736720085,0.0002
9856.0,21.0,0.01778235100209713,0.0002
9857.0,21.0,0.014773119240999222,0.0002
9858.0,21.0,0.016611039638519287,0.0002
9859.0,21.0,0.016075514256954193,0.0002
9860.0,21.0,0.018493935465812683,0.0002
9861.0,21.0,0.01808338239789009,0.0002
9862.0,21.0,0.015062014572322369,0.0002
9863.0,21.0,0.01547165960073471,0.0002
9864.0,21.0,0.01611742563545704,0.0002
9865.0,21.0,0.014315197244286537,0.0002
9866.0,21.0,0.014510927721858025,0.0002
9867.0,21.0,0.0165987778455019,0.0002
9868.0,21.0,0.014101924374699593,0.0002
9869.0,21.0,0.012971419841051102,0.0002
9870.0,21.0,0.014977272599935532,0.0002
9871.0,21.0,0.01405228953808546,0.0002
9872.0,21.0,0.015314880758523941,0.0002
9873.0,21.0,0.014277355745434761,0.0002
9874.0,21.0,0.016186192631721497,0.0002
9875.0,21.0,0.016528183594346046,0.0002
9876.0,21.0,0.01961098611354828,0.0002
9877.0,21.0,0.014171315357089043,0.0002
9878.0,21.0,0.015710078179836273,0.0002
9879.0,21.0,0.01598396897315979,0.0002
9880.0,21.0,0.01355115044862032,0.0002
9881.0,21.0,0.014671320095658302,0.0002
9882.0,21.0,0.01940149813890457,0.0002
9883.0,21.0,0.019184939563274384,0.0002
9884.0,21.0,0.015165991149842739,0.0002
9885.0,21.0,0.01613534614443779,0.0002
9886.0,21.0,0.016921410337090492,0.0002
9887.0,21.0,0.01800627075135708,0.0002
9888.0,21.0,0.01837863400578499,0.0002
9889.0,21.0,0.013735052198171616,0.0002
9890.0,21.0,0.016833985224366188,0.0002
9891.0,21.0,0.017171327024698257,0.0002
9892.0,21.0,0.014314858242869377,0.0002
9893.0,21.0,0.014416225254535675,0.0002
9894.0,21.0,0.013403678312897682,0.0002
9895.0,21.0,0.01739814132452011,0.0002
9896.0,21.0,0.018637526780366898,0.0002
9897.0,21.0,0.015611942857503891,0.0002
9898.0,21.0,0.015418948605656624,0.0002
9899.0,21.0,0.016417356207966805,0.0002
9900.0,21.0,0.015245288610458374,0.0002
9901.0,21.0,0.01372276246547699,0.0002
9902.0,21.0,0.014059395529329777,0.0002
9903.0,21.0,0.014970578253269196,0.0002
9904.0,21.0,0.017556097358465195,0.0002
9905.0,21.0,0.011851079761981964,0.0002
9906.0,21.0,0.015917008742690086,0.0002
9907.0,21.0,0.011924728751182556,0.0002
9908.0,21.0,0.014385487884283066,0.0002
9909.0,21.0,0.01646437495946884,0.0002
9910.0,21.0,0.014799611642956734,0.0002
9911.0,21.0,0.016074057668447495,0.0002
9912.0,21.0,0.015878140926361084,0.0002
9913.0,21.0,0.015242388471961021,0.0002
9914.0,21.0,0.017628734931349754,0.0002
9915.0,21.0,0.011950990185141563,0.0002
9916.0,21.0,0.013138974085450172,0.0002
9917.0,21.0,0.019996795803308487,0.0002
9918.0,21.0,0.013385318219661713,0.0002
9919.0,21.0,0.015634851530194283,0.0002
9920.0,21.0,0.01590760424733162,0.0002
9921.0,21.0,0.018371764570474625,0.0002
9922.0,21.0,0.01536587905138731,0.0002
9923.0,21.0,0.01283740159124136,0.0002
9924.0,21.0,0.016149751842021942,0.0002
9925.0,21.0,0.014764617197215557,0.0002
9926.0,21.0,0.020680569112300873,0.0002
9927.0,21.0,0.01898709125816822,0.0002
9928.0,21.0,0.019203323870897293,0.0002
9929.0,21.0,0.016602052375674248,0.0002
9930.0,21.0,0.012018389999866486,0.0002
9931.0,21.0,0.01262236014008522,0.0002
9932.0,21.0,0.01517166756093502,0.0002
9933.0,21.0,0.018068484961986542,0.0002
9934.0,21.0,0.01475166343152523,0.0002
9935.0,21.0,0.016849998384714127,0.0002
9936.0,21.0,0.013898110017180443,0.0002
9937.0,21.0,0.014715119265019894,0.0002
9938.0,21.0,0.012473711743950844,0.0002
9939.0,21.0,0.012571461498737335,0.0002
9940.0,21.0,0.01599319465458393,0.0002
9941.0,21.0,0.02062324807047844,0.0002
9942.0,21.0,0.016459330916404724,0.0002
9943.0,21.0,0.01519011240452528,0.0002
9944.0,21.0,0.015407044440507889,0.0002
9945.0,21.0,0.018916621804237366,0.0002
9946.0,21.0,0.021875416859984398,0.0002
9947.0,21.0,0.016776273027062416,0.0002
9948.0,21.0,0.015857219696044922,0.0002
9949.0,21.0,0.014348526485264301,0.0002
9950.0,21.0,0.016154810786247253,0.0002
9951.0,21.0,0.016246380284428596,0.0002
9952.0,21.0,0.013246595859527588,0.0002
9953.0,21.0,0.019577955827116966,0.0002
9954.0,21.0,0.01624472811818123,0.0002
9955.0,21.0,0.019436083734035492,0.0002
9956.0,21.0,0.020159486681222916,0.0002
9957.0,21.0,0.014478448778390884,0.0002
9958.0,21.0,0.02074434980750084,0.0002
9959.0,21.0,0.016461623832583427,0.0002
9960.0,21.0,0.01659129187464714,0.0002
9961.0,21.0,0.02026841603219509,0.0002
9962.0,21.0,0.01876133494079113,0.0002
9963.0,21.0,0.013968445360660553,0.0002
9964.0,21.0,0.011737607419490814,0.0002
9965.0,21.0,0.01567528024315834,0.0002
9966.0,21.0,0.013973809778690338,0.0002
9967.0,21.0,0.015677794814109802,0.0002
9968.0,21.0,0.013442032039165497,0.0002
9969.0,21.0,0.014666171744465828,0.0002
9970.0,21.0,0.011911414563655853,0.0002
9971.0,21.0,0.015786757692694664,0.0002
9972.0,21.0,0.01379706896841526,0.0002
9973.0,21.0,0.01507880724966526,0.0002
9974.0,21.0,0.013732103630900383,0.0002
9975.0,21.0,0.013629700057208538,0.0002
9976.0,21.0,0.015329213812947273,0.0002
9977.0,21.0,0.012229700572788715,0.0002
9978.0,21.0,0.01736254245042801,0.0002
9979.0,21.0,0.014496555551886559,0.0002
9980.0,21.0,0.015453031286597252,0.0002
9981.0,21.0,0.013208931311964989,0.0002
9982.0,21.0,0.014415660873055458,0.0002
9983.0,21.0,0.023065214976668358,0.0002
9984.0,21.0,0.01778457686305046,0.0002
9985.0,21.0,0.0142702991142869,0.0002
9986.0,21.0,0.019714495167136192,0.0002
9987.0,21.0,0.018142040818929672,0.0002
9988.0,21.0,0.014386829920113087,0.0002
9989.0,21.0,0.012116857804358006,0.0002
9990.0,21.0,0.01706058345735073,0.0002
9991.0,21.0,0.018890980631113052,0.0002
9992.0,21.0,0.013725574128329754,0.0002
9993.0,21.0,0.018167123198509216,0.0002
9994.0,21.0,0.018683595582842827,0.0002
9995.0,21.0,0.01671239547431469,0.0002
9996.0,21.0,0.018203064799308777,0.0002
9997.0,21.0,0.014907190576195717,0.0002
9998.0,21.0,0.018702935427427292,0.0002
9999.0,21.0,0.013523592613637447,0.0002
10000.0,21.0,0.015180797316133976,0.0002
10001.0,21.0,0.02001824975013733,0.0002
10002.0,21.0,0.020406698808073997,0.0002
10003.0,21.0,0.01732698827981949,0.0002
10004.0,21.0,0.012747237458825111,0.0002
10005.0,21.0,0.021312939003109932,0.0002
10006.0,21.0,0.012922471389174461,0.0002
10007.0,21.0,0.015763459727168083,0.0002
10008.0,21.0,0.014677855186164379,0.0002
10009.0,21.0,0.013737593777477741,0.0002
10010.0,21.0,0.013744426891207695,0.0002
10011.0,21.0,0.012774139642715454,0.0002
10012.0,21.0,0.0125653725117445,0.0002
10013.0,21.0,0.01261502131819725,0.0002
10014.0,21.0,0.020462876185774803,0.0002
10015.0,21.0,0.016443397849798203,0.0002
10016.0,21.0,0.013875385746359825,0.0002
10017.0,21.0,0.01605767384171486,0.0002
10018.0,21.0,0.019203484058380127,0.0002
10019.0,21.0,0.019533146172761917,0.0002
10020.0,21.0,0.014187335036695004,0.0002
10021.0,21.0,0.015550840646028519,0.0002
10022.0,21.0,0.01438855193555355,0.0002
10023.0,21.0,0.015032513998448849,0.0002
10024.0,21.0,0.013495691120624542,0.0002
10025.0,21.0,0.012837463058531284,0.0002
10026.0,21.0,0.017135927453637123,0.0002
10027.0,21.0,0.012691040523350239,0.0002
10028.0,21.0,0.016597190871834755,0.0002
10029.0,21.0,0.015247594565153122,0.0002
10030.0,21.0,0.012972116470336914,0.0002
10031.0,21.0,0.01910194754600525,0.0002
10032.0,21.0,0.017405644059181213,0.0002
10033.0,21.0,0.015040356665849686,0.0002
10034.0,21.0,0.01860113814473152,0.0002
10035.0,21.0,0.011438078247010708,0.0002
10036.0,21.0,0.018728142604231834,0.0002
10037.0,21.0,0.013890516012907028,0.0002
10038.0,21.0,0.011872399598360062,0.0002
10039.0,21.0,0.01489497721195221,0.0002
10040.0,21.0,0.022777345031499863,0.0002
10041.0,21.0,0.015227649360895157,0.0002
10042.0,21.0,0.01472005806863308,0.0002
10043.0,21.0,0.0171430055052042,0.0002
10044.0,21.0,0.017381859943270683,0.0002
10045.0,21.0,0.016769953072071075,0.0002
10046.0,21.0,0.01610211655497551,0.0002
10047.0,21.0,0.015662485733628273,0.0002
10048.0,21.0,0.01683925837278366,0.0002
10049.0,21.0,0.016435010358691216,0.0002
10050.0,21.0,0.01728154346346855,0.0002
10051.0,21.0,0.01617656648159027,0.0002
10052.0,21.0,0.01590866968035698,0.0002
10053.0,21.0,0.015856914222240448,0.0002
10054.0,21.0,0.012678751721978188,0.0002
10055.0,21.0,0.014820190146565437,0.0002
10056.0,21.0,0.012902995571494102,0.0002
10057.0,21.0,0.015628483146429062,0.0002
10058.0,21.0,0.016335278749465942,0.0002
10059.0,21.0,0.016303859651088715,0.0002
10060.0,21.0,0.019597787410020828,0.0002
10061.0,21.0,0.020528841763734818,0.0002
10062.0,21.0,0.012118791230022907,0.0002
10063.0,21.0,0.013208865188062191,0.0002
10064.0,21.0,0.014014361426234245,0.0002
10065.0,21.0,0.01622067764401436,0.0002
10066.0,21.0,0.015562811866402626,0.0002
10067.0,21.0,0.01573271118104458,0.0002
10068.0,21.0,0.01670115813612938,0.0002
10069.0,21.0,0.014263161458075047,0.0002
10070.0,21.0,0.015347195789217949,0.0002
10071.0,21.0,0.016935700550675392,0.0002
10072.0,21.0,0.015910044312477112,0.0002
10073.0,21.0,0.01454379502683878,0.0002
10074.0,21.0,0.011844901368021965,0.0002
10075.0,21.0,0.015263218432664871,0.0002
10076.0,21.0,0.017817188054323196,0.0002
10077.0,21.0,0.017813529819250107,0.0002
10078.0,21.0,0.020906861871480942,0.0002
10079.0,21.0,0.018341071903705597,0.0002
10080.0,21.0,0.015186614356935024,0.0002
10081.0,21.0,0.018171260133385658,0.0002
10082.0,21.0,0.014317352324724197,0.0002
10083.0,21.0,0.016345147043466568,0.0002
10084.0,21.0,0.017781158909201622,0.0002
10085.0,21.0,0.017093874514102936,0.0002
10086.0,21.0,0.021394891664385796,0.0002
10087.0,21.0,0.015984106808900833,0.0002
10088.0,21.0,0.016477828845381737,0.0002
10089.0,21.0,0.013018004596233368,0.0002
10090.0,21.0,0.016720177605748177,0.0002
10091.0,21.0,0.012675222009420395,0.0002
10092.0,21.0,0.01731252297759056,0.0002
10093.0,21.0,0.014608180150389671,0.0002
10094.0,21.0,0.015862692147493362,0.0002
10095.0,21.0,0.01864100806415081,0.0002
10096.0,21.0,0.019305959343910217,0.0002
10097.0,21.0,0.018088197335600853,0.0002
10098.0,21.0,0.013460345566272736,0.0002
10099.0,21.0,0.01786499097943306,0.0002
10100.0,21.0,0.01703519932925701,0.0002
10101.0,21.0,0.015225252136588097,0.0002
10102.0,21.0,0.019243746995925903,0.0002
10103.0,21.0,0.019624583423137665,0.0002
10104.0,21.0,0.017829596996307373,0.0002
10105.0,21.0,0.01428796723484993,0.0002
10106.0,21.0,0.01839412748813629,0.0002
10107.0,21.0,0.016380250453948975,0.0002
10108.0,21.0,0.013321971520781517,0.0002
10109.0,21.0,0.015608876012265682,0.0002
10110.0,21.0,0.018092699348926544,0.0002
10111.0,21.0,0.016580775380134583,0.0002
10112.0,21.0,0.01830063760280609,0.0002
10113.0,21.0,0.01443289965391159,0.0002
10114.0,21.0,0.015933779999613762,0.0002
10115.0,21.0,0.016807667911052704,0.0002
10116.0,21.0,0.018800903111696243,0.0002
10117.0,21.0,0.019530590623617172,0.0002
10118.0,21.0,0.016521213576197624,0.0002
10119.0,21.0,0.012857523746788502,0.0002
10120.0,21.0,0.015752078965306282,0.0002
10121.0,21.0,0.016339607536792755,0.0002
10122.0,21.0,0.013666712678968906,0.0002
10123.0,21.0,0.01375772524625063,0.0002
10124.0,21.0,0.017972759902477264,0.0002
10125.0,21.0,0.014154147356748581,0.0002
10126.0,21.0,0.01648739166557789,0.0002
10127.0,21.0,0.014197112992405891,0.0002
10128.0,21.0,0.016955336555838585,0.0002
10129.0,21.0,0.0184946246445179,0.0002
10130.0,21.0,0.015164454467594624,0.0002
10131.0,21.0,0.013040207326412201,0.0002
10132.0,21.0,0.012979640625417233,0.0002
10133.0,21.0,0.012675989419221878,0.0002
10134.0,21.0,0.015913166105747223,0.0002
10135.0,21.0,0.021402325481176376,0.0002
10136.0,21.0,0.018318351358175278,0.0002
10137.0,21.0,0.017801988869905472,0.0002
10138.0,21.0,0.016108984127640724,0.0002
10139.0,21.0,0.0172665324062109,0.0002
10140.0,21.0,0.016226204112172127,0.0002
10141.0,21.0,0.024072308093309402,0.0002
10142.0,21.0,0.016646992415189743,0.0002
10143.0,21.0,0.01978207752108574,0.0002
10144.0,21.0,0.016976406797766685,0.0002
10145.0,21.0,0.01898854970932007,0.0002
10146.0,21.0,0.014709164388477802,0.0002
10147.0,21.0,0.01477373018860817,0.0002
10148.0,21.0,0.017666712403297424,0.0002
10149.0,21.0,0.015744615346193314,0.0002
10150.0,21.0,0.014094257727265358,0.0002
10151.0,21.0,0.015962503850460052,0.0002
10152.0,21.0,0.01345849223434925,0.0002
10153.0,21.0,0.01983471028506756,0.0002
10154.0,21.0,0.019422460347414017,0.0002
10155.0,21.0,0.01839258521795273,0.0002
10156.0,21.0,0.016470639035105705,0.0002
10157.0,21.0,0.011794580146670341,0.0002
10158.0,21.0,0.012731137685477734,0.0002
10159.0,21.0,0.01527476217597723,0.0002
10160.0,21.0,0.018046937882900238,0.0002
10161.0,21.0,0.015794537961483,0.0002
10162.0,21.0,0.021783096715807915,0.0002
10163.0,21.0,0.012322453781962395,0.0002
10164.0,21.0,0.017777469009160995,0.0002
10165.0,21.0,0.018362388014793396,0.0002
10166.0,21.0,0.014592004008591175,0.0002
10167.0,21.0,0.017199121415615082,0.0002
10168.0,21.0,0.018842164427042007,0.0002
10169.0,21.0,0.02110322378575802,0.0002
10170.0,21.0,0.012869169004261494,0.0002
10171.0,21.0,0.012470271438360214,0.0002
10172.0,21.0,0.017144825309515,0.0002
10173.0,21.0,0.012659057974815369,0.0002
10174.0,21.0,0.01745910756289959,0.0002
10175.0,21.0,0.016809668391942978,0.0002
10176.0,21.0,0.016519514843821526,0.0002
10177.0,21.0,0.017765048891305923,0.0002
10178.0,21.0,0.015865027904510498,0.0002
10179.0,21.0,0.015191818587481976,0.0002
10180.0,21.0,0.012044079601764679,0.0002
10181.0,21.0,0.011773515492677689,0.0002
10182.0,21.0,0.013645390048623085,0.0002
10183.0,21.0,0.019812777638435364,0.0002
10184.0,21.0,0.015214994549751282,0.0002
10185.0,21.0,0.013131335377693176,0.0002
10186.0,21.0,0.01783294789493084,0.0002
10187.0,21.0,0.01856587640941143,0.0002
10188.0,21.0,0.017615702003240585,0.0002
10189.0,21.0,0.013922304846346378,0.0002
10190.0,21.0,0.016651194542646408,0.0002
10191.0,21.0,0.013805192895233631,0.0002
10192.0,21.0,0.0142216170206666,0.0002
10193.0,21.0,0.01362667791545391,0.0002
10194.0,21.0,0.016896329820156097,0.0002
10195.0,21.0,0.019892580807209015,0.0002
10196.0,21.0,0.017512720078229904,0.0002
10197.0,21.0,0.019686535000801086,0.0002
10198.0,21.0,0.016712890937924385,0.0002
10199.0,21.0,0.014081573113799095,0.0002
10200.0,21.0,0.016705673187971115,0.0002
10201.0,21.0,0.016240136697888374,0.0002
10202.0,21.0,0.017163092270493507,0.0002
10203.0,21.0,0.01638895273208618,0.0002
10204.0,21.0,0.01753152534365654,0.0002
10205.0,21.0,0.015057898126542568,0.0002
10206.0,21.0,0.014435998164117336,0.0002
10207.0,21.0,0.01658187061548233,0.0002
10208.0,21.0,0.015022553503513336,0.0002
10209.0,21.0,0.014612052589654922,0.0002
10210.0,21.0,0.012805866077542305,0.0002
10211.0,21.0,0.014527004212141037,0.0002
10212.0,21.0,0.01716751605272293,0.0002
10213.0,21.0,0.014782596379518509,0.0002
10214.0,21.0,0.017279524356126785,0.0002
10215.0,21.0,0.015745345503091812,0.0002
10216.0,21.0,0.01615164428949356,0.0002
10217.0,21.0,0.019441086798906326,0.0002
10218.0,21.0,0.016882460564374924,0.0002
10219.0,21.0,0.017018301412463188,0.0002
10220.0,21.0,0.013909289613366127,0.0002
10221.0,21.0,0.013907121494412422,0.0002
10222.0,21.0,0.016476839780807495,0.0002
10223.0,21.0,0.017262347042560577,0.0002
10224.0,21.0,0.01614581234753132,0.0002
10225.0,21.0,0.014771709218621254,0.0002
10226.0,21.0,0.01306987926363945,0.0002
10227.0,21.0,0.01575714536011219,0.0002
10228.0,21.0,0.014905355870723724,0.0002
10229.0,21.0,0.014405682682991028,0.0002
10230.0,21.0,0.0166693814098835,0.0002
10231.0,21.0,0.013582529500126839,0.0002
10232.0,21.0,0.017457861453294754,0.0002
10233.0,21.0,0.019728830084204674,0.0002
10234.0,21.0,0.018678978085517883,0.0002
10235.0,21.0,0.018366370350122452,0.0002
10236.0,21.0,0.021326543763279915,0.0002
10237.0,21.0,0.01314006932079792,0.0002
10238.0,21.0,0.016404299065470695,0.0002
10239.0,21.0,0.01816297136247158,0.0002
10240.0,21.0,0.015121327713131905,0.0002
10241.0,21.0,0.01325333584100008,0.0002
10242.0,21.0,0.017030522227287292,0.0002
10243.0,21.0,0.02011176571249962,0.0002
10244.0,21.0,0.013633214868605137,0.0002
10245.0,21.0,0.014218113385140896,0.0002
10246.0,21.0,0.013201162219047546,0.0002
10247.0,21.0,0.016329104080796242,0.0002
10248.0,21.0,0.01661323383450508,0.0002
10249.0,21.0,0.012273292988538742,0.0002
10250.0,21.0,0.017354702576994896,0.0002
10251.0,21.0,0.018221165984869003,0.0002
10252.0,21.0,0.014523777179419994,0.0002
10253.0,21.0,0.01524684950709343,0.0002
10254.0,21.0,0.015965282917022705,0.0002
10255.0,21.0,0.014287380501627922,0.0002
10256.0,21.0,0.014268399216234684,0.0002
10257.0,21.0,0.011486724950373173,0.0002
10258.0,21.0,0.01564028114080429,0.0002
10259.0,21.0,0.014871181920170784,0.0002
10260.0,21.0,0.01646554470062256,0.0002
10261.0,21.0,0.025465384125709534,0.0002
10262.0,21.0,0.017109598964452744,0.0002
10263.0,21.0,0.01943141408264637,0.0002
10264.0,21.0,0.018538247793912888,0.0002
10265.0,21.0,0.02043379843235016,0.0002
10266.0,21.0,0.015668820589780807,0.0002
10267.0,21.0,0.015546636655926704,0.0002
10268.0,21.0,0.014154361560940742,0.0002
10269.0,21.0,0.012467448599636555,0.0002
10270.0,21.0,0.016313979402184486,0.0002
10271.0,21.0,0.021053632721304893,0.0002
10272.0,21.0,0.013963717967271805,0.0002
10273.0,21.0,0.01341766957193613,0.0002
10274.0,21.0,0.015772320330142975,0.0002
10275.0,21.0,0.02159172296524048,0.0002
10276.0,21.0,0.018722275272011757,0.0002
10277.0,21.0,0.015552770346403122,0.0002
10278.0,21.0,0.01457124762237072,0.0002
10279.0,21.0,0.014631678350269794,0.0002
10280.0,21.0,0.01293026190251112,0.0002
10281.0,21.0,0.017513975501060486,0.0002
10282.0,21.0,0.01734836772084236,0.0002
10283.0,21.0,0.014630638062953949,0.0002
10284.0,21.0,0.020092755556106567,0.0002
10285.0,21.0,0.01571885496377945,0.0002
10286.0,21.0,0.015813209116458893,0.0002
10287.0,21.0,0.013988236896693707,0.0002
10288.0,21.0,0.01138620637357235,0.0002
10289.0,21.0,0.016717229038476944,0.0002
10290.0,21.0,0.016111217439174652,0.0002
10291.0,21.0,0.015262516215443611,0.0002
10292.0,21.0,0.018030283972620964,0.0002
10293.0,21.0,0.017241191118955612,0.0002
10294.0,21.0,0.01445276290178299,0.0002
10295.0,21.0,0.015704933553934097,0.0002
10296.0,21.0,0.019436217844486237,0.0002
10297.0,22.0,0.015283425338566303,0.0002
10298.0,22.0,0.017516735941171646,0.0002
10299.0,22.0,0.016428014263510704,0.0002
10300.0,22.0,0.012603187002241611,0.0002
10301.0,22.0,0.015271579846739769,0.0002
10302.0,22.0,0.01749357581138611,0.0002
10303.0,22.0,0.017035791650414467,0.0002
10304.0,22.0,0.017804626375436783,0.0002
10305.0,22.0,0.017269227653741837,0.0002
10306.0,22.0,0.01566864177584648,0.0002
10307.0,22.0,0.012426660396158695,0.0002
10308.0,22.0,0.016708094626665115,0.0002
10309.0,22.0,0.01838899776339531,0.0002
10310.0,22.0,0.013548163697123528,0.0002
10311.0,22.0,0.017511170357465744,0.0002
10312.0,22.0,0.014084609225392342,0.0002
10313.0,22.0,0.019422203302383423,0.0002
10314.0,22.0,0.013255761936306953,0.0002
10315.0,22.0,0.014399159699678421,0.0002
10316.0,22.0,0.014787341468036175,0.0002
10317.0,22.0,0.016539521515369415,0.0002
10318.0,22.0,0.01893528923392296,0.0002
10319.0,22.0,0.014886493794620037,0.0002
10320.0,22.0,0.014421356841921806,0.0002
10321.0,22.0,0.016270436346530914,0.0002
10322.0,22.0,0.01356564648449421,0.0002
10323.0,22.0,0.015979431569576263,0.0002
10324.0,22.0,0.01766263134777546,0.0002
10325.0,22.0,0.018066560849547386,0.0002
10326.0,22.0,0.022633563727140427,0.0002
10327.0,22.0,0.014541089534759521,0.0002
10328.0,22.0,0.014799393713474274,0.0002
10329.0,22.0,0.01448036264628172,0.0002
10330.0,22.0,0.017572907730937004,0.0002
10331.0,22.0,0.013810429722070694,0.0002
10332.0,22.0,0.014424055814743042,0.0002
10333.0,22.0,0.014367468655109406,0.0002
10334.0,22.0,0.017455164343118668,0.0002
10335.0,22.0,0.013695737347006798,0.0002
10336.0,22.0,0.016637928783893585,0.0002
10337.0,22.0,0.01879286952316761,0.0002
10338.0,22.0,0.015557634644210339,0.0002
10339.0,22.0,0.016655344516038895,0.0002
10340.0,22.0,0.016141146421432495,0.0002
10341.0,22.0,0.014985041692852974,0.0002
10342.0,22.0,0.014646826311945915,0.0002
10343.0,22.0,0.01502944529056549,0.0002
10344.0,22.0,0.016243133693933487,0.0002
10345.0,22.0,0.015746640041470528,0.0002
10346.0,22.0,0.015449405647814274,0.0002
10347.0,22.0,0.017192158848047256,0.0002
10348.0,22.0,0.014400947839021683,0.0002
10349.0,22.0,0.019744884222745895,0.0002
10350.0,22.0,0.013724408112466335,0.0002
10351.0,22.0,0.01635165885090828,0.0002
10352.0,22.0,0.016638444736599922,0.0002
10353.0,22.0,0.015905236825346947,0.0002
10354.0,22.0,0.015026437118649483,0.0002
10355.0,22.0,0.019542500376701355,0.0002
10356.0,22.0,0.014697499573230743,0.0002
10357.0,22.0,0.011544724926352501,0.0002
10358.0,22.0,0.013556104153394699,0.0002
10359.0,22.0,0.013451946899294853,0.0002
10360.0,22.0,0.01680980622768402,0.0002
10361.0,22.0,0.020091449841856956,0.0002
10362.0,22.0,0.019466599449515343,0.0002
10363.0,22.0,0.016445517539978027,0.0002
10364.0,22.0,0.017541391775012016,0.0002
10365.0,22.0,0.014858504757285118,0.0002
10366.0,22.0,0.01748964935541153,0.0002
10367.0,22.0,0.015005381777882576,0.0002
10368.0,22.0,0.01782778836786747,0.0002
10369.0,22.0,0.016695164144039154,0.0002
10370.0,22.0,0.013982940465211868,0.0002
10371.0,22.0,0.014186656102538109,0.0002
10372.0,22.0,0.017506130039691925,0.0002
10373.0,22.0,0.019506052136421204,0.0002
10374.0,22.0,0.017336634919047356,0.0002
10375.0,22.0,0.015533448196947575,0.0002
10376.0,22.0,0.015830758959054947,0.0002
10377.0,22.0,0.01488950103521347,0.0002
10378.0,22.0,0.012354191392660141,0.0002
10379.0,22.0,0.015293840318918228,0.0002
10380.0,22.0,0.0147562799975276,0.0002
10381.0,22.0,0.01830786094069481,0.0002
10382.0,22.0,0.01447995938360691,0.0002
10383.0,22.0,0.019362719729542732,0.0002
10384.0,22.0,0.014891709201037884,0.0002
10385.0,22.0,0.01516746450215578,0.0002
10386.0,22.0,0.015108698979020119,0.0002
10387.0,22.0,0.014089634642004967,0.0002
10388.0,22.0,0.018505599349737167,0.0002
10389.0,22.0,0.013198388740420341,0.0002
10390.0,22.0,0.013965988531708717,0.0002
10391.0,22.0,0.01477061677724123,0.0002
10392.0,22.0,0.0164117943495512,0.0002
10393.0,22.0,0.013060224242508411,0.0002
10394.0,22.0,0.014568544924259186,0.0002
10395.0,22.0,0.014833418652415276,0.0002
10396.0,22.0,0.013843442313373089,0.0002
10397.0,22.0,0.01560056209564209,0.0002
10398.0,22.0,0.015718458220362663,0.0002
10399.0,22.0,0.01710423454642296,0.0002
10400.0,22.0,0.01127473171800375,0.0002
10401.0,22.0,0.017565857619047165,0.0002
10402.0,22.0,0.015727028250694275,0.0002
10403.0,22.0,0.014832193031907082,0.0002
10404.0,22.0,0.013243080116808414,0.0002
10405.0,22.0,0.013461155816912651,0.0002
10406.0,22.0,0.014047509990632534,0.0002
10407.0,22.0,0.013207987882196903,0.0002
10408.0,22.0,0.012970439158380032,0.0002
10409.0,22.0,0.01540322694927454,0.0002
10410.0,22.0,0.014171257615089417,0.0002
10411.0,22.0,0.019491463899612427,0.0002
10412.0,22.0,0.01716727949678898,0.0002
10413.0,22.0,0.015157167799770832,0.0002
10414.0,22.0,0.018054204061627388,0.0002
10415.0,22.0,0.019529469311237335,0.0002
10416.0,22.0,0.011408224701881409,0.0002
10417.0,22.0,0.01818784698843956,0.0002
10418.0,22.0,0.018274445086717606,0.0002
10419.0,22.0,0.014830473810434341,0.0002
10420.0,22.0,0.020905159413814545,0.0002
10421.0,22.0,0.014800012111663818,0.0002
10422.0,22.0,0.019338980317115784,0.0002
10423.0,22.0,0.015014939941465855,0.0002
10424.0,22.0,0.015543529763817787,0.0002
10425.0,22.0,0.01548089925199747,0.0002
10426.0,22.0,0.01899385266005993,0.0002
10427.0,22.0,0.019825316965579987,0.0002
10428.0,22.0,0.017241816967725754,0.0002
10429.0,22.0,0.01858954131603241,0.0002
10430.0,22.0,0.016955967992544174,0.0002
10431.0,22.0,0.014896098524332047,0.0002
10432.0,22.0,0.014803598634898663,0.0002
10433.0,22.0,0.014692127704620361,0.0002
10434.0,22.0,0.015934821218252182,0.0002
10435.0,22.0,0.015515903010964394,0.0002
10436.0,22.0,0.01292884536087513,0.0002
10437.0,22.0,0.01228401530534029,0.0002
10438.0,22.0,0.016971789300441742,0.0002
10439.0,22.0,0.016142308712005615,0.0002
10440.0,22.0,0.0169382244348526,0.0002
10441.0,22.0,0.018240805715322495,0.0002
10442.0,22.0,0.016248557716608047,0.0002
10443.0,22.0,0.015483373776078224,0.0002
10444.0,22.0,0.014761692844331264,0.0002
10445.0,22.0,0.018026970326900482,0.0002
10446.0,22.0,0.013557222671806812,0.0002
10447.0,22.0,0.01547738816589117,0.0002
10448.0,22.0,0.017091237008571625,0.0002
10449.0,22.0,0.015124729834496975,0.0002
10450.0,22.0,0.01662585511803627,0.0002
10451.0,22.0,0.014586583711206913,0.0002
10452.0,22.0,0.015399768017232418,0.0002
10453.0,22.0,0.018574468791484833,0.0002
10454.0,22.0,0.014704136177897453,0.0002
10455.0,22.0,0.01706014573574066,0.0002
10456.0,22.0,0.013933898881077766,0.0002
10457.0,22.0,0.017400730401277542,0.0002
10458.0,22.0,0.017861738801002502,0.0002
10459.0,22.0,0.01513017900288105,0.0002
10460.0,22.0,0.015957403928041458,0.0002
10461.0,22.0,0.018321610987186432,0.0002
10462.0,22.0,0.016761157661676407,0.0002
10463.0,22.0,0.017758846282958984,0.0002
10464.0,22.0,0.01621255651116371,0.0002
10465.0,22.0,0.017223961651325226,0.0002
10466.0,22.0,0.015241107903420925,0.0002
10467.0,22.0,0.019203778356313705,0.0002
10468.0,22.0,0.017463404685258865,0.0002
10469.0,22.0,0.01631305180490017,0.0002
10470.0,22.0,0.016499869525432587,0.0002
10471.0,22.0,0.018495814874768257,0.0002
10472.0,22.0,0.012160012498497963,0.0002
10473.0,22.0,0.014513838104903698,0.0002
10474.0,22.0,0.014566963538527489,0.0002
10475.0,22.0,0.014369970187544823,0.0002
10476.0,22.0,0.017110582441091537,0.0002
10477.0,22.0,0.012877501547336578,0.0002
10478.0,22.0,0.013380010612308979,0.0002
10479.0,22.0,0.01789608784019947,0.0002
10480.0,22.0,0.016817331314086914,0.0002
10481.0,22.0,0.014328383840620518,0.0002
10482.0,22.0,0.01184531208127737,0.0002
10483.0,22.0,0.012720983475446701,0.0002
10484.0,22.0,0.014215610921382904,0.0002
10485.0,22.0,0.01762619987130165,0.0002
10486.0,22.0,0.015478875488042831,0.0002
10487.0,22.0,0.014824280515313148,0.0002
10488.0,22.0,0.01374901458621025,0.0002
10489.0,22.0,0.0187668576836586,0.0002
10490.0,22.0,0.015405570156872272,0.0002
10491.0,22.0,0.01946929842233658,0.0002
10492.0,22.0,0.01245023775845766,0.0002
10493.0,22.0,0.013631908223032951,0.0002
10494.0,22.0,0.018889449536800385,0.0002
10495.0,22.0,0.015236448496580124,0.0002
10496.0,22.0,0.01770665869116783,0.0002
10497.0,22.0,0.01583588309586048,0.0002
10498.0,22.0,0.019236264750361443,0.0002
10499.0,22.0,0.01634225994348526,0.0002
10500.0,22.0,0.016456274315714836,0.0002
10501.0,22.0,0.01436622440814972,0.0002
10502.0,22.0,0.017947718501091003,0.0002
10503.0,22.0,0.01759439706802368,0.0002
10504.0,22.0,0.019303256645798683,0.0002
10505.0,22.0,0.01444226037710905,0.0002
10506.0,22.0,0.01717701368033886,0.0002
10507.0,22.0,0.014323323965072632,0.0002
10508.0,22.0,0.01945231854915619,0.0002
10509.0,22.0,0.016838664188981056,0.0002
10510.0,22.0,0.016542941331863403,0.0002
10511.0,22.0,0.016923870891332626,0.0002
10512.0,22.0,0.01834884285926819,0.0002
10513.0,22.0,0.011822192929685116,0.0002
10514.0,22.0,0.016134627163410187,0.0002
10515.0,22.0,0.012505413964390755,0.0002
10516.0,22.0,0.019356200471520424,0.0002
10517.0,22.0,0.013213771395385265,0.0002
10518.0,22.0,0.015831097960472107,0.0002
10519.0,22.0,0.01869782991707325,0.0002
10520.0,22.0,0.015843847766518593,0.0002
10521.0,22.0,0.01634988933801651,0.0002
10522.0,22.0,0.013782167807221413,0.0002
10523.0,22.0,0.012364087626338005,0.0002
10524.0,22.0,0.014233529567718506,0.0002
10525.0,22.0,0.013898128643631935,0.0002
10526.0,22.0,0.01734483614563942,0.0002
10527.0,22.0,0.017621401697397232,0.0002
10528.0,22.0,0.014584841206669807,0.0002
10529.0,22.0,0.01695733517408371,0.0002
10530.0,22.0,0.015611295588314533,0.0002
10531.0,22.0,0.015677526593208313,0.0002
10532.0,22.0,0.013541157357394695,0.0002
10533.0,22.0,0.012880481779575348,0.0002
10534.0,22.0,0.01504058763384819,0.0002
10535.0,22.0,0.01702786237001419,0.0002
10536.0,22.0,0.02201341837644577,0.0002
10537.0,22.0,0.015537755563855171,0.0002
10538.0,22.0,0.014773949049413204,0.0002
10539.0,22.0,0.01660420000553131,0.0002
10540.0,22.0,0.019090507179498672,0.0002
10541.0,22.0,0.015249115414917469,0.0002
10542.0,22.0,0.019277423620224,0.0002
10543.0,22.0,0.014057975262403488,0.0002
10544.0,22.0,0.01144797820597887,0.0002
10545.0,22.0,0.01200782135128975,0.0002
10546.0,22.0,0.01741020940244198,0.0002
10547.0,22.0,0.014735645614564419,0.0002
10548.0,22.0,0.012336854822933674,0.0002
10549.0,22.0,0.017458977177739143,0.0002
10550.0,22.0,0.011786241084337234,0.0002
10551.0,22.0,0.013315701857209206,0.0002
10552.0,22.0,0.01551644317805767,0.0002
10553.0,22.0,0.015071434900164604,0.0002
10554.0,22.0,0.013074349611997604,0.0002
10555.0,22.0,0.014397624880075455,0.0002
10556.0,22.0,0.0126977963373065,0.0002
10557.0,22.0,0.015727665275335312,0.0002
10558.0,22.0,0.01563391461968422,0.0002
10559.0,22.0,0.01725347712635994,0.0002
10560.0,22.0,0.01276053674519062,0.0002
10561.0,22.0,0.01588388718664646,0.0002
10562.0,22.0,0.016550399363040924,0.0002
10563.0,22.0,0.014990518800914288,0.0002
10564.0,22.0,0.01574299857020378,0.0002
10565.0,22.0,0.016396034508943558,0.0002
10566.0,22.0,0.020434536039829254,0.0002
10567.0,22.0,0.014925288036465645,0.0002
10568.0,22.0,0.018562529236078262,0.0002
10569.0,22.0,0.016530834138393402,0.0002
10570.0,22.0,0.01929813250899315,0.0002
10571.0,22.0,0.01631680130958557,0.0002
10572.0,22.0,0.014723990112543106,0.0002
10573.0,22.0,0.014638306573033333,0.0002
10574.0,22.0,0.0170306209474802,0.0002
10575.0,22.0,0.018604595214128494,0.0002
10576.0,22.0,0.01397744845598936,0.0002
10577.0,22.0,0.015924546867609024,0.0002
10578.0,22.0,0.017364617437124252,0.0002
10579.0,22.0,0.01314411498606205,0.0002
10580.0,22.0,0.011533578857779503,0.0002
10581.0,22.0,0.019599400460720062,0.0002
10582.0,22.0,0.015429237857460976,0.0002
10583.0,22.0,0.01768461987376213,0.0002
10584.0,22.0,0.015743039548397064,0.0002
10585.0,22.0,0.013008738867938519,0.0002
10586.0,22.0,0.015855051577091217,0.0002
10587.0,22.0,0.016468308866024017,0.0002
10588.0,22.0,0.01544982846826315,0.0002
10589.0,22.0,0.01153870951384306,0.0002
10590.0,22.0,0.015498435124754906,0.0002
10591.0,22.0,0.014633655548095703,0.0002
10592.0,22.0,0.015563538298010826,0.0002
10593.0,22.0,0.01729230396449566,0.0002
10594.0,22.0,0.013616282492876053,0.0002
10595.0,22.0,0.01732465997338295,0.0002
10596.0,22.0,0.016254104673862457,0.0002
10597.0,22.0,0.023639004677534103,0.0002
10598.0,22.0,0.017660409212112427,0.0002
10599.0,22.0,0.013184938579797745,0.0002
10600.0,22.0,0.01188935898244381,0.0002
10601.0,22.0,0.01482091099023819,0.0002
10602.0,22.0,0.016558179631829262,0.0002
10603.0,22.0,0.014079302549362183,0.0002
10604.0,22.0,0.016520410776138306,0.0002
10605.0,22.0,0.015700602903962135,0.0002
10606.0,22.0,0.0176688302308321,0.0002
10607.0,22.0,0.01701568067073822,0.0002
10608.0,22.0,0.01540297456085682,0.0002
10609.0,22.0,0.014714913442730904,0.0002
10610.0,22.0,0.013328569009900093,0.0002
10611.0,22.0,0.014004731550812721,0.0002
10612.0,22.0,0.015698207542300224,0.0002
10613.0,22.0,0.01673875004053116,0.0002
10614.0,22.0,0.015646085143089294,0.0002
10615.0,22.0,0.014288166537880898,0.0002
10616.0,22.0,0.019005972892045975,0.0002
10617.0,22.0,0.013041879050433636,0.0002
10618.0,22.0,0.015839410945773125,0.0002
10619.0,22.0,0.015324186533689499,0.0002
10620.0,22.0,0.015510095283389091,0.0002
10621.0,22.0,0.014765087515115738,0.0002
10622.0,22.0,0.018065039068460464,0.0002
10623.0,22.0,0.017107060179114342,0.0002
10624.0,22.0,0.014655969105660915,0.0002
10625.0,22.0,0.01611991599202156,0.0002
10626.0,22.0,0.018218401819467545,0.0002
10627.0,22.0,0.016064494848251343,0.0002
10628.0,22.0,0.01622563600540161,0.0002
10629.0,22.0,0.012552084401249886,0.0002
10630.0,22.0,0.015924422070384026,0.0002
10631.0,22.0,0.017799261957406998,0.0002
10632.0,22.0,0.01600944809615612,0.0002
10633.0,22.0,0.012930922210216522,0.0002
10634.0,22.0,0.015239695087075233,0.0002
10635.0,22.0,0.014388162642717361,0.0002
10636.0,22.0,0.01915835216641426,0.0002
10637.0,22.0,0.016163574531674385,0.0002
10638.0,22.0,0.021417370066046715,0.0002
10639.0,22.0,0.01577792316675186,0.0002
10640.0,22.0,0.017615851014852524,0.0002
10641.0,22.0,0.01752084493637085,0.0002
10642.0,22.0,0.019002152606844902,0.0002
10643.0,22.0,0.01850818283855915,0.0002
10644.0,22.0,0.01574605517089367,0.0002
10645.0,22.0,0.0166628360748291,0.0002
10646.0,22.0,0.013757143169641495,0.0002
10647.0,22.0,0.014733828604221344,0.0002
10648.0,22.0,0.017830628901720047,0.0002
10649.0,22.0,0.013738617300987244,0.0002
10650.0,22.0,0.015686262398958206,0.0002
10651.0,22.0,0.013847824186086655,0.0002
10652.0,22.0,0.015358241274952888,0.0002
10653.0,22.0,0.014557159505784512,0.0002
10654.0,22.0,0.01421815250068903,0.0002
10655.0,22.0,0.01783706806600094,0.0002
10656.0,22.0,0.01805265061557293,0.0002
10657.0,22.0,0.013127341866493225,0.0002
10658.0,22.0,0.013864889740943909,0.0002
10659.0,22.0,0.017305266112089157,0.0002
10660.0,22.0,0.016032688319683075,0.0002
10661.0,22.0,0.014005009084939957,0.0002
10662.0,22.0,0.013569392263889313,0.0002
10663.0,22.0,0.014223028905689716,0.0002
10664.0,22.0,0.014005123637616634,0.0002
10665.0,22.0,0.015763768926262856,0.0002
10666.0,22.0,0.010914240032434464,0.0002
10667.0,22.0,0.01604832522571087,0.0002
10668.0,22.0,0.014575250446796417,0.0002
10669.0,22.0,0.015462036244571209,0.0002
10670.0,22.0,0.017031162977218628,0.0002
10671.0,22.0,0.018026437610387802,0.0002
10672.0,22.0,0.014342838898301125,0.0002
10673.0,22.0,0.018641768023371696,0.0002
10674.0,22.0,0.014002256095409393,0.0002
10675.0,22.0,0.014337449334561825,0.0002
10676.0,22.0,0.022868916392326355,0.0002
10677.0,22.0,0.013638795353472233,0.0002
10678.0,22.0,0.015696166083216667,0.0002
10679.0,22.0,0.01612362451851368,0.0002
10680.0,22.0,0.016780097037553787,0.0002
10681.0,22.0,0.018442191183567047,0.0002
10682.0,22.0,0.019370703026652336,0.0002
10683.0,22.0,0.012251834385097027,0.0002
10684.0,22.0,0.022293362766504288,0.0002
10685.0,22.0,0.013233548030257225,0.0002
10686.0,22.0,0.017438016831874847,0.0002
10687.0,22.0,0.012567855417728424,0.0002
10688.0,22.0,0.016089271754026413,0.0002
10689.0,22.0,0.015850309282541275,0.0002
10690.0,22.0,0.014586694538593292,0.0002
10691.0,22.0,0.014627097174525261,0.0002
10692.0,22.0,0.013751264661550522,0.0002
10693.0,22.0,0.012629043310880661,0.0002
10694.0,22.0,0.014914196915924549,0.0002
10695.0,22.0,0.011333398520946503,0.0002
10696.0,22.0,0.01747700572013855,0.0002
10697.0,22.0,0.017947077751159668,0.0002
10698.0,22.0,0.018155977129936218,0.0002
10699.0,22.0,0.016695544123649597,0.0002
10700.0,22.0,0.02056971564888954,0.0002
10701.0,22.0,0.015900082886219025,0.0002
10702.0,22.0,0.022888144478201866,0.0002
10703.0,22.0,0.02047199383378029,0.0002
10704.0,22.0,0.012369518168270588,0.0002
10705.0,22.0,0.013941613957285881,0.0002
10706.0,22.0,0.019243022426962852,0.0002
10707.0,22.0,0.015559894032776356,0.0002
10708.0,22.0,0.017520904541015625,0.0002
10709.0,22.0,0.014279909431934357,0.0002
10710.0,22.0,0.016691118478775024,0.0002
10711.0,22.0,0.02022089995443821,0.0002
10712.0,22.0,0.01552144717425108,0.0002
10713.0,22.0,0.01740252785384655,0.0002
10714.0,22.0,0.01758791320025921,0.0002
10715.0,22.0,0.012407408095896244,0.0002
10716.0,22.0,0.013778485357761383,0.0002
10717.0,22.0,0.017081432044506073,0.0002
10718.0,22.0,0.013784782961010933,0.0002
10719.0,22.0,0.014131712727248669,0.0002
10720.0,22.0,0.01312345638871193,0.0002
10721.0,22.0,0.01701585203409195,0.0002
10722.0,22.0,0.017487073317170143,0.0002
10723.0,22.0,0.01709100604057312,0.0002
10724.0,22.0,0.018953673541545868,0.0002
10725.0,22.0,0.015577683225274086,0.0002
10726.0,22.0,0.016986526548862457,0.0002
10727.0,22.0,0.01400277204811573,0.0002
10728.0,22.0,0.016110755503177643,0.0002
10729.0,22.0,0.015931982547044754,0.0002
10730.0,22.0,0.01750827208161354,0.0002
10731.0,22.0,0.013473358005285263,0.0002
10732.0,22.0,0.020558642223477364,0.0002
10733.0,22.0,0.01789257675409317,0.0002
10734.0,22.0,0.01382970530539751,0.0002
10735.0,22.0,0.01584191434085369,0.0002
10736.0,22.0,0.015589271672070026,0.0002
10737.0,22.0,0.013130120933055878,0.0002
10738.0,22.0,0.014880988746881485,0.0002
10739.0,22.0,0.01691712997853756,0.0002
10740.0,22.0,0.015099096111953259,0.0002
10741.0,22.0,0.018994752317667007,0.0002
10742.0,22.0,0.01808534935116768,0.0002
10743.0,22.0,0.01772662252187729,0.0002
10744.0,22.0,0.01238047145307064,0.0002
10745.0,22.0,0.01308609638363123,0.0002
10746.0,22.0,0.014484255574643612,0.0002
10747.0,22.0,0.014902941882610321,0.0002
10748.0,22.0,0.01372137013822794,0.0002
10749.0,22.0,0.01488539855927229,0.0002
10750.0,22.0,0.014704950153827667,0.0002
10751.0,22.0,0.016866493970155716,0.0002
10752.0,22.0,0.017561523243784904,0.0002
10753.0,22.0,0.016765259206295013,0.0002
10754.0,22.0,0.0159077737480402,0.0002
10755.0,22.0,0.015959592536091805,0.0002
10756.0,22.0,0.01465043518692255,0.0002
10757.0,22.0,0.013642335310578346,0.0002
10758.0,22.0,0.017593439668416977,0.0002
10759.0,22.0,0.0172392800450325,0.0002
10760.0,22.0,0.013839054852724075,0.0002
10761.0,22.0,0.015753474086523056,0.0002
10762.0,22.0,0.014464299194514751,0.0002
10763.0,22.0,0.017439845949411392,0.0002
10764.0,22.0,0.01641276106238365,0.0002
10765.0,23.0,0.015525534749031067,0.0002
10766.0,23.0,0.01698606088757515,0.0002
10767.0,23.0,0.016106456518173218,0.0002
10768.0,23.0,0.016286758705973625,0.0002
10769.0,23.0,0.01851794868707657,0.0002
10770.0,23.0,0.015752432867884636,0.0002
10771.0,23.0,0.014586683362722397,0.0002
10772.0,23.0,0.017651010304689407,0.0002
10773.0,23.0,0.012560843490064144,0.0002
10774.0,23.0,0.012567470781505108,0.0002
10775.0,23.0,0.01865396648645401,0.0002
10776.0,23.0,0.023357512429356575,0.0002
10777.0,23.0,0.014716490171849728,0.0002
10778.0,23.0,0.016707483679056168,0.0002
10779.0,23.0,0.014368154108524323,0.0002
10780.0,23.0,0.016800401732325554,0.0002
10781.0,23.0,0.01723169907927513,0.0002
10782.0,23.0,0.0157804973423481,0.0002
10783.0,23.0,0.014268826693296432,0.0002
10784.0,23.0,0.013976297341287136,0.0002
10785.0,23.0,0.016058657318353653,0.0002
10786.0,23.0,0.016077637672424316,0.0002
10787.0,23.0,0.012711187824606895,0.0002
10788.0,23.0,0.015859287232160568,0.0002
10789.0,23.0,0.016877157613635063,0.0002
10790.0,23.0,0.012991417199373245,0.0002
10791.0,23.0,0.015318977646529675,0.0002
10792.0,23.0,0.016625547781586647,0.0002
10793.0,23.0,0.017966022714972496,0.0002
10794.0,23.0,0.02023107372224331,0.0002
10795.0,23.0,0.015865623950958252,0.0002
10796.0,23.0,0.015983399003744125,0.0002
10797.0,23.0,0.01466017123311758,0.0002
10798.0,23.0,0.01839200034737587,0.0002
10799.0,23.0,0.021060185506939888,0.0002
10800.0,23.0,0.01656705141067505,0.0002
10801.0,23.0,0.020944470539689064,0.0002
10802.0,23.0,0.01302403211593628,0.0002
10803.0,23.0,0.01684405840933323,0.0002
10804.0,23.0,0.014522520825266838,0.0002
10805.0,23.0,0.013727066107094288,0.0002
10806.0,23.0,0.01524367742240429,0.0002
10807.0,23.0,0.014405324123799801,0.0002
10808.0,23.0,0.012898680754005909,0.0002
10809.0,23.0,0.013317884877324104,0.0002
10810.0,23.0,0.014016696251928806,0.0002
10811.0,23.0,0.018390106037259102,0.0002
10812.0,23.0,0.016972804442048073,0.0002
10813.0,23.0,0.01162759680300951,0.0002
10814.0,23.0,0.017931196838617325,0.0002
10815.0,23.0,0.015639187768101692,0.0002
10816.0,23.0,0.015849627554416656,0.0002
10817.0,23.0,0.015835974365472794,0.0002
10818.0,23.0,0.013508838601410389,0.0002
10819.0,23.0,0.01637204922735691,0.0002
10820.0,23.0,0.012010673061013222,0.0002
10821.0,23.0,0.017456218600273132,0.0002
10822.0,23.0,0.016862958669662476,0.0002
10823.0,23.0,0.016881637275218964,0.0002
10824.0,23.0,0.015538584440946579,0.0002
10825.0,23.0,0.019909080117940903,0.0002
10826.0,23.0,0.014758549630641937,0.0002
10827.0,23.0,0.016442013904452324,0.0002
10828.0,23.0,0.014114296063780785,0.0002
10829.0,23.0,0.014003876596689224,0.0002
10830.0,23.0,0.014248335734009743,0.0002
10831.0,23.0,0.013429569080471992,0.0002
10832.0,23.0,0.012083061039447784,0.0002
10833.0,23.0,0.013002904132008553,0.0002
10834.0,23.0,0.018390873447060585,0.0002
10835.0,23.0,0.01753775030374527,0.0002
10836.0,23.0,0.015656936913728714,0.0002
10837.0,23.0,0.01990395225584507,0.0002
10838.0,23.0,0.015398162417113781,0.0002
10839.0,23.0,0.01701010763645172,0.0002
10840.0,23.0,0.01360947173088789,0.0002
10841.0,23.0,0.013460729271173477,0.0002
10842.0,23.0,0.016732513904571533,0.0002
10843.0,23.0,0.01647736132144928,0.0002
10844.0,23.0,0.017317291349172592,0.0002
10845.0,23.0,0.015449535101652145,0.0002
10846.0,23.0,0.017579708248376846,0.0002
10847.0,23.0,0.017046045511960983,0.0002
10848.0,23.0,0.018152955919504166,0.0002
10849.0,23.0,0.0161714069545269,0.0002
10850.0,23.0,0.018384281545877457,0.0002
10851.0,23.0,0.017506524920463562,0.0002
10852.0,23.0,0.017687322571873665,0.0002
10853.0,23.0,0.014819844625890255,0.0002
10854.0,23.0,0.014138329774141312,0.0002
10855.0,23.0,0.017471272498369217,0.0002
10856.0,23.0,0.013030178844928741,0.0002
10857.0,23.0,0.015030378475785255,0.0002
10858.0,23.0,0.016848601400852203,0.0002
10859.0,23.0,0.017251595854759216,0.0002
10860.0,23.0,0.016538536176085472,0.0002
10861.0,23.0,0.017226101830601692,0.0002
10862.0,23.0,0.019902007654309273,0.0002
10863.0,23.0,0.01301293633878231,0.0002
10864.0,23.0,0.013337543234229088,0.0002
10865.0,23.0,0.019105810672044754,0.0002
10866.0,23.0,0.009928282350301743,0.0002
10867.0,23.0,0.023860950022935867,0.0002
10868.0,23.0,0.01781931333243847,0.0002
10869.0,23.0,0.018350308761000633,0.0002
10870.0,23.0,0.017272770404815674,0.0002
10871.0,23.0,0.014411340467631817,0.0002
10872.0,23.0,0.016802746802568436,0.0002
10873.0,23.0,0.015811743214726448,0.0002
10874.0,23.0,0.013140587136149406,0.0002
10875.0,23.0,0.016002241522073746,0.0002
10876.0,23.0,0.014846648089587688,0.0002
10877.0,23.0,0.014546473510563374,0.0002
10878.0,23.0,0.013482924550771713,0.0002
10879.0,23.0,0.01629079133272171,0.0002
10880.0,23.0,0.015240717679262161,0.0002
10881.0,23.0,0.01604522578418255,0.0002
10882.0,23.0,0.017306558787822723,0.0002
10883.0,23.0,0.017732270061969757,0.0002
10884.0,23.0,0.013388777151703835,0.0002
10885.0,23.0,0.016202211380004883,0.0002
10886.0,23.0,0.018470898270606995,0.0002
10887.0,23.0,0.015829822048544884,0.0002
10888.0,23.0,0.016213081777095795,0.0002
10889.0,23.0,0.017669128254055977,0.0002
10890.0,23.0,0.016251131892204285,0.0002
10891.0,23.0,0.02001040242612362,0.0002
10892.0,23.0,0.014141193591058254,0.0002
10893.0,23.0,0.015406806021928787,0.0002
10894.0,23.0,0.01693359762430191,0.0002
10895.0,23.0,0.016485631465911865,0.0002
10896.0,23.0,0.016275562345981598,0.0002
10897.0,23.0,0.018560918048024178,0.0002
10898.0,23.0,0.013544537127017975,0.0002
10899.0,23.0,0.018679630011320114,0.0002
10900.0,23.0,0.014294443652033806,0.0002
10901.0,23.0,0.016829974949359894,0.0002
10902.0,23.0,0.015248987823724747,0.0002
10903.0,23.0,0.018276173621416092,0.0002
10904.0,23.0,0.012630017474293709,0.0002
10905.0,23.0,0.016987891867756844,0.0002
10906.0,23.0,0.014350367709994316,0.0002
10907.0,23.0,0.017105180770158768,0.0002
10908.0,23.0,0.01659686118364334,0.0002
10909.0,23.0,0.015506277792155743,0.0002
10910.0,23.0,0.01860298588871956,0.0002
10911.0,23.0,0.014904676005244255,0.0002
10912.0,23.0,0.018951237201690674,0.0002
10913.0,23.0,0.017703847959637642,0.0002
10914.0,23.0,0.0169144906103611,0.0002
10915.0,23.0,0.014347365126013756,0.0002
10916.0,23.0,0.019238019362092018,0.0002
10917.0,23.0,0.017169196158647537,0.0002
10918.0,23.0,0.014917594380676746,0.0002
10919.0,23.0,0.013658491894602776,0.0002
10920.0,23.0,0.01268916204571724,0.0002
10921.0,23.0,0.01605379581451416,0.0002
10922.0,23.0,0.018316157162189484,0.0002
10923.0,23.0,0.016821950674057007,0.0002
10924.0,23.0,0.01489875465631485,0.0002
10925.0,23.0,0.011254444718360901,0.0002
10926.0,23.0,0.01763775758445263,0.0002
10927.0,23.0,0.015900101512670517,0.0002
10928.0,23.0,0.017374839633703232,0.0002
10929.0,23.0,0.01487060822546482,0.0002
10930.0,23.0,0.01577630452811718,0.0002
10931.0,23.0,0.017149105668067932,0.0002
10932.0,23.0,0.011563574895262718,0.0002
10933.0,23.0,0.016592657193541527,0.0002
10934.0,23.0,0.015154385939240456,0.0002
10935.0,23.0,0.015489582903683186,0.0002
10936.0,23.0,0.016425903886556625,0.0002
10937.0,23.0,0.015574156306684017,0.0002
10938.0,23.0,0.015347070060670376,0.0002
10939.0,23.0,0.0142623670399189,0.0002
10940.0,23.0,0.014277600683271885,0.0002
10941.0,23.0,0.01611308380961418,0.0002
10942.0,23.0,0.0156254805624485,0.0002
10943.0,23.0,0.014625701121985912,0.0002
10944.0,23.0,0.01634526066482067,0.0002
10945.0,23.0,0.010415937751531601,0.0002
10946.0,23.0,0.015052102506160736,0.0002
10947.0,23.0,0.014239057898521423,0.0002
10948.0,23.0,0.017807941883802414,0.0002
10949.0,23.0,0.014570074155926704,0.0002
10950.0,23.0,0.014987833797931671,0.0002
10951.0,23.0,0.017266804352402687,0.0002
10952.0,23.0,0.016131695359945297,0.0002
10953.0,23.0,0.016260646283626556,0.0002
10954.0,23.0,0.014592909254133701,0.0002
10955.0,23.0,0.017531482502818108,0.0002
10956.0,23.0,0.015499131754040718,0.0002
10957.0,23.0,0.015816543251276016,0.0002
10958.0,23.0,0.017971640452742577,0.0002
10959.0,23.0,0.013858028687536716,0.0002
10960.0,23.0,0.012881467118859291,0.0002
10961.0,23.0,0.019009841606020927,0.0002
10962.0,23.0,0.016379253938794136,0.0002
10963.0,23.0,0.01532873883843422,0.0002
10964.0,23.0,0.011938324198126793,0.0002
10965.0,23.0,0.012264758348464966,0.0002
10966.0,23.0,0.014867501333355904,0.0002
10967.0,23.0,0.015435599721968174,0.0002
10968.0,23.0,0.011814972385764122,0.0002
10969.0,23.0,0.013949709944427013,0.0002
10970.0,23.0,0.01498454250395298,0.0002
10971.0,23.0,0.01585652492940426,0.0002
10972.0,23.0,0.01632631942629814,0.0002
10973.0,23.0,0.01587415114045143,0.0002
10974.0,23.0,0.012010601349174976,0.0002
10975.0,23.0,0.012316284701228142,0.0002
10976.0,23.0,0.013700632378458977,0.0002
10977.0,23.0,0.013546223752200603,0.0002
10978.0,23.0,0.013598431833088398,0.0002
10979.0,23.0,0.014556528069078922,0.0002
10980.0,23.0,0.018690239638090134,0.0002
10981.0,23.0,0.012243635952472687,0.0002
10982.0,23.0,0.018255120143294334,0.0002
10983.0,23.0,0.012284964323043823,0.0002
10984.0,23.0,0.012579158879816532,0.0002
10985.0,23.0,0.014205876737833023,0.0002
10986.0,23.0,0.012793496251106262,0.0002
10987.0,23.0,0.013178715482354164,0.0002
10988.0,23.0,0.01453214418143034,0.0002
10989.0,23.0,0.014049205929040909,0.0002
10990.0,23.0,0.017935989424586296,0.0002
10991.0,23.0,0.01581026241183281,0.0002
10992.0,23.0,0.014264343306422234,0.0002
10993.0,23.0,0.01968161016702652,0.0002
10994.0,23.0,0.013287189416587353,0.0002
10995.0,23.0,0.013638422824442387,0.0002
10996.0,23.0,0.01445700041949749,0.0002
10997.0,23.0,0.01903567463159561,0.0002
10998.0,23.0,0.01446596160531044,0.0002
10999.0,23.0,0.01760908216238022,0.0002
11000.0,23.0,0.018027082085609436,0.0002
11001.0,23.0,0.016402147710323334,0.0002
11002.0,23.0,0.016919253394007683,0.0002
11003.0,23.0,0.014017635025084019,0.0002
11004.0,23.0,0.01576835662126541,0.0002
11005.0,23.0,0.011873263865709305,0.0002
11006.0,23.0,0.014010871760547161,0.0002
11007.0,23.0,0.012910203076899052,0.0002
11008.0,23.0,0.018712202087044716,0.0002
11009.0,23.0,0.01795933023095131,0.0002
11010.0,23.0,0.011993540450930595,0.0002
11011.0,23.0,0.01702355034649372,0.0002
11012.0,23.0,0.015143122524023056,0.0002
11013.0,23.0,0.016198784112930298,0.0002
11014.0,23.0,0.014974595978856087,0.0002
11015.0,23.0,0.01608642190694809,0.0002
11016.0,23.0,0.01604529842734337,0.0002
11017.0,23.0,0.0142380241304636,0.0002
11018.0,23.0,0.011649204418063164,0.0002
11019.0,23.0,0.01401849277317524,0.0002
11020.0,23.0,0.016817905008792877,0.0002
11021.0,23.0,0.016451627016067505,0.0002
11022.0,23.0,0.0183439739048481,0.0002
11023.0,23.0,0.013021955266594887,0.0002
11024.0,23.0,0.012974029406905174,0.0002
11025.0,23.0,0.019620150327682495,0.0002
11026.0,23.0,0.02000144124031067,0.0002
11027.0,23.0,0.013667871244251728,0.0002
11028.0,23.0,0.01782909967005253,0.0002
11029.0,23.0,0.01354418508708477,0.0002
11030.0,23.0,0.01944725215435028,0.0002
11031.0,23.0,0.017144538462162018,0.0002
11032.0,23.0,0.01120302639901638,0.0002
11033.0,23.0,0.015156377106904984,0.0002
11034.0,23.0,0.01459756214171648,0.0002
11035.0,23.0,0.015770597383379936,0.0002
11036.0,23.0,0.015382586047053337,0.0002
11037.0,23.0,0.016124337911605835,0.0002
11038.0,23.0,0.01207855436950922,0.0002
11039.0,23.0,0.01602093316614628,0.0002
11040.0,23.0,0.019315140321850777,0.0002
11041.0,23.0,0.015684420242905617,0.0002
11042.0,23.0,0.0181745495647192,0.0002
11043.0,23.0,0.01446027122437954,0.0002
11044.0,23.0,0.015466239303350449,0.0002
11045.0,23.0,0.01838620938360691,0.0002
11046.0,23.0,0.016335606575012207,0.0002
11047.0,23.0,0.015163918025791645,0.0002
11048.0,23.0,0.014402754604816437,0.0002
11049.0,23.0,0.017139479517936707,0.0002
11050.0,23.0,0.019341273233294487,0.0002
11051.0,23.0,0.015878569334745407,0.0002
11052.0,23.0,0.01685677096247673,0.0002
11053.0,23.0,0.01807796023786068,0.0002
11054.0,23.0,0.0148708401247859,0.0002
11055.0,23.0,0.014917473308742046,0.0002
11056.0,23.0,0.013716827146708965,0.0002
11057.0,23.0,0.017474737018346786,0.0002
11058.0,23.0,0.017760684713721275,0.0002
11059.0,23.0,0.016425516456365585,0.0002
11060.0,23.0,0.011341884732246399,0.0002
11061.0,23.0,0.014141743071377277,0.0002
11062.0,23.0,0.014913007616996765,0.0002
11063.0,23.0,0.015686986967921257,0.0002
11064.0,23.0,0.01325465552508831,0.0002
11065.0,23.0,0.02004465088248253,0.0002
11066.0,23.0,0.016188204288482666,0.0002
11067.0,23.0,0.017161546275019646,0.0002
11068.0,23.0,0.017447715625166893,0.0002
11069.0,23.0,0.015289703384041786,0.0002
11070.0,23.0,0.01946812868118286,0.0002
11071.0,23.0,0.01788284257054329,0.0002
11072.0,23.0,0.018415194004774094,0.0002
11073.0,23.0,0.014301925897598267,0.0002
11074.0,23.0,0.013688996434211731,0.0002
11075.0,23.0,0.019938362762331963,0.0002
11076.0,23.0,0.016125397756695747,0.0002
11077.0,23.0,0.01529760006815195,0.0002
11078.0,23.0,0.01643560826778412,0.0002
11079.0,23.0,0.018557362258434296,0.0002
11080.0,23.0,0.015751246362924576,0.0002
11081.0,23.0,0.018029291182756424,0.0002
11082.0,23.0,0.01572028547525406,0.0002
11083.0,23.0,0.015305488370358944,0.0002
11084.0,23.0,0.012673893012106419,0.0002
11085.0,23.0,0.01689928211271763,0.0002
11086.0,23.0,0.013093500398099422,0.0002
11087.0,23.0,0.017009567469358444,0.0002
11088.0,23.0,0.010779757052659988,0.0002
11089.0,23.0,0.015171405859291553,0.0002
11090.0,23.0,0.018990250304341316,0.0002
11091.0,23.0,0.013215305283665657,0.0002
11092.0,23.0,0.013055293820798397,0.0002
11093.0,23.0,0.01419762335717678,0.0002
11094.0,23.0,0.01652584783732891,0.0002
11095.0,23.0,0.016269773244857788,0.0002
11096.0,23.0,0.01813742145895958,0.0002
11097.0,23.0,0.018645169213414192,0.0002
11098.0,23.0,0.014783339574933052,0.0002
11099.0,23.0,0.016479860991239548,0.0002
11100.0,23.0,0.017961028963327408,0.0002
11101.0,23.0,0.013149761594831944,0.0002
11102.0,23.0,0.01756901852786541,0.0002
11103.0,23.0,0.015927935019135475,0.0002
11104.0,23.0,0.0114547498524189,0.0002
11105.0,23.0,0.011831264942884445,0.0002
11106.0,23.0,0.019330650568008423,0.0002
11107.0,23.0,0.015537786297500134,0.0002
11108.0,23.0,0.018784068524837494,0.0002
11109.0,23.0,0.01635497808456421,0.0002
11110.0,23.0,0.018043119460344315,0.0002
11111.0,23.0,0.01874709315598011,0.0002
11112.0,23.0,0.019785013049840927,0.0002
11113.0,23.0,0.013794729486107826,0.0002
11114.0,23.0,0.014098098501563072,0.0002
11115.0,23.0,0.012227588333189487,0.0002
11116.0,23.0,0.014277922920882702,0.0002
11117.0,23.0,0.01638657972216606,0.0002
11118.0,23.0,0.01712423376739025,0.0002
11119.0,23.0,0.014108266681432724,0.0002
11120.0,23.0,0.01376965083181858,0.0002
11121.0,23.0,0.011814756318926811,0.0002
11122.0,23.0,0.016427379101514816,0.0002
11123.0,23.0,0.019034098833799362,0.0002
11124.0,23.0,0.016854967921972275,0.0002
11125.0,23.0,0.016773555427789688,0.0002
11126.0,23.0,0.016685713082551956,0.0002
11127.0,23.0,0.01384400762617588,0.0002
11128.0,23.0,0.015889938920736313,0.0002
11129.0,23.0,0.017534945160150528,0.0002
11130.0,23.0,0.013388009741902351,0.0002
11131.0,23.0,0.018648799508810043,0.0002
11132.0,23.0,0.01512826420366764,0.0002
11133.0,23.0,0.014685574918985367,0.0002
11134.0,23.0,0.013942914083600044,0.0002
11135.0,23.0,0.012791246175765991,0.0002
11136.0,23.0,0.01239043939858675,0.0002
11137.0,23.0,0.016275521367788315,0.0002
11138.0,23.0,0.015194600448012352,0.0002
11139.0,23.0,0.013783232308924198,0.0002
11140.0,23.0,0.011827537789940834,0.0002
11141.0,23.0,0.018229834735393524,0.0002
11142.0,23.0,0.013776765204966068,0.0002
11143.0,23.0,0.015829680487513542,0.0002
11144.0,23.0,0.019617561250925064,0.0002
11145.0,23.0,0.013323334977030754,0.0002
11146.0,23.0,0.01644384115934372,0.0002
11147.0,23.0,0.016495829448103905,0.0002
11148.0,23.0,0.014366168528795242,0.0002
11149.0,23.0,0.019770093262195587,0.0002
11150.0,23.0,0.010902637615799904,0.0002
11151.0,23.0,0.018258273601531982,0.0002
11152.0,23.0,0.01588493213057518,0.0002
11153.0,23.0,0.014179919846355915,0.0002
11154.0,23.0,0.014603414572775364,0.0002
11155.0,23.0,0.018404830247163773,0.0002
11156.0,23.0,0.014664599671959877,0.0002
11157.0,23.0,0.01396024040877819,0.0002
11158.0,23.0,0.015375226736068726,0.0002
11159.0,23.0,0.015167848207056522,0.0002
11160.0,23.0,0.015450551174581051,0.0002
11161.0,23.0,0.015623142011463642,0.0002
11162.0,23.0,0.016704292967915535,0.0002
11163.0,23.0,0.015099541284143925,0.0002
11164.0,23.0,0.013189837336540222,0.0002
11165.0,23.0,0.012978868559002876,0.0002
11166.0,23.0,0.0188102088868618,0.0002
11167.0,23.0,0.014302169904112816,0.0002
11168.0,23.0,0.015531101264059544,0.0002
11169.0,23.0,0.013476096093654633,0.0002
11170.0,23.0,0.018325265496969223,0.0002
11171.0,23.0,0.015374323353171349,0.0002
11172.0,23.0,0.015196893364191055,0.0002
11173.0,23.0,0.013225231319665909,0.0002
11174.0,23.0,0.01886403188109398,0.0002
11175.0,23.0,0.015798307955265045,0.0002
11176.0,23.0,0.011868897825479507,0.0002
11177.0,23.0,0.014180969446897507,0.0002
11178.0,23.0,0.01602565310895443,0.0002
11179.0,23.0,0.013180594891309738,0.0002
11180.0,23.0,0.016512321308255196,0.0002
11181.0,23.0,0.012252163141965866,0.0002
11182.0,23.0,0.01546891313046217,0.0002
11183.0,23.0,0.018564466387033463,0.0002
11184.0,23.0,0.014070489443838596,0.0002
11185.0,23.0,0.018363792449235916,0.0002
11186.0,23.0,0.019330887123942375,0.0002
11187.0,23.0,0.01899525336921215,0.0002
11188.0,23.0,0.016584645956754684,0.0002
11189.0,23.0,0.014275407418608665,0.0002
11190.0,23.0,0.018333204090595245,0.0002
11191.0,23.0,0.014068995602428913,0.0002
11192.0,23.0,0.015821196138858795,0.0002
11193.0,23.0,0.017231110483407974,0.0002
11194.0,23.0,0.018431147560477257,0.0002
11195.0,23.0,0.013788486830890179,0.0002
11196.0,23.0,0.013024802319705486,0.0002
11197.0,23.0,0.014574673026800156,0.0002
11198.0,23.0,0.010278435423970222,0.0002
11199.0,23.0,0.016701538115739822,0.0002
11200.0,23.0,0.016460176557302475,0.0002
11201.0,23.0,0.016212098300457,0.0002
11202.0,23.0,0.0210711807012558,0.0002
11203.0,23.0,0.016620241105556488,0.0002
11204.0,23.0,0.014795475639402866,0.0002
11205.0,23.0,0.014235910959541798,0.0002
11206.0,23.0,0.015312415547668934,0.0002
11207.0,23.0,0.015299519523978233,0.0002
11208.0,23.0,0.018077611923217773,0.0002
11209.0,23.0,0.01283561997115612,0.0002
11210.0,23.0,0.014077017083764076,0.0002
11211.0,23.0,0.01195855438709259,0.0002
11212.0,23.0,0.01390574499964714,0.0002
11213.0,23.0,0.015085733495652676,0.0002
11214.0,23.0,0.014733774587512016,0.0002
11215.0,23.0,0.016267945989966393,0.0002
11216.0,23.0,0.014185979031026363,0.0002
11217.0,23.0,0.015974409878253937,0.0002
11218.0,23.0,0.015680253505706787,0.0002
11219.0,23.0,0.017175894230604172,0.0002
11220.0,23.0,0.014667744748294353,0.0002
11221.0,23.0,0.018697410821914673,0.0002
11222.0,23.0,0.015892554074525833,0.0002
11223.0,23.0,0.01654045470058918,0.0002
11224.0,23.0,0.016124244779348373,0.0002
11225.0,23.0,0.015430730767548084,0.0002
11226.0,23.0,0.019459081813693047,0.0002
11227.0,23.0,0.017261195927858353,0.0002
11228.0,23.0,0.015967845916748047,0.0002
11229.0,23.0,0.015751920640468597,0.0002
11230.0,23.0,0.011771718971431255,0.0002
11231.0,23.0,0.016335224732756615,0.0002
11232.0,23.0,0.016955595463514328,0.0002
11233.0,24.0,0.015566552057862282,0.0002
11234.0,24.0,0.015360645949840546,0.0002
11235.0,24.0,0.016371391713619232,0.0002
11236.0,24.0,0.014804299920797348,0.0002
11237.0,24.0,0.015648262575268745,0.0002
11238.0,24.0,0.01626088283956051,0.0002
11239.0,24.0,0.016477439552545547,0.0002
11240.0,24.0,0.015095366165041924,0.0002
11241.0,24.0,0.015156108886003494,0.0002
11242.0,24.0,0.020211121067404747,0.0002
11243.0,24.0,0.013458063825964928,0.0002
11244.0,24.0,0.020372916013002396,0.0002
11245.0,24.0,0.015982331708073616,0.0002
11246.0,24.0,0.01998462900519371,0.0002
11247.0,24.0,0.018461205065250397,0.0002
11248.0,24.0,0.01510777696967125,0.0002
11249.0,24.0,0.0167797040194273,0.0002
11250.0,24.0,0.017061078920960426,0.0002
11251.0,24.0,0.017670828849077225,0.0002
11252.0,24.0,0.015067324042320251,0.0002
11253.0,24.0,0.021506885066628456,0.0002
11254.0,24.0,0.01794959232211113,0.0002
11255.0,24.0,0.012377750128507614,0.0002
11256.0,24.0,0.01951172575354576,0.0002
11257.0,24.0,0.01468078326433897,0.0002
11258.0,24.0,0.015236339531838894,0.0002
11259.0,24.0,0.014393704012036324,0.0002
11260.0,24.0,0.012727206572890282,0.0002
11261.0,24.0,0.014901027083396912,0.0002
11262.0,24.0,0.011369124054908752,0.0002
11263.0,24.0,0.018905699253082275,0.0002
11264.0,24.0,0.015857258811593056,0.0002
11265.0,24.0,0.021511776372790337,0.0002
11266.0,24.0,0.019257310777902603,0.0002
11267.0,24.0,0.012324409559369087,0.0002
11268.0,24.0,0.01548351813107729,0.0002
11269.0,24.0,0.02216337062418461,0.0002
11270.0,24.0,0.018384594470262527,0.0002
11271.0,24.0,0.018161974847316742,0.0002
11272.0,24.0,0.016340453177690506,0.0002
11273.0,24.0,0.017047161236405373,0.0002
11274.0,24.0,0.01877639815211296,0.0002
11275.0,24.0,0.015313353389501572,0.0002
11276.0,24.0,0.015494586899876595,0.0002
11277.0,24.0,0.011761412024497986,0.0002
11278.0,24.0,0.013225506991147995,0.0002
11279.0,24.0,0.010403638705611229,0.0002
11280.0,24.0,0.019278882071375847,0.0002
11281.0,24.0,0.01438058726489544,0.0002
11282.0,24.0,0.015636689960956573,0.0002
11283.0,24.0,0.016444414854049683,0.0002
11284.0,24.0,0.02176978811621666,0.0002
11285.0,24.0,0.014181487262248993,0.0002
11286.0,24.0,0.017353707924485207,0.0002
11287.0,24.0,0.019183076918125153,0.0002
11288.0,24.0,0.015562486834824085,0.0002
11289.0,24.0,0.020949434489011765,0.0002
11290.0,24.0,0.01746562495827675,0.0002
11291.0,24.0,0.012536343187093735,0.0002
11292.0,24.0,0.018764004111289978,0.0002
11293.0,24.0,0.016759095713496208,0.0002
11294.0,24.0,0.014161312952637672,0.0002
11295.0,24.0,0.01914799027144909,0.0002
11296.0,24.0,0.01615302264690399,0.0002
11297.0,24.0,0.01268526166677475,0.0002
11298.0,24.0,0.016943257302045822,0.0002
11299.0,24.0,0.01674681529402733,0.0002
11300.0,24.0,0.012856658548116684,0.0002
11301.0,24.0,0.01641874574124813,0.0002
11302.0,24.0,0.016006622463464737,0.0002
11303.0,24.0,0.01651601307094097,0.0002
11304.0,24.0,0.015604833140969276,0.0002
11305.0,24.0,0.018025139346718788,0.0002
11306.0,24.0,0.01592431403696537,0.0002
11307.0,24.0,0.01784679666161537,0.0002
11308.0,24.0,0.011920698918402195,0.0002
11309.0,24.0,0.016806021332740784,0.0002
11310.0,24.0,0.017034796997904778,0.0002
11311.0,24.0,0.01858835481107235,0.0002
11312.0,24.0,0.01800452545285225,0.0002
11313.0,24.0,0.015829142183065414,0.0002
11314.0,24.0,0.02030550315976143,0.0002
11315.0,24.0,0.013150130398571491,0.0002
11316.0,24.0,0.017823392525315285,0.0002
11317.0,24.0,0.013637411408126354,0.0002
11318.0,24.0,0.015189344063401222,0.0002
11319.0,24.0,0.01588379591703415,0.0002
11320.0,24.0,0.014188574627041817,0.0002
11321.0,24.0,0.014555532485246658,0.0002
11322.0,24.0,0.015218371525406837,0.0002
11323.0,24.0,0.015804899856448174,0.0002
11324.0,24.0,0.013491632416844368,0.0002
11325.0,24.0,0.016856390982866287,0.0002
11326.0,24.0,0.015433106571435928,0.0002
11327.0,24.0,0.014617064967751503,0.0002
11328.0,24.0,0.01434069499373436,0.0002
11329.0,24.0,0.015597796067595482,0.0002
11330.0,24.0,0.01654396951198578,0.0002
11331.0,24.0,0.020300276577472687,0.0002
11332.0,24.0,0.013773220591247082,0.0002
11333.0,24.0,0.013907994143664837,0.0002
11334.0,24.0,0.01938585937023163,0.0002
11335.0,24.0,0.015901945531368256,0.0002
11336.0,24.0,0.01419824454933405,0.0002
11337.0,24.0,0.014484616927802563,0.0002
11338.0,24.0,0.018954208120703697,0.0002
11339.0,24.0,0.01922076940536499,0.0002
11340.0,24.0,0.015851937234401703,0.0002
11341.0,24.0,0.017055869102478027,0.0002
11342.0,24.0,0.011380191892385483,0.0002
11343.0,24.0,0.01473015733063221,0.0002
11344.0,24.0,0.015548264607787132,0.0002
11345.0,24.0,0.019925549626350403,0.0002
11346.0,24.0,0.01924927532672882,0.0002
11347.0,24.0,0.016050321981310844,0.0002
11348.0,24.0,0.014878911897540092,0.0002
11349.0,24.0,0.01730678416788578,0.0002
11350.0,24.0,0.015157613903284073,0.0002
11351.0,24.0,0.0166297797113657,0.0002
11352.0,24.0,0.01524328999221325,0.0002
11353.0,24.0,0.013231716118752956,0.0002
11354.0,24.0,0.02263273485004902,0.0002
11355.0,24.0,0.01621653325855732,0.0002
11356.0,24.0,0.015002710744738579,0.0002
11357.0,24.0,0.013057450763881207,0.0002
11358.0,24.0,0.01726052165031433,0.0002
11359.0,24.0,0.015090622007846832,0.0002
11360.0,24.0,0.015161795541644096,0.0002
11361.0,24.0,0.01662299782037735,0.0002
11362.0,24.0,0.017123771831393242,0.0002
11363.0,24.0,0.01606670767068863,0.0002
11364.0,24.0,0.015220154076814651,0.0002
11365.0,24.0,0.016652710735797882,0.0002
11366.0,24.0,0.01854097470641136,0.0002
11367.0,24.0,0.018040534108877182,0.0002
11368.0,24.0,0.013245279900729656,0.0002
11369.0,24.0,0.014024855569005013,0.0002
11370.0,24.0,0.017183173447847366,0.0002
11371.0,24.0,0.014251388609409332,0.0002
11372.0,24.0,0.012855662032961845,0.0002
11373.0,24.0,0.0148124685510993,0.0002
11374.0,24.0,0.020856216549873352,0.0002
11375.0,24.0,0.01584624871611595,0.0002
11376.0,24.0,0.016802523285150528,0.0002
11377.0,24.0,0.019486160948872566,0.0002
11378.0,24.0,0.012681439518928528,0.0002
11379.0,24.0,0.0136423259973526,0.0002
11380.0,24.0,0.01399657130241394,0.0002
11381.0,24.0,0.01596161723136902,0.0002
11382.0,24.0,0.013807518407702446,0.0002
11383.0,24.0,0.013019397854804993,0.0002
11384.0,24.0,0.01151190884411335,0.0002
11385.0,24.0,0.01605386659502983,0.0002
11386.0,24.0,0.014786427840590477,0.0002
11387.0,24.0,0.011765885166823864,0.0002
11388.0,24.0,0.01904800534248352,0.0002
11389.0,24.0,0.01183418557047844,0.0002
11390.0,24.0,0.017918530851602554,0.0002
11391.0,24.0,0.01888185739517212,0.0002
11392.0,24.0,0.016624556854367256,0.0002
11393.0,24.0,0.016054069623351097,0.0002
11394.0,24.0,0.015461556613445282,0.0002
11395.0,24.0,0.0163124930113554,0.0002
11396.0,24.0,0.0158952996134758,0.0002
11397.0,24.0,0.016118962317705154,0.0002
11398.0,24.0,0.020480681210756302,0.0002
11399.0,24.0,0.01216387189924717,0.0002
11400.0,24.0,0.016890138387680054,0.0002
11401.0,24.0,0.017014943063259125,0.0002
11402.0,24.0,0.012853888794779778,0.0002
11403.0,24.0,0.014204934239387512,0.0002
11404.0,24.0,0.01647571101784706,0.0002
11405.0,24.0,0.015721742063760757,0.0002
11406.0,24.0,0.015487125143408775,0.0002
11407.0,24.0,0.013150894083082676,0.0002
11408.0,24.0,0.013741856440901756,0.0002
11409.0,24.0,0.015103527344763279,0.0002
11410.0,24.0,0.013418741524219513,0.0002
11411.0,24.0,0.018565654754638672,0.0002
11412.0,24.0,0.01474604383111,0.0002
11413.0,24.0,0.014997883699834347,0.0002
11414.0,24.0,0.017851941287517548,0.0002
11415.0,24.0,0.012390432879328728,0.0002
11416.0,24.0,0.014226067811250687,0.0002
11417.0,24.0,0.01648993417620659,0.0002
11418.0,24.0,0.015329809859395027,0.0002
11419.0,24.0,0.0109156034886837,0.0002
11420.0,24.0,0.015444455668330193,0.0002
11421.0,24.0,0.014272013679146767,0.0002
11422.0,24.0,0.014664659276604652,0.0002
11423.0,24.0,0.018329361453652382,0.0002
11424.0,24.0,0.013045387342572212,0.0002
11425.0,24.0,0.01699569635093212,0.0002
11426.0,24.0,0.01483463030308485,0.0002
11427.0,24.0,0.016966143622994423,0.0002
11428.0,24.0,0.014824342913925648,0.0002
11429.0,24.0,0.017663177102804184,0.0002
11430.0,24.0,0.01756068505346775,0.0002
11431.0,24.0,0.015046991407871246,0.0002
11432.0,24.0,0.014603588730096817,0.0002
11433.0,24.0,0.015960879623889923,0.0002
11434.0,24.0,0.017698295414447784,0.0002
11435.0,24.0,0.016551056876778603,0.0002
11436.0,24.0,0.015011105686426163,0.0002
11437.0,24.0,0.01659342646598816,0.0002
11438.0,24.0,0.013847967609763145,0.0002
11439.0,24.0,0.015319211408495903,0.0002
11440.0,24.0,0.018165607005357742,0.0002
11441.0,24.0,0.01241208054125309,0.0002
11442.0,24.0,0.015403715893626213,0.0002
11443.0,24.0,0.016010193154215813,0.0002
11444.0,24.0,0.011704550124704838,0.0002
11445.0,24.0,0.015040832571685314,0.0002
11446.0,24.0,0.015157975256443024,0.0002
11447.0,24.0,0.015157120302319527,0.0002
11448.0,24.0,0.014538965187966824,0.0002
11449.0,24.0,0.01662859320640564,0.0002
11450.0,24.0,0.015518967062234879,0.0002
11451.0,24.0,0.015509296208620071,0.0002
11452.0,24.0,0.01274755597114563,0.0002
11453.0,24.0,0.016720671206712723,0.0002
11454.0,24.0,0.015713734552264214,0.0002
11455.0,24.0,0.013371770270168781,0.0002
11456.0,24.0,0.01938873901963234,0.0002
11457.0,24.0,0.017698602750897408,0.0002
11458.0,24.0,0.015951547771692276,0.0002
11459.0,24.0,0.014324348419904709,0.0002
11460.0,24.0,0.014920528046786785,0.0002
11461.0,24.0,0.010288964956998825,0.0002
11462.0,24.0,0.016499757766723633,0.0002
11463.0,24.0,0.0194014273583889,0.0002
11464.0,24.0,0.013619765639305115,0.0002
11465.0,24.0,0.015492364764213562,0.0002
11466.0,24.0,0.011625769548118114,0.0002
11467.0,24.0,0.015121757984161377,0.0002
11468.0,24.0,0.01431970950216055,0.0002
11469.0,24.0,0.015372911468148232,0.0002
11470.0,24.0,0.02135852538049221,0.0002
11471.0,24.0,0.017499078065156937,0.0002
11472.0,24.0,0.017490211874246597,0.0002
11473.0,24.0,0.021021008491516113,0.0002
11474.0,24.0,0.01888587512075901,0.0002
11475.0,24.0,0.015923772007226944,0.0002
11476.0,24.0,0.014446933753788471,0.0002
11477.0,24.0,0.014568708837032318,0.0002
11478.0,24.0,0.015901587903499603,0.0002
11479.0,24.0,0.014222180470824242,0.0002
11480.0,24.0,0.018350057303905487,0.0002
11481.0,24.0,0.013950170017778873,0.0002
11482.0,24.0,0.012174133211374283,0.0002
11483.0,24.0,0.01510300301015377,0.0002
11484.0,24.0,0.017790086567401886,0.0002
11485.0,24.0,0.01464542094618082,0.0002
11486.0,24.0,0.01248193345963955,0.0002
11487.0,24.0,0.014957800507545471,0.0002
11488.0,24.0,0.013414604589343071,0.0002
11489.0,24.0,0.015158813446760178,0.0002
11490.0,24.0,0.01596749760210514,0.0002
11491.0,24.0,0.012196002528071404,0.0002
11492.0,24.0,0.02042870968580246,0.0002
11493.0,24.0,0.011823938228189945,0.0002
11494.0,24.0,0.01604590192437172,0.0002
11495.0,24.0,0.020452165976166725,0.0002
11496.0,24.0,0.01630849391222,0.0002
11497.0,24.0,0.01660672016441822,0.0002
11498.0,24.0,0.01759282499551773,0.0002
11499.0,24.0,0.015353027731180191,0.0002
11500.0,24.0,0.012565982528030872,0.0002
11501.0,24.0,0.015356158837676048,0.0002
11502.0,24.0,0.01642909273505211,0.0002
11503.0,24.0,0.015047470107674599,0.0002
11504.0,24.0,0.014568420127034187,0.0002
11505.0,24.0,0.01689135655760765,0.0002
11506.0,24.0,0.014843902550637722,0.0002
11507.0,24.0,0.018963191658258438,0.0002
11508.0,24.0,0.013328742235898972,0.0002
11509.0,24.0,0.012739688158035278,0.0002
11510.0,24.0,0.012583079747855663,0.0002
11511.0,24.0,0.01824130490422249,0.0002
11512.0,24.0,0.01619817689061165,0.0002
11513.0,24.0,0.01350576151162386,0.0002
11514.0,24.0,0.01849689520895481,0.0002
11515.0,24.0,0.021271150559186935,0.0002
11516.0,24.0,0.01669768989086151,0.0002
11517.0,24.0,0.015464105643332005,0.0002
11518.0,24.0,0.013273892924189568,0.0002
11519.0,24.0,0.015494411811232567,0.0002
11520.0,24.0,0.014945054426789284,0.0002
11521.0,24.0,0.018217163160443306,0.0002
11522.0,24.0,0.01654232107102871,0.0002
11523.0,24.0,0.01422345731407404,0.0002
11524.0,24.0,0.011719792149960995,0.0002
11525.0,24.0,0.01546410284936428,0.0002
11526.0,24.0,0.01457839272916317,0.0002
11527.0,24.0,0.014629892073571682,0.0002
11528.0,24.0,0.014163307845592499,0.0002
11529.0,24.0,0.016182083636522293,0.0002
11530.0,24.0,0.016609231010079384,0.0002
11531.0,24.0,0.017645757645368576,0.0002
11532.0,24.0,0.01727747917175293,0.0002
11533.0,24.0,0.011675214394927025,0.0002
11534.0,24.0,0.015027283690869808,0.0002
11535.0,24.0,0.01677432656288147,0.0002
11536.0,24.0,0.015687936916947365,0.0002
11537.0,24.0,0.014694636687636375,0.0002
11538.0,24.0,0.014253172092139721,0.0002
11539.0,24.0,0.016068611294031143,0.0002
11540.0,24.0,0.011361705139279366,0.0002
11541.0,24.0,0.014391882345080376,0.0002
11542.0,24.0,0.016247672960162163,0.0002
11543.0,24.0,0.013950745575129986,0.0002
11544.0,24.0,0.014475885778665543,0.0002
11545.0,24.0,0.014852875843644142,0.0002
11546.0,24.0,0.014427520334720612,0.0002
11547.0,24.0,0.017027247697114944,0.0002
11548.0,24.0,0.016051027923822403,0.0002
11549.0,24.0,0.019054334610700607,0.0002
11550.0,24.0,0.015137653797864914,0.0002
11551.0,24.0,0.013358593918383121,0.0002
11552.0,24.0,0.019101591780781746,0.0002
11553.0,24.0,0.014176612719893456,0.0002
11554.0,24.0,0.01611543633043766,0.0002
11555.0,24.0,0.013133667409420013,0.0002
11556.0,24.0,0.018264465034008026,0.0002
11557.0,24.0,0.015317054465413094,0.0002
11558.0,24.0,0.01832638494670391,0.0002
11559.0,24.0,0.01615622267127037,0.0002
11560.0,24.0,0.015340812504291534,0.0002
11561.0,24.0,0.013759186491370201,0.0002
11562.0,24.0,0.012202747166156769,0.0002
11563.0,24.0,0.014311535283923149,0.0002
11564.0,24.0,0.014287414960563183,0.0002
11565.0,24.0,0.015634480863809586,0.0002
11566.0,24.0,0.018616653978824615,0.0002
11567.0,24.0,0.018378179520368576,0.0002
11568.0,24.0,0.014723637141287327,0.0002
11569.0,24.0,0.016412384808063507,0.0002
11570.0,24.0,0.01592070795595646,0.0002
11571.0,24.0,0.01648261398077011,0.0002
11572.0,24.0,0.017038684338331223,0.0002
11573.0,24.0,0.015986474230885506,0.0002
11574.0,24.0,0.01394231803715229,0.0002
11575.0,24.0,0.017727652564644814,0.0002
11576.0,24.0,0.015503981150686741,0.0002
11577.0,24.0,0.01395128108561039,0.0002
11578.0,24.0,0.016718169674277306,0.0002
11579.0,24.0,0.011000452563166618,0.0002
11580.0,24.0,0.014436604455113411,0.0002
11581.0,24.0,0.012830955907702446,0.0002
11582.0,24.0,0.01816188544034958,0.0002
11583.0,24.0,0.01278284564614296,0.0002
11584.0,24.0,0.013887681066989899,0.0002
11585.0,24.0,0.017029546201229095,0.0002
11586.0,24.0,0.01886330172419548,0.0002
11587.0,24.0,0.012433573603630066,0.0002
11588.0,24.0,0.016806868836283684,0.0002
11589.0,24.0,0.015149986371397972,0.0002
11590.0,24.0,0.013462336733937263,0.0002
11591.0,24.0,0.019113287329673767,0.0002
11592.0,24.0,0.016865193843841553,0.0002
11593.0,24.0,0.017320413142442703,0.0002
11594.0,24.0,0.018888339400291443,0.0002
11595.0,24.0,0.01975475624203682,0.0002
11596.0,24.0,0.018151357769966125,0.0002
11597.0,24.0,0.014941687695682049,0.0002
11598.0,24.0,0.023187734186649323,0.0002
11599.0,24.0,0.014432019554078579,0.0002
11600.0,24.0,0.014053413644433022,0.0002
11601.0,24.0,0.01407276839017868,0.0002
11602.0,24.0,0.013749918900430202,0.0002
11603.0,24.0,0.015055888332426548,0.0002
11604.0,24.0,0.017358247190713882,0.0002
11605.0,24.0,0.01641104184091091,0.0002
11606.0,24.0,0.01782594993710518,0.0002
11607.0,24.0,0.013336151838302612,0.0002
11608.0,24.0,0.012943156063556671,0.0002
11609.0,24.0,0.015426276251673698,0.0002
11610.0,24.0,0.015341364778578281,0.0002
11611.0,24.0,0.013003475964069366,0.0002
11612.0,24.0,0.014149083755910397,0.0002
11613.0,24.0,0.01315959170460701,0.0002
11614.0,24.0,0.014267141930758953,0.0002
11615.0,24.0,0.012753039598464966,0.0002
11616.0,24.0,0.01721634343266487,0.0002
11617.0,24.0,0.014906840398907661,0.0002
11618.0,24.0,0.01903080940246582,0.0002
11619.0,24.0,0.016622956842184067,0.0002
11620.0,24.0,0.013560999184846878,0.0002
11621.0,24.0,0.017987780272960663,0.0002
11622.0,24.0,0.019332729279994965,0.0002
11623.0,24.0,0.016966233029961586,0.0002
11624.0,24.0,0.016351182013750076,0.0002
11625.0,24.0,0.015078680589795113,0.0002
11626.0,24.0,0.016925400123000145,0.0002
11627.0,24.0,0.019704170525074005,0.0002
11628.0,24.0,0.015452031046152115,0.0002
11629.0,24.0,0.014579368755221367,0.0002
11630.0,24.0,0.023675836622714996,0.0002
11631.0,24.0,0.015077268704771996,0.0002
11632.0,24.0,0.017053302377462387,0.0002
11633.0,24.0,0.0158936008810997,0.0002
11634.0,24.0,0.012761427089571953,0.0002
11635.0,24.0,0.015005889348685741,0.0002
11636.0,24.0,0.013467878103256226,0.0002
11637.0,24.0,0.016871921718120575,0.0002
11638.0,24.0,0.014649549499154091,0.0002
11639.0,24.0,0.013588962145149708,0.0002
11640.0,24.0,0.01223869901150465,0.0002
11641.0,24.0,0.01826106756925583,0.0002
11642.0,24.0,0.016488399356603622,0.0002
11643.0,24.0,0.015155079774558544,0.0002
11644.0,24.0,0.014626028016209602,0.0002
11645.0,24.0,0.014004791155457497,0.0002
11646.0,24.0,0.014698734506964684,0.0002
11647.0,24.0,0.015534426085650921,0.0002
11648.0,24.0,0.016615424305200577,0.0002
11649.0,24.0,0.019328784197568893,0.0002
11650.0,24.0,0.013408185914158821,0.0002
11651.0,24.0,0.01596692018210888,0.0002
11652.0,24.0,0.013963436707854271,0.0002
11653.0,24.0,0.016926001757383347,0.0002
11654.0,24.0,0.016044825315475464,0.0002
11655.0,24.0,0.016179103404283524,0.0002
11656.0,24.0,0.014379926025867462,0.0002
11657.0,24.0,0.018324008211493492,0.0002
11658.0,24.0,0.015478739514946938,0.0002
11659.0,24.0,0.01708158105611801,0.0002
11660.0,24.0,0.014694252982735634,0.0002
11661.0,24.0,0.013603746891021729,0.0002
11662.0,24.0,0.016407495364546776,0.0002
11663.0,24.0,0.01371842809021473,0.0002
11664.0,24.0,0.014005610719323158,0.0002
11665.0,24.0,0.014822122640907764,0.0002
11666.0,24.0,0.01265700627118349,0.0002
11667.0,24.0,0.012780762277543545,0.0002
11668.0,24.0,0.014800623059272766,0.0002
11669.0,24.0,0.01454450935125351,0.0002
11670.0,24.0,0.01606092043220997,0.0002
11671.0,24.0,0.014569912105798721,0.0002
11672.0,24.0,0.013988004997372627,0.0002
11673.0,24.0,0.013184802606701851,0.0002
11674.0,24.0,0.015299230813980103,0.0002
11675.0,24.0,0.012077070772647858,0.0002
11676.0,24.0,0.011786184273660183,0.0002
11677.0,24.0,0.013229064643383026,0.0002
11678.0,24.0,0.014158124104142189,0.0002
11679.0,24.0,0.014133833348751068,0.0002
11680.0,24.0,0.014091364108026028,0.0002
11681.0,24.0,0.015442634001374245,0.0002
11682.0,24.0,0.01575648970901966,0.0002
11683.0,24.0,0.01509428583085537,0.0002
11684.0,24.0,0.013139395043253899,0.0002
11685.0,24.0,0.018459118902683258,0.0002
11686.0,24.0,0.012183881364762783,0.0002
11687.0,24.0,0.014645256102085114,0.0002
11688.0,24.0,0.013293422758579254,0.0002
11689.0,24.0,0.016876257956027985,0.0002
11690.0,24.0,0.014649677090346813,0.0002
11691.0,24.0,0.01574265956878662,0.0002
11692.0,24.0,0.01544947549700737,0.0002
11693.0,24.0,0.017341913655400276,0.0002
11694.0,24.0,0.016207445412874222,0.0002
11695.0,24.0,0.01874033734202385,0.0002
11696.0,24.0,0.015907492488622665,0.0002
11697.0,24.0,0.015851249918341637,0.0002
11698.0,24.0,0.013150796294212341,0.0002
11699.0,24.0,0.016787365078926086,0.0002
11700.0,24.0,0.01784151792526245,0.0002
11701.0,25.0,0.01534266397356987,0.0002
11702.0,25.0,0.016648709774017334,0.0002
11703.0,25.0,0.016514964401721954,0.0002
11704.0,25.0,0.01581881195306778,0.0002
11705.0,25.0,0.01286231353878975,0.0002
11706.0,25.0,0.016044210642576218,0.0002
11707.0,25.0,0.016336623579263687,0.0002
11708.0,25.0,0.015768716111779213,0.0002
11709.0,25.0,0.01341104693710804,0.0002
11710.0,25.0,0.017130903899669647,0.0002
11711.0,25.0,0.01723218709230423,0.0002
11712.0,25.0,0.021474651992321014,0.0002
11713.0,25.0,0.012081600725650787,0.0002
11714.0,25.0,0.016530118882656097,0.0002
11715.0,25.0,0.011592641472816467,0.0002
11716.0,25.0,0.013116409070789814,0.0002
11717.0,25.0,0.013683817349374294,0.0002
11718.0,25.0,0.019775390625,0.0002
11719.0,25.0,0.01312655583024025,0.0002
11720.0,25.0,0.013590745627880096,0.0002
11721.0,25.0,0.019352683797478676,0.0002
11722.0,25.0,0.014316592365503311,0.0002
11723.0,25.0,0.015839196741580963,0.0002
11724.0,25.0,0.018891196697950363,0.0002
11725.0,25.0,0.013213124126195908,0.0002
11726.0,25.0,0.014768858440220356,0.0002
11727.0,25.0,0.013275209814310074,0.0002
11728.0,25.0,0.01670946553349495,0.0002
11729.0,25.0,0.016120553016662598,0.0002
11730.0,25.0,0.015590475872159004,0.0002
11731.0,25.0,0.016097474843263626,0.0002
11732.0,25.0,0.01611478626728058,0.0002
11733.0,25.0,0.014917708933353424,0.0002
11734.0,25.0,0.0202854685485363,0.0002
11735.0,25.0,0.015333407558500767,0.0002
11736.0,25.0,0.015527812764048576,0.0002
11737.0,25.0,0.012869834899902344,0.0002
11738.0,25.0,0.019532062113285065,0.0002
11739.0,25.0,0.01448645070195198,0.0002
11740.0,25.0,0.01912359520792961,0.0002
11741.0,25.0,0.014813777059316635,0.0002
11742.0,25.0,0.016802355647087097,0.0002
11743.0,25.0,0.01660263165831566,0.0002
11744.0,25.0,0.012867284938693047,0.0002
11745.0,25.0,0.01361330971121788,0.0002
11746.0,25.0,0.014547482132911682,0.0002
11747.0,25.0,0.01480153575539589,0.0002
11748.0,25.0,0.015811990946531296,0.0002
11749.0,25.0,0.017222320660948753,0.0002
11750.0,25.0,0.016078896820545197,0.0002
11751.0,25.0,0.018683644011616707,0.0002
11752.0,25.0,0.015332704409956932,0.0002
11753.0,25.0,0.018532223999500275,0.0002
11754.0,25.0,0.013356287032365799,0.0002
11755.0,25.0,0.014508074149489403,0.0002
11756.0,25.0,0.016828976571559906,0.0002
11757.0,25.0,0.013203920796513557,0.0002
11758.0,25.0,0.014724250882863998,0.0002
11759.0,25.0,0.011976400390267372,0.0002
11760.0,25.0,0.016910217702388763,0.0002
11761.0,25.0,0.014620341360569,0.0002
11762.0,25.0,0.02007478103041649,0.0002
11763.0,25.0,0.013643579557538033,0.0002
11764.0,25.0,0.016072552651166916,0.0002
11765.0,25.0,0.019302383065223694,0.0002
11766.0,25.0,0.01449846662580967,0.0002
11767.0,25.0,0.013788314536213875,0.0002
11768.0,25.0,0.017243213951587677,0.0002
11769.0,25.0,0.0148762296885252,0.0002
11770.0,25.0,0.013987064361572266,0.0002
11771.0,25.0,0.01414297055453062,0.0002
11772.0,25.0,0.01837276481091976,0.0002
11773.0,25.0,0.013182923197746277,0.0002
11774.0,25.0,0.015003705397248268,0.0002
11775.0,25.0,0.015088961459696293,0.0002
11776.0,25.0,0.014015629887580872,0.0002
11777.0,25.0,0.014428089372813702,0.0002
11778.0,25.0,0.0176868699491024,0.0002
11779.0,25.0,0.013539554551243782,0.0002
11780.0,25.0,0.01697905734181404,0.0002
11781.0,25.0,0.014397356659173965,0.0002
11782.0,25.0,0.015286529436707497,0.0002
11783.0,25.0,0.015583512373268604,0.0002
11784.0,25.0,0.01426856592297554,0.0002
11785.0,25.0,0.013910399749875069,0.0002
11786.0,25.0,0.013164378702640533,0.0002
11787.0,25.0,0.015139779075980186,0.0002
11788.0,25.0,0.022378552705049515,0.0002
11789.0,25.0,0.01702379807829857,0.0002
11790.0,25.0,0.0173962339758873,0.0002
11791.0,25.0,0.016314975917339325,0.0002
11792.0,25.0,0.015070255845785141,0.0002
11793.0,25.0,0.019548039883375168,0.0002
11794.0,25.0,0.01671275496482849,0.0002
11795.0,25.0,0.015501491725444794,0.0002
11796.0,25.0,0.014482198283076286,0.0002
11797.0,25.0,0.01788041740655899,0.0002
11798.0,25.0,0.017992980778217316,0.0002
11799.0,25.0,0.018520604819059372,0.0002
11800.0,25.0,0.02000689134001732,0.0002
11801.0,25.0,0.015836896374821663,0.0002
11802.0,25.0,0.017068196088075638,0.0002
11803.0,25.0,0.01889851875603199,0.0002
11804.0,25.0,0.015773318707942963,0.0002
11805.0,25.0,0.015694545581936836,0.0002
11806.0,25.0,0.011915098875761032,0.0002
11807.0,25.0,0.013245687820017338,0.0002
11808.0,25.0,0.012781087309122086,0.0002
11809.0,25.0,0.01753826253116131,0.0002
11810.0,25.0,0.01401836983859539,0.0002
11811.0,25.0,0.015450147911906242,0.0002
11812.0,25.0,0.016759071499109268,0.0002
11813.0,25.0,0.01245634164661169,0.0002
11814.0,25.0,0.01715967059135437,0.0002
11815.0,25.0,0.01483855675905943,0.0002
11816.0,25.0,0.021840030327439308,0.0002
11817.0,25.0,0.01775677129626274,0.0002
11818.0,25.0,0.01525856927037239,0.0002
11819.0,25.0,0.016427431255578995,0.0002
11820.0,25.0,0.014650129713118076,0.0002
11821.0,25.0,0.013276558369398117,0.0002
11822.0,25.0,0.012146467342972755,0.0002
11823.0,25.0,0.0211523175239563,0.0002
11824.0,25.0,0.013376090675592422,0.0002
11825.0,25.0,0.01783246174454689,0.0002
11826.0,25.0,0.01984247751533985,0.0002
11827.0,25.0,0.01676737144589424,0.0002
11828.0,25.0,0.014766206964850426,0.0002
11829.0,25.0,0.01527534518390894,0.0002
11830.0,25.0,0.016363881528377533,0.0002
11831.0,25.0,0.017423555254936218,0.0002
11832.0,25.0,0.017610371112823486,0.0002
11833.0,25.0,0.014173206873238087,0.0002
11834.0,25.0,0.013986768200993538,0.0002
11835.0,25.0,0.013565951958298683,0.0002
11836.0,25.0,0.018254030495882034,0.0002
11837.0,25.0,0.014565221965312958,0.0002
11838.0,25.0,0.012997192330658436,0.0002
11839.0,25.0,0.015551144257187843,0.0002
11840.0,25.0,0.01920410618185997,0.0002
11841.0,25.0,0.014479580335319042,0.0002
11842.0,25.0,0.015547012910246849,0.0002
11843.0,25.0,0.017704559490084648,0.0002
11844.0,25.0,0.01593802683055401,0.0002
11845.0,25.0,0.014988645911216736,0.0002
11846.0,25.0,0.011916733346879482,0.0002
11847.0,25.0,0.016154421493411064,0.0002
11848.0,25.0,0.018136687576770782,0.0002
11849.0,25.0,0.019057776778936386,0.0002
11850.0,25.0,0.013612917624413967,0.0002
11851.0,25.0,0.015742285177111626,0.0002
11852.0,25.0,0.013527052477002144,0.0002
11853.0,25.0,0.014596560038626194,0.0002
11854.0,25.0,0.017512956634163857,0.0002
11855.0,25.0,0.0178256593644619,0.0002
11856.0,25.0,0.01629685051739216,0.0002
11857.0,25.0,0.016415143385529518,0.0002
11858.0,25.0,0.01432623527944088,0.0002
11859.0,25.0,0.012786448001861572,0.0002
11860.0,25.0,0.01370062306523323,0.0002
11861.0,25.0,0.014376364648342133,0.0002
11862.0,25.0,0.015587348490953445,0.0002
11863.0,25.0,0.014753293246030807,0.0002
11864.0,25.0,0.014753351919353008,0.0002
11865.0,25.0,0.018434036523103714,0.0002
11866.0,25.0,0.01688569411635399,0.0002
11867.0,25.0,0.011344069615006447,0.0002
11868.0,25.0,0.015390768647193909,0.0002
11869.0,25.0,0.01608850806951523,0.0002
11870.0,25.0,0.013915551826357841,0.0002
11871.0,25.0,0.01689254492521286,0.0002
11872.0,25.0,0.015887632966041565,0.0002
11873.0,25.0,0.01595482975244522,0.0002
11874.0,25.0,0.012786280363798141,0.0002
11875.0,25.0,0.012106291018426418,0.0002
11876.0,25.0,0.015940003097057343,0.0002
11877.0,25.0,0.013070029206573963,0.0002
11878.0,25.0,0.016406860202550888,0.0002
11879.0,25.0,0.01231858879327774,0.0002
11880.0,25.0,0.017384419217705727,0.0002
11881.0,25.0,0.014813296496868134,0.0002
11882.0,25.0,0.01630249246954918,0.0002
11883.0,25.0,0.015866601839661598,0.0002
11884.0,25.0,0.016252173110842705,0.0002
11885.0,25.0,0.013049667701125145,0.0002
11886.0,25.0,0.019003964960575104,0.0002
11887.0,25.0,0.014023739844560623,0.0002
11888.0,25.0,0.01552637293934822,0.0002
11889.0,25.0,0.013582101091742516,0.0002
11890.0,25.0,0.014206336811184883,0.0002
11891.0,25.0,0.01301638875156641,0.0002
11892.0,25.0,0.012621304020285606,0.0002
11893.0,25.0,0.014247724786400795,0.0002
11894.0,25.0,0.01407523825764656,0.0002
11895.0,25.0,0.013185135088860989,0.0002
11896.0,25.0,0.01976323500275612,0.0002
11897.0,25.0,0.012666307389736176,0.0002
11898.0,25.0,0.015794146806001663,0.0002
11899.0,25.0,0.015833424404263496,0.0002
11900.0,25.0,0.012272706255316734,0.0002
11901.0,25.0,0.015164485201239586,0.0002
11902.0,25.0,0.017069537192583084,0.0002
11903.0,25.0,0.015278385952115059,0.0002
11904.0,25.0,0.014976724982261658,0.0002
11905.0,25.0,0.015683576464653015,0.0002
11906.0,25.0,0.016418537124991417,0.0002
11907.0,25.0,0.015605000779032707,0.0002
11908.0,25.0,0.015351404435932636,0.0002
11909.0,25.0,0.012096647173166275,0.0002
11910.0,25.0,0.014822365716099739,0.0002
11911.0,25.0,0.01404254138469696,0.0002
11912.0,25.0,0.019561532884836197,0.0002
11913.0,25.0,0.015782101079821587,0.0002
11914.0,25.0,0.018247444182634354,0.0002
11915.0,25.0,0.0162131879478693,0.0002
11916.0,25.0,0.02049967087805271,0.0002
11917.0,25.0,0.016487611457705498,0.0002
11918.0,25.0,0.0136749017983675,0.0002
11919.0,25.0,0.01326490007340908,0.0002
11920.0,25.0,0.014980287291109562,0.0002
11921.0,25.0,0.01944354549050331,0.0002
11922.0,25.0,0.014904005452990532,0.0002
11923.0,25.0,0.016242805868387222,0.0002
11924.0,25.0,0.01702071726322174,0.0002
11925.0,25.0,0.015504795126616955,0.0002
11926.0,25.0,0.015491906553506851,0.0002
11927.0,25.0,0.015191586688160896,0.0002
11928.0,25.0,0.015856441110372543,0.0002
11929.0,25.0,0.015552593395113945,0.0002
11930.0,25.0,0.01552099734544754,0.0002
11931.0,25.0,0.012784909456968307,0.0002
11932.0,25.0,0.015968456864356995,0.0002
11933.0,25.0,0.015597008168697357,0.0002
11934.0,25.0,0.0167204812169075,0.0002
11935.0,25.0,0.016285689547657967,0.0002
11936.0,25.0,0.014905570074915886,0.0002
11937.0,25.0,0.014962196350097656,0.0002
11938.0,25.0,0.011531631462275982,0.0002
11939.0,25.0,0.014100811444222927,0.0002
11940.0,25.0,0.019632309675216675,0.0002
11941.0,25.0,0.014179769903421402,0.0002
11942.0,25.0,0.014920631423592567,0.0002
11943.0,25.0,0.020172346383333206,0.0002
11944.0,25.0,0.0140736885368824,0.0002
11945.0,25.0,0.013305416330695152,0.0002
11946.0,25.0,0.014044253155589104,0.0002
11947.0,25.0,0.014276813715696335,0.0002
11948.0,25.0,0.01754046604037285,0.0002
11949.0,25.0,0.012628346681594849,0.0002
11950.0,25.0,0.02382897213101387,0.0002
11951.0,25.0,0.012933026999235153,0.0002
11952.0,25.0,0.01629391685128212,0.0002
11953.0,25.0,0.012099982239305973,0.0002
11954.0,25.0,0.016003498807549477,0.0002
11955.0,25.0,0.016588639467954636,0.0002
11956.0,25.0,0.01743745058774948,0.0002
11957.0,25.0,0.017131740227341652,0.0002
11958.0,25.0,0.017317060381174088,0.0002
11959.0,25.0,0.018065113574266434,0.0002
11960.0,25.0,0.019517477601766586,0.0002
11961.0,25.0,0.018440023064613342,0.0002
11962.0,25.0,0.01237062644213438,0.0002
11963.0,25.0,0.017620250582695007,0.0002
11964.0,25.0,0.0153603944927454,0.0002
11965.0,25.0,0.014589803293347359,0.0002
11966.0,25.0,0.014538589864969254,0.0002
11967.0,25.0,0.012675425037741661,0.0002
11968.0,25.0,0.015487343072891235,0.0002
11969.0,25.0,0.015096832066774368,0.0002
11970.0,25.0,0.01642398163676262,0.0002
11971.0,25.0,0.01272832415997982,0.0002
11972.0,25.0,0.01564827933907509,0.0002
11973.0,25.0,0.013543014414608479,0.0002
11974.0,25.0,0.016460178419947624,0.0002
11975.0,25.0,0.01759417913854122,0.0002
11976.0,25.0,0.01500711403787136,0.0002
11977.0,25.0,0.016904518008232117,0.0002
11978.0,25.0,0.015294608660042286,0.0002
11979.0,25.0,0.014851579442620277,0.0002
11980.0,25.0,0.01575544849038124,0.0002
11981.0,25.0,0.015185363590717316,0.0002
11982.0,25.0,0.019163113087415695,0.0002
11983.0,25.0,0.013161107897758484,0.0002
11984.0,25.0,0.012466032058000565,0.0002
11985.0,25.0,0.017778798937797546,0.0002
11986.0,25.0,0.016458263620734215,0.0002
11987.0,25.0,0.013424916192889214,0.0002
11988.0,25.0,0.015516689047217369,0.0002
11989.0,25.0,0.015491683967411518,0.0002
11990.0,25.0,0.013588381931185722,0.0002
11991.0,25.0,0.01257883757352829,0.0002
11992.0,25.0,0.014392798766493797,0.0002
11993.0,25.0,0.01464228518307209,0.0002
11994.0,25.0,0.01600494235754013,0.0002
11995.0,25.0,0.012877735309302807,0.0002
11996.0,25.0,0.016714859753847122,0.0002
11997.0,25.0,0.013416089117527008,0.0002
11998.0,25.0,0.01505250483751297,0.0002
11999.0,25.0,0.014397297985851765,0.0002
12000.0,25.0,0.017725681886076927,0.0002
12001.0,25.0,0.013105483725667,0.0002
12002.0,25.0,0.01869853027164936,0.0002
12003.0,25.0,0.015483707189559937,0.0002
12004.0,25.0,0.019444415345788002,0.0002
12005.0,25.0,0.019635267555713654,0.0002
12006.0,25.0,0.014673693105578423,0.0002
12007.0,25.0,0.014849254861474037,0.0002
12008.0,25.0,0.01702212356030941,0.0002
12009.0,25.0,0.014164719730615616,0.0002
12010.0,25.0,0.015696082264184952,0.0002
12011.0,25.0,0.011606698855757713,0.0002
12012.0,25.0,0.016340751200914383,0.0002
12013.0,25.0,0.013468151912093163,0.0002
12014.0,25.0,0.01509796641767025,0.0002
12015.0,25.0,0.01319039799273014,0.0002
12016.0,25.0,0.016191799193620682,0.0002
12017.0,25.0,0.01284334622323513,0.0002
12018.0,25.0,0.015205979347229004,0.0002
12019.0,25.0,0.017191534861922264,0.0002
12020.0,25.0,0.014374800026416779,0.0002
12021.0,25.0,0.014409251511096954,0.0002
12022.0,25.0,0.01746411994099617,0.0002
12023.0,25.0,0.01292743906378746,0.0002
12024.0,25.0,0.015556102618575096,0.0002
12025.0,25.0,0.01578103005886078,0.0002
12026.0,25.0,0.013475035317242146,0.0002
12027.0,25.0,0.016631348058581352,0.0002
12028.0,25.0,0.015201697126030922,0.0002
12029.0,25.0,0.013870910741388798,0.0002
12030.0,25.0,0.015954650938510895,0.0002
12031.0,25.0,0.0132893156260252,0.0002
12032.0,25.0,0.020501164719462395,0.0002
12033.0,25.0,0.01657962054014206,0.0002
12034.0,25.0,0.013533608987927437,0.0002
12035.0,25.0,0.013415458612143993,0.0002
12036.0,25.0,0.016132790595293045,0.0002
12037.0,25.0,0.013327578082680702,0.0002
12038.0,25.0,0.013946020975708961,0.0002
12039.0,25.0,0.016881823539733887,0.0002
12040.0,25.0,0.01400856114923954,0.0002
12041.0,25.0,0.015334147028625011,0.0002
12042.0,25.0,0.012482154183089733,0.0002
12043.0,25.0,0.015821751207113266,0.0002
12044.0,25.0,0.018539100885391235,0.0002
12045.0,25.0,0.015249665826559067,0.0002
12046.0,25.0,0.012254868634045124,0.0002
12047.0,25.0,0.014209849759936333,0.0002
12048.0,25.0,0.016234446316957474,0.0002
12049.0,25.0,0.012074284255504608,0.0002
12050.0,25.0,0.013260302133858204,0.0002
12051.0,25.0,0.01835820823907852,0.0002
12052.0,25.0,0.014332970604300499,0.0002
12053.0,25.0,0.013112456537783146,0.0002
12054.0,25.0,0.017812363803386688,0.0002
12055.0,25.0,0.01895032450556755,0.0002
12056.0,25.0,0.015067988075315952,0.0002
12057.0,25.0,0.01873595640063286,0.0002
12058.0,25.0,0.01619706116616726,0.0002
12059.0,25.0,0.014233505353331566,0.0002
12060.0,25.0,0.013822415843605995,0.0002
12061.0,25.0,0.01585683412849903,0.0002
12062.0,25.0,0.01519869640469551,0.0002
12063.0,25.0,0.015216285362839699,0.0002
12064.0,25.0,0.01569618284702301,0.0002
12065.0,25.0,0.014184909872710705,0.0002
12066.0,25.0,0.013757423497736454,0.0002
12067.0,25.0,0.013526859693229198,0.0002
12068.0,25.0,0.013478441163897514,0.0002
12069.0,25.0,0.01321360468864441,0.0002
12070.0,25.0,0.018105842173099518,0.0002
12071.0,25.0,0.013319617137312889,0.0002
12072.0,25.0,0.01729612797498703,0.0002
12073.0,25.0,0.01637895405292511,0.0002
12074.0,25.0,0.018483083695173264,0.0002
12075.0,25.0,0.015986349433660507,0.0002
12076.0,25.0,0.018664445728063583,0.0002
12077.0,25.0,0.016141202300786972,0.0002
12078.0,25.0,0.02083934098482132,0.0002
12079.0,25.0,0.01870843581855297,0.0002
12080.0,25.0,0.017382480204105377,0.0002
12081.0,25.0,0.011611681431531906,0.0002
12082.0,25.0,0.01678558811545372,0.0002
12083.0,25.0,0.014601591974496841,0.0002
12084.0,25.0,0.01408434472978115,0.0002
12085.0,25.0,0.013742269948124886,0.0002
12086.0,25.0,0.012956526130437851,0.0002
12087.0,25.0,0.021299418061971664,0.0002
12088.0,25.0,0.014589397236704826,0.0002
12089.0,25.0,0.01638513058423996,0.0002
12090.0,25.0,0.01756039820611477,0.0002
12091.0,25.0,0.012981031090021133,0.0002
12092.0,25.0,0.016338292509317398,0.0002
12093.0,25.0,0.017783451825380325,0.0002
12094.0,25.0,0.01658613421022892,0.0002
12095.0,25.0,0.014673364348709583,0.0002
12096.0,25.0,0.01977372169494629,0.0002
12097.0,25.0,0.013446222990751266,0.0002
12098.0,25.0,0.01481262780725956,0.0002
12099.0,25.0,0.019899144768714905,0.0002
12100.0,25.0,0.01803281530737877,0.0002
12101.0,25.0,0.018069878220558167,0.0002
12102.0,25.0,0.019830960780382156,0.0002
12103.0,25.0,0.01276953611522913,0.0002
12104.0,25.0,0.01117802131921053,0.0002
12105.0,25.0,0.015868566930294037,0.0002
12106.0,25.0,0.014291166327893734,0.0002
12107.0,25.0,0.01651870459318161,0.0002
12108.0,25.0,0.013446742668747902,0.0002
12109.0,25.0,0.015417813323438168,0.0002
12110.0,25.0,0.018712040036916733,0.0002
12111.0,25.0,0.014311358332633972,0.0002
12112.0,25.0,0.013853272423148155,0.0002
12113.0,25.0,0.019993439316749573,0.0002
12114.0,25.0,0.017633309587836266,0.0002
12115.0,25.0,0.013536741957068443,0.0002
12116.0,25.0,0.014353635720908642,0.0002
12117.0,25.0,0.014247778803110123,0.0002
12118.0,25.0,0.012785055674612522,0.0002
12119.0,25.0,0.016157101839780807,0.0002
12120.0,25.0,0.014668351039290428,0.0002
12121.0,25.0,0.012702908366918564,0.0002
12122.0,25.0,0.01753857731819153,0.0002
12123.0,25.0,0.014494713395833969,0.0002
12124.0,25.0,0.016167450696229935,0.0002
12125.0,25.0,0.01541106402873993,0.0002
12126.0,25.0,0.01489571388810873,0.0002
12127.0,25.0,0.015715615823864937,0.0002
12128.0,25.0,0.01581796258687973,0.0002
12129.0,25.0,0.016082314774394035,0.0002
12130.0,25.0,0.012483745813369751,0.0002
12131.0,25.0,0.015168187208473682,0.0002
12132.0,25.0,0.015792958438396454,0.0002
12133.0,25.0,0.0133702727034688,0.0002
12134.0,25.0,0.013612901791930199,0.0002
12135.0,25.0,0.013218746520578861,0.0002
12136.0,25.0,0.017479099333286285,0.0002
12137.0,25.0,0.015357589349150658,0.0002
12138.0,25.0,0.013968993909657001,0.0002
12139.0,25.0,0.014781905338168144,0.0002
12140.0,25.0,0.014780078083276749,0.0002
12141.0,25.0,0.016084490343928337,0.0002
12142.0,25.0,0.015466824173927307,0.0002
12143.0,25.0,0.014762196689844131,0.0002
12144.0,25.0,0.013472992926836014,0.0002
12145.0,25.0,0.0140222804620862,0.0002
12146.0,25.0,0.013345228508114815,0.0002
12147.0,25.0,0.013076383620500565,0.0002
12148.0,25.0,0.013631680980324745,0.0002
12149.0,25.0,0.01452882494777441,0.0002
12150.0,25.0,0.015217314474284649,0.0002
12151.0,25.0,0.012056360021233559,0.0002
12152.0,25.0,0.016134029254317284,0.0002
12153.0,25.0,0.014692576602101326,0.0002
12154.0,25.0,0.016194308176636696,0.0002
12155.0,25.0,0.01631007343530655,0.0002
12156.0,25.0,0.012059058994054794,0.0002
12157.0,25.0,0.01115674152970314,0.0002
12158.0,25.0,0.010751607827842236,0.0002
12159.0,25.0,0.011490042321383953,0.0002
12160.0,25.0,0.01633402705192566,0.0002
12161.0,25.0,0.015390943735837936,0.0002
12162.0,25.0,0.011462102644145489,0.0002
12163.0,25.0,0.013796111568808556,0.0002
12164.0,25.0,0.01637295074760914,0.0002
12165.0,25.0,0.019365182146430016,0.0002
12166.0,25.0,0.018737267702817917,0.0002
12167.0,25.0,0.019723622128367424,0.0002
12168.0,25.0,0.015282711014151573,0.0002
12169.0,26.0,0.016530083492398262,0.0002
12170.0,26.0,0.015819687396287918,0.0002
12171.0,26.0,0.012368109077215195,0.0002
12172.0,26.0,0.012091485783457756,0.0002
12173.0,26.0,0.012828521430492401,0.0002
12174.0,26.0,0.016526859253644943,0.0002
12175.0,26.0,0.015528688207268715,0.0002
12176.0,26.0,0.0170403141528368,0.0002
12177.0,26.0,0.015576561912894249,0.0002
12178.0,26.0,0.018624253571033478,0.0002
12179.0,26.0,0.01686372049152851,0.0002
12180.0,26.0,0.017314448952674866,0.0002
12181.0,26.0,0.0166880302131176,0.0002
12182.0,26.0,0.017786990851163864,0.0002
12183.0,26.0,0.018007438629865646,0.0002
12184.0,26.0,0.01652553863823414,0.0002
12185.0,26.0,0.016888990998268127,0.0002
12186.0,26.0,0.013304159976541996,0.0002
12187.0,26.0,0.01613948494195938,0.0002
12188.0,26.0,0.015656840056180954,0.0002
12189.0,26.0,0.014932293444871902,0.0002
12190.0,26.0,0.011526554822921753,0.0002
12191.0,26.0,0.013048199005424976,0.0002
12192.0,26.0,0.01737312600016594,0.0002
12193.0,26.0,0.017928043380379677,0.0002
12194.0,26.0,0.015513965860009193,0.0002
12195.0,26.0,0.01357140950858593,0.0002
12196.0,26.0,0.015275074169039726,0.0002
12197.0,26.0,0.016259994357824326,0.0002
12198.0,26.0,0.01607082039117813,0.0002
12199.0,26.0,0.014881182461977005,0.0002
12200.0,26.0,0.017932120710611343,0.0002
12201.0,26.0,0.01735861226916313,0.0002
12202.0,26.0,0.01620195433497429,0.0002
12203.0,26.0,0.015175631269812584,0.0002
12204.0,26.0,0.012881100177764893,0.0002
12205.0,26.0,0.01932564005255699,0.0002
12206.0,26.0,0.015236793085932732,0.0002
12207.0,26.0,0.016019921749830246,0.0002
12208.0,26.0,0.01390326302498579,0.0002
12209.0,26.0,0.016688304021954536,0.0002
12210.0,26.0,0.013624446466565132,0.0002
12211.0,26.0,0.012324961833655834,0.0002
12212.0,26.0,0.013181868940591812,0.0002
12213.0,26.0,0.015305244363844395,0.0002
12214.0,26.0,0.01750423200428486,0.0002
12215.0,26.0,0.013859424740076065,0.0002
12216.0,26.0,0.014206658117473125,0.0002
12217.0,26.0,0.018208328634500504,0.0002
12218.0,26.0,0.014566181227564812,0.0002
12219.0,26.0,0.013940732926130295,0.0002
12220.0,26.0,0.01311393640935421,0.0002
12221.0,26.0,0.015740852802991867,0.0002
12222.0,26.0,0.01727304607629776,0.0002
12223.0,26.0,0.013661393895745277,0.0002
12224.0,26.0,0.015453007072210312,0.0002
12225.0,26.0,0.01952020451426506,0.0002
12226.0,26.0,0.01511305570602417,0.0002
12227.0,26.0,0.018311981111764908,0.0002
12228.0,26.0,0.012837444432079792,0.0002
12229.0,26.0,0.0176572073251009,0.0002
12230.0,26.0,0.017863139510154724,0.0002
12231.0,26.0,0.014034267514944077,0.0002
12232.0,26.0,0.01950090192258358,0.0002
12233.0,26.0,0.017044298350811005,0.0002
12234.0,26.0,0.01474177185446024,0.0002
12235.0,26.0,0.016310986131429672,0.0002
12236.0,26.0,0.012717549689114094,0.0002
12237.0,26.0,0.014810368418693542,0.0002
12238.0,26.0,0.015387199819087982,0.0002
12239.0,26.0,0.015337754972279072,0.0002
12240.0,26.0,0.0222075954079628,0.0002
12241.0,26.0,0.015271021984517574,0.0002
12242.0,26.0,0.017224900424480438,0.0002
12243.0,26.0,0.012535260058939457,0.0002
12244.0,26.0,0.014793922193348408,0.0002
12245.0,26.0,0.014975067228078842,0.0002
12246.0,26.0,0.013610495254397392,0.0002
12247.0,26.0,0.015620272606611252,0.0002
12248.0,26.0,0.014884918928146362,0.0002
12249.0,26.0,0.015299685299396515,0.0002
12250.0,26.0,0.015582880936563015,0.0002
12251.0,26.0,0.015762582421302795,0.0002
12252.0,26.0,0.01330636441707611,0.0002
12253.0,26.0,0.014370406046509743,0.0002
12254.0,26.0,0.013040930964052677,0.0002
12255.0,26.0,0.013049490749835968,0.0002
12256.0,26.0,0.014437568373978138,0.0002
12257.0,26.0,0.016513220965862274,0.0002
12258.0,26.0,0.017057260498404503,0.0002
12259.0,26.0,0.017474878579378128,0.0002
12260.0,26.0,0.01316761039197445,0.0002
12261.0,26.0,0.013718829490244389,0.0002
12262.0,26.0,0.017128998413681984,0.0002
12263.0,26.0,0.016116324812173843,0.0002
12264.0,26.0,0.014392407611012459,0.0002
12265.0,26.0,0.013669867068529129,0.0002
12266.0,26.0,0.017508614808321,0.0002
12267.0,26.0,0.011584476567804813,0.0002
12268.0,26.0,0.015183106996119022,0.0002
12269.0,26.0,0.014968814328312874,0.0002
12270.0,26.0,0.01560397632420063,0.0002
12271.0,26.0,0.014474748633801937,0.0002
12272.0,26.0,0.013825226575136185,0.0002
12273.0,26.0,0.016102872788906097,0.0002
12274.0,26.0,0.02160721831023693,0.0002
12275.0,26.0,0.013670037500560284,0.0002
12276.0,26.0,0.012933285906910896,0.0002
12277.0,26.0,0.017755672335624695,0.0002
12278.0,26.0,0.014041079208254814,0.0002
12279.0,26.0,0.016432195901870728,0.0002
12280.0,26.0,0.015728214755654335,0.0002
12281.0,26.0,0.014501115307211876,0.0002
12282.0,26.0,0.012094808742403984,0.0002
12283.0,26.0,0.016887854784727097,0.0002
12284.0,26.0,0.01569332182407379,0.0002
12285.0,26.0,0.0165614765137434,0.0002
12286.0,26.0,0.017980925738811493,0.0002
12287.0,26.0,0.013444250449538231,0.0002
12288.0,26.0,0.017809897661209106,0.0002
12289.0,26.0,0.015529945492744446,0.0002
12290.0,26.0,0.010330805554986,0.0002
12291.0,26.0,0.014720942825078964,0.0002
12292.0,26.0,0.017029043287038803,0.0002
12293.0,26.0,0.013127102516591549,0.0002
12294.0,26.0,0.015319567173719406,0.0002
12295.0,26.0,0.01851285994052887,0.0002
12296.0,26.0,0.015067597851157188,0.0002
12297.0,26.0,0.01400071196258068,0.0002
12298.0,26.0,0.016748089343309402,0.0002
12299.0,26.0,0.014253292232751846,0.0002
12300.0,26.0,0.01641117036342621,0.0002
12301.0,26.0,0.013764291070401669,0.0002
12302.0,26.0,0.01793409138917923,0.0002
12303.0,26.0,0.015048935078084469,0.0002
12304.0,26.0,0.014033224433660507,0.0002
12305.0,26.0,0.017030300572514534,0.0002
12306.0,26.0,0.016893647611141205,0.0002
12307.0,26.0,0.013271857053041458,0.0002
12308.0,26.0,0.01634645089507103,0.0002
12309.0,26.0,0.014893455430865288,0.0002
12310.0,26.0,0.015341546386480331,0.0002
12311.0,26.0,0.015549781732261181,0.0002
12312.0,26.0,0.018123440444469452,0.0002
12313.0,26.0,0.014038074761629105,0.0002
12314.0,26.0,0.013895183801651001,0.0002
12315.0,26.0,0.015975670889019966,0.0002
12316.0,26.0,0.014419606886804104,0.0002
12317.0,26.0,0.015571152791380882,0.0002
12318.0,26.0,0.015359202399849892,0.0002
12319.0,26.0,0.015122789889574051,0.0002
12320.0,26.0,0.013929305598139763,0.0002
12321.0,26.0,0.015523074194788933,0.0002
12322.0,26.0,0.01837712526321411,0.0002
12323.0,26.0,0.01648569479584694,0.0002
12324.0,26.0,0.01724981516599655,0.0002
12325.0,26.0,0.014386378228664398,0.0002
12326.0,26.0,0.015885282307863235,0.0002
12327.0,26.0,0.016898319125175476,0.0002
12328.0,26.0,0.016698762774467468,0.0002
12329.0,26.0,0.019706912338733673,0.0002
12330.0,26.0,0.013976499438285828,0.0002
12331.0,26.0,0.01694902405142784,0.0002
12332.0,26.0,0.017620429396629333,0.0002
12333.0,26.0,0.012942095287144184,0.0002
12334.0,26.0,0.013368397951126099,0.0002
12335.0,26.0,0.01178661733865738,0.0002
12336.0,26.0,0.015254640951752663,0.0002
12337.0,26.0,0.013556858524680138,0.0002
12338.0,26.0,0.012074754573404789,0.0002
12339.0,26.0,0.01411743089556694,0.0002
12340.0,26.0,0.014653048478066921,0.0002
12341.0,26.0,0.016416726633906364,0.0002
12342.0,26.0,0.015296217054128647,0.0002
12343.0,26.0,0.015738792717456818,0.0002
12344.0,26.0,0.01672688126564026,0.0002
12345.0,26.0,0.014590570703148842,0.0002
12346.0,26.0,0.017758117988705635,0.0002
12347.0,26.0,0.01691802218556404,0.0002
12348.0,26.0,0.016394153237342834,0.0002
12349.0,26.0,0.015065103769302368,0.0002
12350.0,26.0,0.01695573888719082,0.0002
12351.0,26.0,0.013733407482504845,0.0002
12352.0,26.0,0.013169074431061745,0.0002
12353.0,26.0,0.014548932202160358,0.0002
12354.0,26.0,0.014889335259795189,0.0002
12355.0,26.0,0.01399677712470293,0.0002
12356.0,26.0,0.01789877377450466,0.0002
12357.0,26.0,0.019084908068180084,0.0002
12358.0,26.0,0.014015575870871544,0.0002
12359.0,26.0,0.012924681417644024,0.0002
12360.0,26.0,0.013401702046394348,0.0002
12361.0,26.0,0.018270302563905716,0.0002
12362.0,26.0,0.01606731116771698,0.0002
12363.0,26.0,0.019188959151506424,0.0002
12364.0,26.0,0.01586397923529148,0.0002
12365.0,26.0,0.017733365297317505,0.0002
12366.0,26.0,0.017852136865258217,0.0002
12367.0,26.0,0.01344237755984068,0.0002
12368.0,26.0,0.02030971460044384,0.0002
12369.0,26.0,0.015081477351486683,0.0002
12370.0,26.0,0.01722043566405773,0.0002
12371.0,26.0,0.013147887773811817,0.0002
12372.0,26.0,0.01757766678929329,0.0002
12373.0,26.0,0.015844009816646576,0.0002
12374.0,26.0,0.01262291707098484,0.0002
12375.0,26.0,0.01695997640490532,0.0002
12376.0,26.0,0.017115825787186623,0.0002
12377.0,26.0,0.01779276691377163,0.0002
12378.0,26.0,0.014505099505186081,0.0002
12379.0,26.0,0.013699200004339218,0.0002
12380.0,26.0,0.012643540278077126,0.0002
12381.0,26.0,0.017146416008472443,0.0002
12382.0,26.0,0.01298562902957201,0.0002
12383.0,26.0,0.015855416655540466,0.0002
12384.0,26.0,0.016014644876122475,0.0002
12385.0,26.0,0.015510635450482368,0.0002
12386.0,26.0,0.01938115432858467,0.0002
12387.0,26.0,0.020056631416082382,0.0002
12388.0,26.0,0.01423996314406395,0.0002
12389.0,26.0,0.012517723254859447,0.0002
12390.0,26.0,0.017804061993956566,0.0002
12391.0,26.0,0.014217649586498737,0.0002
12392.0,26.0,0.014200335368514061,0.0002
12393.0,26.0,0.012486529536545277,0.0002
12394.0,26.0,0.013453547842800617,0.0002
12395.0,26.0,0.018452545627951622,0.0002
12396.0,26.0,0.014707710593938828,0.0002
12397.0,26.0,0.01696411892771721,0.0002
12398.0,26.0,0.01938663050532341,0.0002
12399.0,26.0,0.019179385155439377,0.0002
12400.0,26.0,0.022073622792959213,0.0002
12401.0,26.0,0.014293628744781017,0.0002
12402.0,26.0,0.016108281910419464,0.0002
12403.0,26.0,0.015562932938337326,0.0002
12404.0,26.0,0.015436863526701927,0.0002
12405.0,26.0,0.015517273917794228,0.0002
12406.0,26.0,0.015321404673159122,0.0002
12407.0,26.0,0.013011300005018711,0.0002
12408.0,26.0,0.015822263434529305,0.0002
12409.0,26.0,0.01732393354177475,0.0002
12410.0,26.0,0.015205958858132362,0.0002
12411.0,26.0,0.01837456226348877,0.0002
12412.0,26.0,0.016224229708313942,0.0002
12413.0,26.0,0.015125395730137825,0.0002
12414.0,26.0,0.014060704037547112,0.0002
12415.0,26.0,0.014102386310696602,0.0002
12416.0,26.0,0.013928327709436417,0.0002
12417.0,26.0,0.01721029542386532,0.0002
12418.0,26.0,0.01670420728623867,0.0002
12419.0,26.0,0.014684190973639488,0.0002
12420.0,26.0,0.014244936406612396,0.0002
12421.0,26.0,0.01501526404172182,0.0002
12422.0,26.0,0.016452524811029434,0.0002
12423.0,26.0,0.013294585980474949,0.0002
12424.0,26.0,0.016316186636686325,0.0002
12425.0,26.0,0.0150994211435318,0.0002
12426.0,26.0,0.016043618321418762,0.0002
12427.0,26.0,0.013634447939693928,0.0002
12428.0,26.0,0.017466217279434204,0.0002
12429.0,26.0,0.01784544065594673,0.0002
12430.0,26.0,0.017148762941360474,0.0002
12431.0,26.0,0.016833217814564705,0.0002
12432.0,26.0,0.012651171535253525,0.0002
12433.0,26.0,0.01642606034874916,0.0002
12434.0,26.0,0.01758483424782753,0.0002
12435.0,26.0,0.01294152531772852,0.0002
12436.0,26.0,0.014820549637079239,0.0002
12437.0,26.0,0.014446958899497986,0.0002
12438.0,26.0,0.019128870218992233,0.0002
12439.0,26.0,0.022819936275482178,0.0002
12440.0,26.0,0.01618397794663906,0.0002
12441.0,26.0,0.01464899256825447,0.0002
12442.0,26.0,0.019004369154572487,0.0002
12443.0,26.0,0.017443813383579254,0.0002
12444.0,26.0,0.012277061119675636,0.0002
12445.0,26.0,0.018016913905739784,0.0002
12446.0,26.0,0.013524474576115608,0.0002
12447.0,26.0,0.016374913975596428,0.0002
12448.0,26.0,0.012820886448025703,0.0002
12449.0,26.0,0.014356344938278198,0.0002
12450.0,26.0,0.019385458901524544,0.0002
12451.0,26.0,0.016253594309091568,0.0002
12452.0,26.0,0.014890596270561218,0.0002
12453.0,26.0,0.017018955200910568,0.0002
12454.0,26.0,0.01731427013874054,0.0002
12455.0,26.0,0.015133919194340706,0.0002
12456.0,26.0,0.014826051890850067,0.0002
12457.0,26.0,0.01494202483445406,0.0002
12458.0,26.0,0.012927885167300701,0.0002
12459.0,26.0,0.016032423824071884,0.0002
12460.0,26.0,0.02129206247627735,0.0002
12461.0,26.0,0.014862294308841228,0.0002
12462.0,26.0,0.014835533685982227,0.0002
12463.0,26.0,0.015710754320025444,0.0002
12464.0,26.0,0.01513027586042881,0.0002
12465.0,26.0,0.01964471861720085,0.0002
12466.0,26.0,0.012136478908360004,0.0002
12467.0,26.0,0.016233855858445168,0.0002
12468.0,26.0,0.013750167563557625,0.0002
12469.0,26.0,0.016159996390342712,0.0002
12470.0,26.0,0.014768704771995544,0.0002
12471.0,26.0,0.019337959587574005,0.0002
12472.0,26.0,0.0158673245459795,0.0002
12473.0,26.0,0.017111005261540413,0.0002
12474.0,26.0,0.01894937828183174,0.0002
12475.0,26.0,0.015607427805662155,0.0002
12476.0,26.0,0.01420978270471096,0.0002
12477.0,26.0,0.013331844471395016,0.0002
12478.0,26.0,0.0128273144364357,0.0002
12479.0,26.0,0.014918921515345573,0.0002
12480.0,26.0,0.015314520336687565,0.0002
12481.0,26.0,0.01872013881802559,0.0002
12482.0,26.0,0.015157277695834637,0.0002
12483.0,26.0,0.01761549711227417,0.0002
12484.0,26.0,0.016536906361579895,0.0002
12485.0,26.0,0.015544443391263485,0.0002
12486.0,26.0,0.020519506186246872,0.0002
12487.0,26.0,0.013786312192678452,0.0002
12488.0,26.0,0.0173942968249321,0.0002
12489.0,26.0,0.019500821828842163,0.0002
12490.0,26.0,0.014059958048164845,0.0002
12491.0,26.0,0.015788380056619644,0.0002
12492.0,26.0,0.016107987612485886,0.0002
12493.0,26.0,0.013088509440422058,0.0002
12494.0,26.0,0.013791726902127266,0.0002
12495.0,26.0,0.016406895592808723,0.0002
12496.0,26.0,0.014292238280177116,0.0002
12497.0,26.0,0.01652577519416809,0.0002
12498.0,26.0,0.015903601422905922,0.0002
12499.0,26.0,0.012926457449793816,0.0002
12500.0,26.0,0.014061011373996735,0.0002
12501.0,26.0,0.015834487974643707,0.0002
12502.0,26.0,0.015945708379149437,0.0002
12503.0,26.0,0.01471399050205946,0.0002
12504.0,26.0,0.017012830823659897,0.0002
12505.0,26.0,0.015849050134420395,0.0002
12506.0,26.0,0.016073081642389297,0.0002
12507.0,26.0,0.019642148166894913,0.0002
12508.0,26.0,0.01881318911910057,0.0002
12509.0,26.0,0.015516968443989754,0.0002
12510.0,26.0,0.0161664467304945,0.0002
12511.0,26.0,0.017461257055401802,0.0002
12512.0,26.0,0.01086868904531002,0.0002
12513.0,26.0,0.015468322671949863,0.0002
12514.0,26.0,0.015856176614761353,0.0002
12515.0,26.0,0.013857210986316204,0.0002
12516.0,26.0,0.018146652728319168,0.0002
12517.0,26.0,0.014587940648198128,0.0002
12518.0,26.0,0.014477978460490704,0.0002
12519.0,26.0,0.018502771854400635,0.0002
12520.0,26.0,0.013673914596438408,0.0002
12521.0,26.0,0.01708298549056053,0.0002
12522.0,26.0,0.016293209046125412,0.0002
12523.0,26.0,0.018575254827737808,0.0002
12524.0,26.0,0.019008241593837738,0.0002
12525.0,26.0,0.01332349143922329,0.0002
12526.0,26.0,0.01643378473818302,0.0002
12527.0,26.0,0.014392783865332603,0.0002
12528.0,26.0,0.015197299420833588,0.0002
12529.0,26.0,0.01695525273680687,0.0002
12530.0,26.0,0.01214081235229969,0.0002
12531.0,26.0,0.012491163797676563,0.0002
12532.0,26.0,0.015190194360911846,0.0002
12533.0,26.0,0.013050843961536884,0.0002
12534.0,26.0,0.016220372170209885,0.0002
12535.0,26.0,0.0188339464366436,0.0002
12536.0,26.0,0.013999171555042267,0.0002
12537.0,26.0,0.01858566515147686,0.0002
12538.0,26.0,0.014977673068642616,0.0002
12539.0,26.0,0.014590000733733177,0.0002
12540.0,26.0,0.015043032355606556,0.0002
12541.0,26.0,0.015095997601747513,0.0002
12542.0,26.0,0.01736624352633953,0.0002
12543.0,26.0,0.017132554203271866,0.0002
12544.0,26.0,0.01293176133185625,0.0002
12545.0,26.0,0.01498889084905386,0.0002
12546.0,26.0,0.012397445738315582,0.0002
12547.0,26.0,0.017201736569404602,0.0002
12548.0,26.0,0.01552368700504303,0.0002
12549.0,26.0,0.012885399162769318,0.0002
12550.0,26.0,0.019208747893571854,0.0002
12551.0,26.0,0.015167096629738808,0.0002
12552.0,26.0,0.013534397818148136,0.0002
12553.0,26.0,0.016201624646782875,0.0002
12554.0,26.0,0.013873374089598656,0.0002
12555.0,26.0,0.013638134114444256,0.0002
12556.0,26.0,0.017351748421788216,0.0002
12557.0,26.0,0.014306308701634407,0.0002
12558.0,26.0,0.013483161106705666,0.0002
12559.0,26.0,0.01477071177214384,0.0002
12560.0,26.0,0.012284144759178162,0.0002
12561.0,26.0,0.015910891816020012,0.0002
12562.0,26.0,0.01318168081343174,0.0002
12563.0,26.0,0.013319883495569229,0.0002
12564.0,26.0,0.018074797466397285,0.0002
12565.0,26.0,0.013290701434016228,0.0002
12566.0,26.0,0.013490554876625538,0.0002
12567.0,26.0,0.012016044929623604,0.0002
12568.0,26.0,0.01634543389081955,0.0002
12569.0,26.0,0.014345105737447739,0.0002
12570.0,26.0,0.012377082370221615,0.0002
12571.0,26.0,0.013740984722971916,0.0002
12572.0,26.0,0.015985988080501556,0.0002
12573.0,26.0,0.014316242188215256,0.0002
12574.0,26.0,0.017148762941360474,0.0002
12575.0,26.0,0.019913163036108017,0.0002
12576.0,26.0,0.01824641041457653,0.0002
12577.0,26.0,0.01373528502881527,0.0002
12578.0,26.0,0.013475902378559113,0.0002
12579.0,26.0,0.018588842824101448,0.0002
12580.0,26.0,0.015128884464502335,0.0002
12581.0,26.0,0.015720326453447342,0.0002
12582.0,26.0,0.014630487188696861,0.0002
12583.0,26.0,0.019514363259077072,0.0002
12584.0,26.0,0.016072329133749008,0.0002
12585.0,26.0,0.015036880038678646,0.0002
12586.0,26.0,0.017818227410316467,0.0002
12587.0,26.0,0.01640298031270504,0.0002
12588.0,26.0,0.0177379809319973,0.0002
12589.0,26.0,0.014996903948485851,0.0002
12590.0,26.0,0.01408410631120205,0.0002
12591.0,26.0,0.014967456459999084,0.0002
12592.0,26.0,0.016519226133823395,0.0002
12593.0,26.0,0.0181684959679842,0.0002
12594.0,26.0,0.011822018772363663,0.0002
12595.0,26.0,0.015725059434771538,0.0002
12596.0,26.0,0.018991125747561455,0.0002
12597.0,26.0,0.014487006701529026,0.0002
12598.0,26.0,0.013646448031067848,0.0002
12599.0,26.0,0.0187135748565197,0.0002
12600.0,26.0,0.018720436841249466,0.0002
12601.0,26.0,0.017884641885757446,0.0002
12602.0,26.0,0.013443798758089542,0.0002
12603.0,26.0,0.012327492237091064,0.0002
12604.0,26.0,0.016306916251778603,0.0002
12605.0,26.0,0.014546005986630917,0.0002
12606.0,26.0,0.016797877848148346,0.0002
12607.0,26.0,0.01809028349816799,0.0002
12608.0,26.0,0.015666957944631577,0.0002
12609.0,26.0,0.017454814165830612,0.0002
12610.0,26.0,0.01692458800971508,0.0002
12611.0,26.0,0.015582798980176449,0.0002
12612.0,26.0,0.019258303567767143,0.0002
12613.0,26.0,0.013909915462136269,0.0002
12614.0,26.0,0.013177115470170975,0.0002
12615.0,26.0,0.019464148208498955,0.0002
12616.0,26.0,0.01461575087159872,0.0002
12617.0,26.0,0.012117413803935051,0.0002
12618.0,26.0,0.013118606992065907,0.0002
12619.0,26.0,0.016705568879842758,0.0002
12620.0,26.0,0.01722658798098564,0.0002
12621.0,26.0,0.015432726591825485,0.0002
12622.0,26.0,0.017823800444602966,0.0002
12623.0,26.0,0.014172621071338654,0.0002
12624.0,26.0,0.018395960330963135,0.0002
12625.0,26.0,0.01728515326976776,0.0002
12626.0,26.0,0.016485800966620445,0.0002
12627.0,26.0,0.01575343869626522,0.0002
12628.0,26.0,0.014577335678040981,0.0002
12629.0,26.0,0.01606859266757965,0.0002
12630.0,26.0,0.014174946583807468,0.0002
12631.0,26.0,0.01606845296919346,0.0002
12632.0,26.0,0.016585692763328552,0.0002
12633.0,26.0,0.0119700962677598,0.0002
12634.0,26.0,0.0177961066365242,0.0002
12635.0,26.0,0.018710143864154816,0.0002
12636.0,26.0,0.011512922123074532,0.0002
12637.0,27.0,0.01832818239927292,0.0002
12638.0,27.0,0.01616961881518364,0.0002
12639.0,27.0,0.015399137511849403,0.0002
12640.0,27.0,0.014034134335815907,0.0002
12641.0,27.0,0.02056458592414856,0.0002
12642.0,27.0,0.012167105451226234,0.0002
12643.0,27.0,0.012221435084939003,0.0002
12644.0,27.0,0.014952140860259533,0.0002
12645.0,27.0,0.013656234368681908,0.0002
12646.0,27.0,0.01756438985466957,0.0002
12647.0,27.0,0.01745772920548916,0.0002
12648.0,27.0,0.013304819352924824,0.0002
12649.0,27.0,0.017146559432148933,0.0002
12650.0,27.0,0.01625213399529457,0.0002
12651.0,27.0,0.014891301281750202,0.0002
12652.0,27.0,0.012403984554111958,0.0002
12653.0,27.0,0.015936538577079773,0.0002
12654.0,27.0,0.019055578857660294,0.0002
12655.0,27.0,0.013336272910237312,0.0002
12656.0,27.0,0.01447279378771782,0.0002
12657.0,27.0,0.015934769064188004,0.0002
12658.0,27.0,0.010687744244933128,0.0002
12659.0,27.0,0.017027784138917923,0.0002
12660.0,27.0,0.015567203983664513,0.0002
12661.0,27.0,0.018729399889707565,0.0002
12662.0,27.0,0.017154820263385773,0.0002
12663.0,27.0,0.01621336117386818,0.0002
12664.0,27.0,0.015750594437122345,0.0002
12665.0,27.0,0.015463415533304214,0.0002
12666.0,27.0,0.013999229297041893,0.0002
12667.0,27.0,0.019237332046031952,0.0002
12668.0,27.0,0.014116846956312656,0.0002
12669.0,27.0,0.01247172150760889,0.0002
12670.0,27.0,0.014530397951602936,0.0002
12671.0,27.0,0.011046205647289753,0.0002
12672.0,27.0,0.01808028668165207,0.0002
12673.0,27.0,0.016801957041025162,0.0002
12674.0,27.0,0.014120359905064106,0.0002
12675.0,27.0,0.02094438299536705,0.0002
12676.0,27.0,0.017979241907596588,0.0002
12677.0,27.0,0.016420118510723114,0.0002
12678.0,27.0,0.015360914170742035,0.0002
12679.0,27.0,0.01340470090508461,0.0002
12680.0,27.0,0.016451392322778702,0.0002
12681.0,27.0,0.018703153356909752,0.0002
12682.0,27.0,0.013685944490134716,0.0002
12683.0,27.0,0.01261259987950325,0.0002
12684.0,27.0,0.019101440906524658,0.0002
12685.0,27.0,0.0135227395221591,0.0002
12686.0,27.0,0.018503015860915184,0.0002
12687.0,27.0,0.01590684801340103,0.0002
12688.0,27.0,0.016571607440710068,0.0002
12689.0,27.0,0.020430807024240494,0.0002
12690.0,27.0,0.018725844100117683,0.0002
12691.0,27.0,0.013805828988552094,0.0002
12692.0,27.0,0.01524030975997448,0.0002
12693.0,27.0,0.013908714056015015,0.0002
12694.0,27.0,0.015019145794212818,0.0002
12695.0,27.0,0.014327792450785637,0.0002
12696.0,27.0,0.014780763536691666,0.0002
12697.0,27.0,0.013037081807851791,0.0002
12698.0,27.0,0.01232635136693716,0.0002
12699.0,27.0,0.013680469244718552,0.0002
12700.0,27.0,0.017475025728344917,0.0002
12701.0,27.0,0.01732037216424942,0.0002
12702.0,27.0,0.01295590028166771,0.0002
12703.0,27.0,0.01262318342924118,0.0002
12704.0,27.0,0.015605119988322258,0.0002
12705.0,27.0,0.014507882297039032,0.0002
12706.0,27.0,0.014423856511712074,0.0002
12707.0,27.0,0.014380736276507378,0.0002
12708.0,27.0,0.016689959913492203,0.0002
12709.0,27.0,0.0133578572422266,0.0002
12710.0,27.0,0.014813506044447422,0.0002
12711.0,27.0,0.015067958272993565,0.0002
12712.0,27.0,0.01900690793991089,0.0002
12713.0,27.0,0.012844434008002281,0.0002
12714.0,27.0,0.015338162891566753,0.0002
12715.0,27.0,0.016671502962708473,0.0002
12716.0,27.0,0.015134168788790703,0.0002
12717.0,27.0,0.015093233436346054,0.0002
12718.0,27.0,0.01655087061226368,0.0002
12719.0,27.0,0.01802888698875904,0.0002
12720.0,27.0,0.016316130757331848,0.0002
12721.0,27.0,0.021391121670603752,0.0002
12722.0,27.0,0.01643501967191696,0.0002
12723.0,27.0,0.014096168801188469,0.0002
12724.0,27.0,0.012581877410411835,0.0002
12725.0,27.0,0.015509206801652908,0.0002
12726.0,27.0,0.01811375841498375,0.0002
12727.0,27.0,0.018821995705366135,0.0002
12728.0,27.0,0.014369061216711998,0.0002
12729.0,27.0,0.015672976151108742,0.0002
12730.0,27.0,0.015070728957653046,0.0002
12731.0,27.0,0.014716066420078278,0.0002
12732.0,27.0,0.014509975910186768,0.0002
12733.0,27.0,0.013580572791397572,0.0002
12734.0,27.0,0.01403401605784893,0.0002
12735.0,27.0,0.017351586371660233,0.0002
12736.0,27.0,0.014901027083396912,0.0002
12737.0,27.0,0.014738887548446655,0.0002
12738.0,27.0,0.014902748167514801,0.0002
12739.0,27.0,0.016036977991461754,0.0002
12740.0,27.0,0.014641162008047104,0.0002
12741.0,27.0,0.016083283349871635,0.0002
12742.0,27.0,0.013730088248848915,0.0002
12743.0,27.0,0.016512185335159302,0.0002
12744.0,27.0,0.013883720152080059,0.0002
12745.0,27.0,0.015825822949409485,0.0002
12746.0,27.0,0.012448025867342949,0.0002
12747.0,27.0,0.013584950938820839,0.0002
12748.0,27.0,0.0158788301050663,0.0002
12749.0,27.0,0.012741468846797943,0.0002
12750.0,27.0,0.016866281628608704,0.0002
12751.0,27.0,0.012734795920550823,0.0002
12752.0,27.0,0.015431372448801994,0.0002
12753.0,27.0,0.018051087856292725,0.0002
12754.0,27.0,0.01386713981628418,0.0002
12755.0,27.0,0.013750417158007622,0.0002
12756.0,27.0,0.017239827662706375,0.0002
12757.0,27.0,0.014871791936457157,0.0002
12758.0,27.0,0.01702217012643814,0.0002
12759.0,27.0,0.01833871379494667,0.0002
12760.0,27.0,0.01891055703163147,0.0002
12761.0,27.0,0.015431352891027927,0.0002
12762.0,27.0,0.015831908211112022,0.0002
12763.0,27.0,0.01439790427684784,0.0002
12764.0,27.0,0.014235442504286766,0.0002
12765.0,27.0,0.014804148115217686,0.0002
12766.0,27.0,0.01705213263630867,0.0002
12767.0,27.0,0.01767793670296669,0.0002
12768.0,27.0,0.014635369181632996,0.0002
12769.0,27.0,0.013741269707679749,0.0002
12770.0,27.0,0.01382056251168251,0.0002
12771.0,27.0,0.015320587903261185,0.0002
12772.0,27.0,0.013011569157242775,0.0002
12773.0,27.0,0.01694343611598015,0.0002
12774.0,27.0,0.012651003897190094,0.0002
12775.0,27.0,0.0176100917160511,0.0002
12776.0,27.0,0.012596573680639267,0.0002
12777.0,27.0,0.016528505831956863,0.0002
12778.0,27.0,0.013744941912591457,0.0002
12779.0,27.0,0.014259623363614082,0.0002
12780.0,27.0,0.016596725210547447,0.0002
12781.0,27.0,0.01104726456105709,0.0002
12782.0,27.0,0.01290375180542469,0.0002
12783.0,27.0,0.019542410969734192,0.0002
12784.0,27.0,0.015675056725740433,0.0002
12785.0,27.0,0.01564013957977295,0.0002
12786.0,27.0,0.012566094286739826,0.0002
12787.0,27.0,0.011676561087369919,0.0002
12788.0,27.0,0.015054954215884209,0.0002
12789.0,27.0,0.017551112920045853,0.0002
12790.0,27.0,0.011490300297737122,0.0002
12791.0,27.0,0.016669046133756638,0.0002
12792.0,27.0,0.014811510220170021,0.0002
12793.0,27.0,0.01663915626704693,0.0002
12794.0,27.0,0.01527775265276432,0.0002
12795.0,27.0,0.019476138055324554,0.0002
12796.0,27.0,0.015692640095949173,0.0002
12797.0,27.0,0.015521036460995674,0.0002
12798.0,27.0,0.018665025010704994,0.0002
12799.0,27.0,0.013255261816084385,0.0002
12800.0,27.0,0.015810180455446243,0.0002
12801.0,27.0,0.015318196266889572,0.0002
12802.0,27.0,0.012684841640293598,0.0002
12803.0,27.0,0.013576127588748932,0.0002
12804.0,27.0,0.015552880242466927,0.0002
12805.0,27.0,0.014412177726626396,0.0002
12806.0,27.0,0.016744783148169518,0.0002
12807.0,27.0,0.012569967657327652,0.0002
12808.0,27.0,0.012523533776402473,0.0002
12809.0,27.0,0.0171815212816,0.0002
12810.0,27.0,0.01221233420073986,0.0002
12811.0,27.0,0.01490643247961998,0.0002
12812.0,27.0,0.014674539677798748,0.0002
12813.0,27.0,0.01610170677304268,0.0002
12814.0,27.0,0.015523409470915794,0.0002
12815.0,27.0,0.017568353563547134,0.0002
12816.0,27.0,0.01268867775797844,0.0002
12817.0,27.0,0.015210520476102829,0.0002
12818.0,27.0,0.01846960000693798,0.0002
12819.0,27.0,0.016514305025339127,0.0002
12820.0,27.0,0.016787581145763397,0.0002
12821.0,27.0,0.016161449253559113,0.0002
12822.0,27.0,0.013780132867395878,0.0002
12823.0,27.0,0.017137646675109863,0.0002
12824.0,27.0,0.01838913932442665,0.0002
12825.0,27.0,0.014537821523845196,0.0002
12826.0,27.0,0.017000218853354454,0.0002
12827.0,27.0,0.01713232882320881,0.0002
12828.0,27.0,0.014987152069807053,0.0002
12829.0,27.0,0.019799720495939255,0.0002
12830.0,27.0,0.011915947310626507,0.0002
12831.0,27.0,0.014001229777932167,0.0002
12832.0,27.0,0.021451875567436218,0.0002
12833.0,27.0,0.015161694958806038,0.0002
12834.0,27.0,0.014887580648064613,0.0002
12835.0,27.0,0.01571231707930565,0.0002
12836.0,27.0,0.01351342536509037,0.0002
12837.0,27.0,0.01274267677217722,0.0002
12838.0,27.0,0.016530841588974,0.0002
12839.0,27.0,0.01628221943974495,0.0002
12840.0,27.0,0.014601868577301502,0.0002
12841.0,27.0,0.015461750328540802,0.0002
12842.0,27.0,0.015045037493109703,0.0002
12843.0,27.0,0.015524711459875107,0.0002
12844.0,27.0,0.01430269330739975,0.0002
12845.0,27.0,0.01701686903834343,0.0002
12846.0,27.0,0.013015324249863625,0.0002
12847.0,27.0,0.015585971996188164,0.0002
12848.0,27.0,0.01414488349109888,0.0002
12849.0,27.0,0.016521012410521507,0.0002
12850.0,27.0,0.018831439316272736,0.0002
12851.0,27.0,0.021743394434452057,0.0002
12852.0,27.0,0.015781085938215256,0.0002
12853.0,27.0,0.01609461009502411,0.0002
12854.0,27.0,0.014829822815954685,0.0002
12855.0,27.0,0.017047837376594543,0.0002
12856.0,27.0,0.01077975332736969,0.0002
12857.0,27.0,0.012882741168141365,0.0002
12858.0,27.0,0.013339865952730179,0.0002
12859.0,27.0,0.015811439603567123,0.0002
12860.0,27.0,0.014108755625784397,0.0002
12861.0,27.0,0.016130831092596054,0.0002
12862.0,27.0,0.018472447991371155,0.0002
12863.0,27.0,0.01400029193609953,0.0002
12864.0,27.0,0.0175413116812706,0.0002
12865.0,27.0,0.015616669319570065,0.0002
12866.0,27.0,0.01340215839445591,0.0002
12867.0,27.0,0.015620228834450245,0.0002
12868.0,27.0,0.017136860638856888,0.0002
12869.0,27.0,0.015859611332416534,0.0002
12870.0,27.0,0.016130629926919937,0.0002
12871.0,27.0,0.01526668481528759,0.0002
12872.0,27.0,0.015462498180568218,0.0002
12873.0,27.0,0.01426384411752224,0.0002
12874.0,27.0,0.020796790719032288,0.0002
12875.0,27.0,0.014027384109795094,0.0002
12876.0,27.0,0.013339588418602943,0.0002
12877.0,27.0,0.011439338326454163,0.0002
12878.0,27.0,0.01382623054087162,0.0002
12879.0,27.0,0.01602943241596222,0.0002
12880.0,27.0,0.014841911382973194,0.0002
12881.0,27.0,0.01753745600581169,0.0002
12882.0,27.0,0.016788911074399948,0.0002
12883.0,27.0,0.01455054059624672,0.0002
12884.0,27.0,0.017611773684620857,0.0002
12885.0,27.0,0.018292289227247238,0.0002
12886.0,27.0,0.014191403985023499,0.0002
12887.0,27.0,0.013141206465661526,0.0002
12888.0,27.0,0.01727256365120411,0.0002
12889.0,27.0,0.013853181153535843,0.0002
12890.0,27.0,0.01878347620368004,0.0002
12891.0,27.0,0.015179077163338661,0.0002
12892.0,27.0,0.014559182338416576,0.0002
12893.0,27.0,0.017239395529031754,0.0002
12894.0,27.0,0.018202688544988632,0.0002
12895.0,27.0,0.01430165022611618,0.0002
12896.0,27.0,0.015037688426673412,0.0002
12897.0,27.0,0.01382265891879797,0.0002
12898.0,27.0,0.015518130734562874,0.0002
12899.0,27.0,0.012032685801386833,0.0002
12900.0,27.0,0.015742044895887375,0.0002
12901.0,27.0,0.01438505295664072,0.0002
12902.0,27.0,0.017183955758810043,0.0002
12903.0,27.0,0.016114450991153717,0.0002
12904.0,27.0,0.017273955047130585,0.0002
12905.0,27.0,0.014682643115520477,0.0002
12906.0,27.0,0.01344702485948801,0.0002
12907.0,27.0,0.01724209263920784,0.0002
12908.0,27.0,0.014454794116318226,0.0002
12909.0,27.0,0.017001554369926453,0.0002
12910.0,27.0,0.015982408076524734,0.0002
12911.0,27.0,0.01590316742658615,0.0002
12912.0,27.0,0.01502491720020771,0.0002
12913.0,27.0,0.01345676090568304,0.0002
12914.0,27.0,0.01636675000190735,0.0002
12915.0,27.0,0.01577547937631607,0.0002
12916.0,27.0,0.01728922128677368,0.0002
12917.0,27.0,0.01820008084177971,0.0002
12918.0,27.0,0.015441812574863434,0.0002
12919.0,27.0,0.016115551814436913,0.0002
12920.0,27.0,0.016592737287282944,0.0002
12921.0,27.0,0.017048822715878487,0.0002
12922.0,27.0,0.016184594482183456,0.0002
12923.0,27.0,0.022505953907966614,0.0002
12924.0,27.0,0.018750570714473724,0.0002
12925.0,27.0,0.01691088080406189,0.0002
12926.0,27.0,0.01301994826644659,0.0002
12927.0,27.0,0.01577538251876831,0.0002
12928.0,27.0,0.01479441300034523,0.0002
12929.0,27.0,0.015073170885443687,0.0002
12930.0,27.0,0.015941329300403595,0.0002
12931.0,27.0,0.017544079571962357,0.0002
12932.0,27.0,0.013864967040717602,0.0002
12933.0,27.0,0.014502403326332569,0.0002
12934.0,27.0,0.015036100521683693,0.0002
12935.0,27.0,0.013617802411317825,0.0002
12936.0,27.0,0.014449232257902622,0.0002
12937.0,27.0,0.019446905702352524,0.0002
12938.0,27.0,0.016450470313429832,0.0002
12939.0,27.0,0.016691111028194427,0.0002
12940.0,27.0,0.01472997572273016,0.0002
12941.0,27.0,0.014924779534339905,0.0002
12942.0,27.0,0.01328819990158081,0.0002
12943.0,27.0,0.0149234589189291,0.0002
12944.0,27.0,0.01459744293242693,0.0002
12945.0,27.0,0.013631180860102177,0.0002
12946.0,27.0,0.010531884618103504,0.0002
12947.0,27.0,0.014545493759214878,0.0002
12948.0,27.0,0.01517975889146328,0.0002
12949.0,27.0,0.015862952917814255,0.0002
12950.0,27.0,0.015831388533115387,0.0002
12951.0,27.0,0.015974633395671844,0.0002
12952.0,27.0,0.014955589547753334,0.0002
12953.0,27.0,0.018525835126638412,0.0002
12954.0,27.0,0.015682276338338852,0.0002
12955.0,27.0,0.013735076412558556,0.0002
12956.0,27.0,0.016430042684078217,0.0002
12957.0,27.0,0.014476929791271687,0.0002
12958.0,27.0,0.013339852914214134,0.0002
12959.0,27.0,0.015566880814731121,0.0002
12960.0,27.0,0.015248490497469902,0.0002
12961.0,27.0,0.01765592396259308,0.0002
12962.0,27.0,0.014169592410326004,0.0002
12963.0,27.0,0.018741164356470108,0.0002
12964.0,27.0,0.011247486807405949,0.0002
12965.0,27.0,0.014405772089958191,0.0002
12966.0,27.0,0.012963224202394485,0.0002
12967.0,27.0,0.01657218672335148,0.0002
12968.0,27.0,0.018570907413959503,0.0002
12969.0,27.0,0.016010746359825134,0.0002
12970.0,27.0,0.010591598227620125,0.0002
12971.0,27.0,0.014307111501693726,0.0002
12972.0,27.0,0.014888286590576172,0.0002
12973.0,27.0,0.020018456503748894,0.0002
12974.0,27.0,0.017488151788711548,0.0002
12975.0,27.0,0.012376929633319378,0.0002
12976.0,27.0,0.017518235370516777,0.0002
12977.0,27.0,0.016237113624811172,0.0002
12978.0,27.0,0.016715627163648605,0.0002
12979.0,27.0,0.012442823499441147,0.0002
12980.0,27.0,0.018925432115793228,0.0002
12981.0,27.0,0.017190519720315933,0.0002
12982.0,27.0,0.014589417725801468,0.0002
12983.0,27.0,0.020063482224941254,0.0002
12984.0,27.0,0.013036120682954788,0.0002
12985.0,27.0,0.01603858731687069,0.0002
12986.0,27.0,0.0141595508903265,0.0002
12987.0,27.0,0.016960587352514267,0.0002
12988.0,27.0,0.014370003715157509,0.0002
12989.0,27.0,0.014209932647645473,0.0002
12990.0,27.0,0.015057384967803955,0.0002
12991.0,27.0,0.017823727801442146,0.0002
12992.0,27.0,0.015229974873363972,0.0002
12993.0,27.0,0.013359607197344303,0.0002
12994.0,27.0,0.014305909164249897,0.0002
12995.0,27.0,0.012749440968036652,0.0002
12996.0,27.0,0.018228281289339066,0.0002
12997.0,27.0,0.016454486176371574,0.0002
12998.0,27.0,0.01504553109407425,0.0002
12999.0,27.0,0.01456054300069809,0.0002
13000.0,27.0,0.017705634236335754,0.0002
13001.0,27.0,0.014046862721443176,0.0002
13002.0,27.0,0.012389403767883778,0.0002
13003.0,27.0,0.015503382310271263,0.0002
13004.0,27.0,0.0170319601893425,0.0002
13005.0,27.0,0.011266425251960754,0.0002
13006.0,27.0,0.017592836171388626,0.0002
13007.0,27.0,0.01663322187960148,0.0002
13008.0,27.0,0.014155744574964046,0.0002
13009.0,27.0,0.015515564940869808,0.0002
13010.0,27.0,0.015231284312903881,0.0002
13011.0,27.0,0.011459616012871265,0.0002
13012.0,27.0,0.013060357421636581,0.0002
13013.0,27.0,0.019037356600165367,0.0002
13014.0,27.0,0.0154797974973917,0.0002
13015.0,27.0,0.010923326946794987,0.0002
13016.0,27.0,0.017185918986797333,0.0002
13017.0,27.0,0.013102134689688683,0.0002
13018.0,27.0,0.017503175884485245,0.0002
13019.0,27.0,0.0117893535643816,0.0002
13020.0,27.0,0.014276035130023956,0.0002
13021.0,27.0,0.01620492897927761,0.0002
13022.0,27.0,0.015036510303616524,0.0002
13023.0,27.0,0.015602597035467625,0.0002
13024.0,27.0,0.013135360553860664,0.0002
13025.0,27.0,0.015323352068662643,0.0002
13026.0,27.0,0.016709469258785248,0.0002
13027.0,27.0,0.013538235798478127,0.0002
13028.0,27.0,0.01589333266019821,0.0002
13029.0,27.0,0.015069743618369102,0.0002
13030.0,27.0,0.016143223270773888,0.0002
13031.0,27.0,0.015291045419871807,0.0002
13032.0,27.0,0.013168741017580032,0.0002
13033.0,27.0,0.016482044011354446,0.0002
13034.0,27.0,0.0162985660135746,0.0002
13035.0,27.0,0.0151751097291708,0.0002
13036.0,27.0,0.01203155517578125,0.0002
13037.0,27.0,0.014285864308476448,0.0002
13038.0,27.0,0.012760943733155727,0.0002
13039.0,27.0,0.012894010171294212,0.0002
13040.0,27.0,0.012717209756374359,0.0002
13041.0,27.0,0.011999549344182014,0.0002
13042.0,27.0,0.015379074960947037,0.0002
13043.0,27.0,0.013109592720866203,0.0002
13044.0,27.0,0.014099819585680962,0.0002
13045.0,27.0,0.016544703394174576,0.0002
13046.0,27.0,0.017456358298659325,0.0002
13047.0,27.0,0.012585240416228771,0.0002
13048.0,27.0,0.015083491802215576,0.0002
13049.0,27.0,0.016626164317131042,0.0002
13050.0,27.0,0.015639811754226685,0.0002
13051.0,27.0,0.01363444048911333,0.0002
13052.0,27.0,0.0155800087377429,0.0002
13053.0,27.0,0.014957145787775517,0.0002
13054.0,27.0,0.012179002165794373,0.0002
13055.0,27.0,0.015028947964310646,0.0002
13056.0,27.0,0.014034307561814785,0.0002
13057.0,27.0,0.01409202627837658,0.0002
13058.0,27.0,0.013586854562163353,0.0002
13059.0,27.0,0.014442246407270432,0.0002
13060.0,27.0,0.01528930850327015,0.0002
13061.0,27.0,0.01208079606294632,0.0002
13062.0,27.0,0.011696345172822475,0.0002
13063.0,27.0,0.014964055269956589,0.0002
13064.0,27.0,0.016729414463043213,0.0002
13065.0,27.0,0.015531983226537704,0.0002
13066.0,27.0,0.014983000233769417,0.0002
13067.0,27.0,0.01612398773431778,0.0002
13068.0,27.0,0.016889503225684166,0.0002
13069.0,27.0,0.01098912674933672,0.0002
13070.0,27.0,0.014262151904404163,0.0002
13071.0,27.0,0.013877557590603828,0.0002
13072.0,27.0,0.013659704476594925,0.0002
13073.0,27.0,0.01740356907248497,0.0002
13074.0,27.0,0.013593951240181923,0.0002
13075.0,27.0,0.016565190628170967,0.0002
13076.0,27.0,0.018363257870078087,0.0002
13077.0,27.0,0.015772677958011627,0.0002
13078.0,27.0,0.01566324383020401,0.0002
13079.0,27.0,0.014277061447501183,0.0002
13080.0,27.0,0.015214815735816956,0.0002
13081.0,27.0,0.01744910143315792,0.0002
13082.0,27.0,0.015193397179245949,0.0002
13083.0,27.0,0.01693149097263813,0.0002
13084.0,27.0,0.016422616317868233,0.0002
13085.0,27.0,0.018476614728569984,0.0002
13086.0,27.0,0.016117073595523834,0.0002
13087.0,27.0,0.01633363775908947,0.0002
13088.0,27.0,0.014314857311546803,0.0002
13089.0,27.0,0.016337744891643524,0.0002
13090.0,27.0,0.014340907335281372,0.0002
13091.0,27.0,0.016428085044026375,0.0002
13092.0,27.0,0.018067631870508194,0.0002
13093.0,27.0,0.016875047236680984,0.0002
13094.0,27.0,0.012241188436746597,0.0002
13095.0,27.0,0.015287121757864952,0.0002
13096.0,27.0,0.015920192003250122,0.0002
13097.0,27.0,0.0143839530646801,0.0002
13098.0,27.0,0.01919512264430523,0.0002
13099.0,27.0,0.014092177152633667,0.0002
13100.0,27.0,0.016273191198706627,0.0002
13101.0,27.0,0.015373116359114647,0.0002
13102.0,27.0,0.014543598517775536,0.0002
13103.0,27.0,0.01390569843351841,0.0002
13104.0,27.0,0.015543559566140175,0.0002
13105.0,28.0,0.016256224364042282,0.0002
13106.0,28.0,0.01628924161195755,0.0002
13107.0,28.0,0.016747042536735535,0.0002
13108.0,28.0,0.018870946019887924,0.0002
13109.0,28.0,0.015745118260383606,0.0002
13110.0,28.0,0.016870539635419846,0.0002
13111.0,28.0,0.014238759875297546,0.0002
13112.0,28.0,0.015734635293483734,0.0002
13113.0,28.0,0.0179370678961277,0.0002
13114.0,28.0,0.01300028059631586,0.0002
13115.0,28.0,0.023736130446195602,0.0002
13116.0,28.0,0.01350409910082817,0.0002
13117.0,28.0,0.020112022757530212,0.0002
13118.0,28.0,0.01455712877213955,0.0002
13119.0,28.0,0.017531506717205048,0.0002
13120.0,28.0,0.011363270692527294,0.0002
13121.0,28.0,0.015845581889152527,0.0002
13122.0,28.0,0.02058614417910576,0.0002
13123.0,28.0,0.01693863421678543,0.0002
13124.0,28.0,0.014519799500703812,0.0002
13125.0,28.0,0.013113143853843212,0.0002
13126.0,28.0,0.01568511128425598,0.0002
13127.0,28.0,0.01657579280436039,0.0002
13128.0,28.0,0.01798347383737564,0.0002
13129.0,28.0,0.015849899500608444,0.0002
13130.0,28.0,0.018903037533164024,0.0002
13131.0,28.0,0.01758965663611889,0.0002
13132.0,28.0,0.013302160426974297,0.0002
13133.0,28.0,0.014973025768995285,0.0002
13134.0,28.0,0.015379225835204124,0.0002
13135.0,28.0,0.011697180569171906,0.0002
13136.0,28.0,0.015437130816280842,0.0002
13137.0,28.0,0.014863980934023857,0.0002
13138.0,28.0,0.01824970543384552,0.0002
13139.0,28.0,0.013985060155391693,0.0002
13140.0,28.0,0.015599643811583519,0.0002
13141.0,28.0,0.01667708158493042,0.0002
13142.0,28.0,0.01527000404894352,0.0002
13143.0,28.0,0.01860230788588524,0.0002
13144.0,28.0,0.011750158853828907,0.0002
13145.0,28.0,0.01549320574849844,0.0002
13146.0,28.0,0.01675981655716896,0.0002
13147.0,28.0,0.012773249298334122,0.0002
13148.0,28.0,0.015644755214452744,0.0002
13149.0,28.0,0.01885509118437767,0.0002
13150.0,28.0,0.015603775158524513,0.0002
13151.0,28.0,0.01411205343902111,0.0002
13152.0,28.0,0.017342839390039444,0.0002
13153.0,28.0,0.014270887710154057,0.0002
13154.0,28.0,0.016070125624537468,0.0002
13155.0,28.0,0.017192304134368896,0.0002
13156.0,28.0,0.015392064116895199,0.0002
13157.0,28.0,0.016080206260085106,0.0002
13158.0,28.0,0.014869291335344315,0.0002
13159.0,28.0,0.015706144273281097,0.0002
13160.0,28.0,0.014082417823374271,0.0002
13161.0,28.0,0.020184697583317757,0.0002
13162.0,28.0,0.014866629615426064,0.0002
13163.0,28.0,0.016451288014650345,0.0002
13164.0,28.0,0.015096712857484818,0.0002
13165.0,28.0,0.014377953484654427,0.0002
13166.0,28.0,0.014116806909441948,0.0002
13167.0,28.0,0.014922438189387321,0.0002
13168.0,28.0,0.012055587954819202,0.0002
13169.0,28.0,0.014771267771720886,0.0002
13170.0,28.0,0.017083115875720978,0.0002
13171.0,28.0,0.016749434173107147,0.0002
13172.0,28.0,0.014369403012096882,0.0002
13173.0,28.0,0.016074538230895996,0.0002
13174.0,28.0,0.01282617449760437,0.0002
13175.0,28.0,0.01789041981101036,0.0002
13176.0,28.0,0.015712648630142212,0.0002
13177.0,28.0,0.013474592939019203,0.0002
13178.0,28.0,0.014680573716759682,0.0002
13179.0,28.0,0.015776583924889565,0.0002
13180.0,28.0,0.014768543653190136,0.0002
13181.0,28.0,0.012863955460488796,0.0002
13182.0,28.0,0.013093054294586182,0.0002
13183.0,28.0,0.0166940875351429,0.0002
13184.0,28.0,0.013652780093252659,0.0002
13185.0,28.0,0.01989753171801567,0.0002
13186.0,28.0,0.012785282917320728,0.0002
13187.0,28.0,0.01226506195962429,0.0002
13188.0,28.0,0.017361847683787346,0.0002
13189.0,28.0,0.01904117316007614,0.0002
13190.0,28.0,0.014564027078449726,0.0002
13191.0,28.0,0.015466798096895218,0.0002
13192.0,28.0,0.014753567054867744,0.0002
13193.0,28.0,0.017392899841070175,0.0002
13194.0,28.0,0.01277916133403778,0.0002
13195.0,28.0,0.012706182897090912,0.0002
13196.0,28.0,0.013885912485420704,0.0002
13197.0,28.0,0.01368110254406929,0.0002
13198.0,28.0,0.013015604577958584,0.0002
13199.0,28.0,0.013238933868706226,0.0002
13200.0,28.0,0.013458101078867912,0.0002
13201.0,28.0,0.018543733283877373,0.0002
13202.0,28.0,0.01591428555548191,0.0002
13203.0,28.0,0.014083603397011757,0.0002
13204.0,28.0,0.014452585950493813,0.0002
13205.0,28.0,0.01340496726334095,0.0002
13206.0,28.0,0.01305253617465496,0.0002
13207.0,28.0,0.014088846743106842,0.0002
13208.0,28.0,0.016787061467766762,0.0002
13209.0,28.0,0.018434297293424606,0.0002
13210.0,28.0,0.013855845667421818,0.0002
13211.0,28.0,0.012043442577123642,0.0002
13212.0,28.0,0.015006747096776962,0.0002
13213.0,28.0,0.01319687906652689,0.0002
13214.0,28.0,0.014051306992769241,0.0002
13215.0,28.0,0.013506589457392693,0.0002
13216.0,28.0,0.01407460868358612,0.0002
13217.0,28.0,0.017850453034043312,0.0002
13218.0,28.0,0.014597016386687756,0.0002
13219.0,28.0,0.015495698899030685,0.0002
13220.0,28.0,0.013236735947430134,0.0002
13221.0,28.0,0.01501435972750187,0.0002
13222.0,28.0,0.019304649904370308,0.0002
13223.0,28.0,0.01787421479821205,0.0002
13224.0,28.0,0.018353097140789032,0.0002
13225.0,28.0,0.017791572958230972,0.0002
13226.0,28.0,0.01373275276273489,0.0002
13227.0,28.0,0.014029253274202347,0.0002
13228.0,28.0,0.015030333772301674,0.0002
13229.0,28.0,0.016949158161878586,0.0002
13230.0,28.0,0.011608043685555458,0.0002
13231.0,28.0,0.01729162596166134,0.0002
13232.0,28.0,0.016357839107513428,0.0002
13233.0,28.0,0.016169946640729904,0.0002
13234.0,28.0,0.010793515481054783,0.0002
13235.0,28.0,0.015476605854928493,0.0002
13236.0,28.0,0.01636498048901558,0.0002
13237.0,28.0,0.012161806225776672,0.0002
13238.0,28.0,0.014294222928583622,0.0002
13239.0,28.0,0.017553098499774933,0.0002
13240.0,28.0,0.014098410494625568,0.0002
13241.0,28.0,0.014327948912978172,0.0002
13242.0,28.0,0.015537247061729431,0.0002
13243.0,28.0,0.0144006023183465,0.0002
13244.0,28.0,0.01458139717578888,0.0002
13245.0,28.0,0.014481542631983757,0.0002
13246.0,28.0,0.014822689816355705,0.0002
13247.0,28.0,0.014023525640368462,0.0002
13248.0,28.0,0.015685593709349632,0.0002
13249.0,28.0,0.013853127136826515,0.0002
13250.0,28.0,0.015295295044779778,0.0002
13251.0,28.0,0.016586722806096077,0.0002
13252.0,28.0,0.017590582370758057,0.0002
13253.0,28.0,0.01372787170112133,0.0002
13254.0,28.0,0.01695329323410988,0.0002
13255.0,28.0,0.016959022730588913,0.0002
13256.0,28.0,0.013978889212012291,0.0002
13257.0,28.0,0.01740245148539543,0.0002
13258.0,28.0,0.014170343056321144,0.0002
13259.0,28.0,0.016223981976509094,0.0002
13260.0,28.0,0.014088412746787071,0.0002
13261.0,28.0,0.017176643013954163,0.0002
13262.0,28.0,0.0126617681235075,0.0002
13263.0,28.0,0.018587782979011536,0.0002
13264.0,28.0,0.012379548512399197,0.0002
13265.0,28.0,0.016563858836889267,0.0002
13266.0,28.0,0.01607443019747734,0.0002
13267.0,28.0,0.014385513961315155,0.0002
13268.0,28.0,0.015931718051433563,0.0002
13269.0,28.0,0.013667826540768147,0.0002
13270.0,28.0,0.015396611765027046,0.0002
13271.0,28.0,0.012418368831276894,0.0002
13272.0,28.0,0.015086261555552483,0.0002
13273.0,28.0,0.011819681152701378,0.0002
13274.0,28.0,0.017061389982700348,0.0002
13275.0,28.0,0.013895358890295029,0.0002
13276.0,28.0,0.013996362686157227,0.0002
13277.0,28.0,0.015321092680096626,0.0002
13278.0,28.0,0.015038163401186466,0.0002
13279.0,28.0,0.014611920341849327,0.0002
13280.0,28.0,0.017409756779670715,0.0002
13281.0,28.0,0.010083296336233616,0.0002
13282.0,28.0,0.014104800298810005,0.0002
13283.0,28.0,0.012274104170501232,0.0002
13284.0,28.0,0.011575516313314438,0.0002
13285.0,28.0,0.014846747741103172,0.0002
13286.0,28.0,0.01577676460146904,0.0002
13287.0,28.0,0.016166429966688156,0.0002
13288.0,28.0,0.015142157673835754,0.0002
13289.0,28.0,0.014642931520938873,0.0002
13290.0,28.0,0.015435080975294113,0.0002
13291.0,28.0,0.013864167034626007,0.0002
13292.0,28.0,0.01578497514128685,0.0002
13293.0,28.0,0.013445433229207993,0.0002
13294.0,28.0,0.01475793682038784,0.0002
13295.0,28.0,0.014764534309506416,0.0002
13296.0,28.0,0.017194777727127075,0.0002
13297.0,28.0,0.016797102987766266,0.0002
13298.0,28.0,0.01637285016477108,0.0002
13299.0,28.0,0.01324275229126215,0.0002
13300.0,28.0,0.011579947546124458,0.0002
13301.0,28.0,0.015320779755711555,0.0002
13302.0,28.0,0.012585334479808807,0.0002
13303.0,28.0,0.013497024774551392,0.0002
13304.0,28.0,0.015853025019168854,0.0002
13305.0,28.0,0.012299658730626106,0.0002
13306.0,28.0,0.014547821134328842,0.0002
13307.0,28.0,0.0161532424390316,0.0002
13308.0,28.0,0.01545694563537836,0.0002
13309.0,28.0,0.01190781407058239,0.0002
13310.0,28.0,0.013803358189761639,0.0002
13311.0,28.0,0.016911078244447708,0.0002
13312.0,28.0,0.012826175428926945,0.0002
13313.0,28.0,0.01785418763756752,0.0002
13314.0,28.0,0.015068654902279377,0.0002
13315.0,28.0,0.01764468476176262,0.0002
13316.0,28.0,0.01622914895415306,0.0002
13317.0,28.0,0.013148875907063484,0.0002
13318.0,28.0,0.013096221722662449,0.0002
13319.0,28.0,0.017678894102573395,0.0002
13320.0,28.0,0.016252581030130386,0.0002
13321.0,28.0,0.015101488679647446,0.0002
13322.0,28.0,0.014256495982408524,0.0002
13323.0,28.0,0.015867888927459717,0.0002
13324.0,28.0,0.013174701482057571,0.0002
13325.0,28.0,0.014080274850130081,0.0002
13326.0,28.0,0.012905742041766644,0.0002
13327.0,28.0,0.01625024527311325,0.0002
13328.0,28.0,0.01038298662751913,0.0002
13329.0,28.0,0.015483058989048004,0.0002
13330.0,28.0,0.016686823219060898,0.0002
13331.0,28.0,0.015481727197766304,0.0002
13332.0,28.0,0.01514342986047268,0.0002
13333.0,28.0,0.017269084230065346,0.0002
13334.0,28.0,0.012120907194912434,0.0002
13335.0,28.0,0.014176973141729832,0.0002
13336.0,28.0,0.018637072294950485,0.0002
13337.0,28.0,0.013857899233698845,0.0002
13338.0,28.0,0.016685426235198975,0.0002
13339.0,28.0,0.021327491849660873,0.0002
13340.0,28.0,0.016030065715312958,0.0002
13341.0,28.0,0.014522303827106953,0.0002
13342.0,28.0,0.01657838188111782,0.0002
13343.0,28.0,0.019365981221199036,0.0002
13344.0,28.0,0.01626867800951004,0.0002
13345.0,28.0,0.016829658299684525,0.0002
13346.0,28.0,0.012983523309230804,0.0002
13347.0,28.0,0.018181495368480682,0.0002
13348.0,28.0,0.016156822443008423,0.0002
13349.0,28.0,0.014443525113165379,0.0002
13350.0,28.0,0.01998649723827839,0.0002
13351.0,28.0,0.013830089010298252,0.0002
13352.0,28.0,0.011841919273138046,0.0002
13353.0,28.0,0.01845727302134037,0.0002
13354.0,28.0,0.01945774257183075,0.0002
13355.0,28.0,0.01557170134037733,0.0002
13356.0,28.0,0.01612595096230507,0.0002
13357.0,28.0,0.016306541860103607,0.0002
13358.0,28.0,0.011826498433947563,0.0002
13359.0,28.0,0.017452780157327652,0.0002
13360.0,28.0,0.012953466735780239,0.0002
13361.0,28.0,0.014541020616889,0.0002
13362.0,28.0,0.01570408046245575,0.0002
13363.0,28.0,0.01788632944226265,0.0002
13364.0,28.0,0.019835438579320908,0.0002
13365.0,28.0,0.018160123378038406,0.0002
13366.0,28.0,0.014371363446116447,0.0002
13367.0,28.0,0.017124686390161514,0.0002
13368.0,28.0,0.016154728829860687,0.0002
13369.0,28.0,0.010755838826298714,0.0002
13370.0,28.0,0.013215271756052971,0.0002
13371.0,28.0,0.017629800364375114,0.0002
13372.0,28.0,0.016060683876276016,0.0002
13373.0,28.0,0.017674461007118225,0.0002
13374.0,28.0,0.014643852598965168,0.0002
13375.0,28.0,0.014376409351825714,0.0002
13376.0,28.0,0.01498473435640335,0.0002
13377.0,28.0,0.01483212225139141,0.0002
13378.0,28.0,0.01540528703480959,0.0002
13379.0,28.0,0.014263590797781944,0.0002
13380.0,28.0,0.020490054041147232,0.0002
13381.0,28.0,0.015552200376987457,0.0002
13382.0,28.0,0.013930769637227058,0.0002
13383.0,28.0,0.015389886684715748,0.0002
13384.0,28.0,0.01186161208897829,0.0002
13385.0,28.0,0.014616750180721283,0.0002
13386.0,28.0,0.01615024358034134,0.0002
13387.0,28.0,0.014635669067502022,0.0002
13388.0,28.0,0.016792073845863342,0.0002
13389.0,28.0,0.015740137547254562,0.0002
13390.0,28.0,0.016035856679081917,0.0002
13391.0,28.0,0.01580609381198883,0.0002
13392.0,28.0,0.016391519457101822,0.0002
13393.0,28.0,0.015723807737231255,0.0002
13394.0,28.0,0.018085233867168427,0.0002
13395.0,28.0,0.01569567807018757,0.0002
13396.0,28.0,0.015189547091722488,0.0002
13397.0,28.0,0.01507832482457161,0.0002
13398.0,28.0,0.01815124787390232,0.0002
13399.0,28.0,0.01716889813542366,0.0002
13400.0,28.0,0.014234144240617752,0.0002
13401.0,28.0,0.014933913014829159,0.0002
13402.0,28.0,0.013336379081010818,0.0002
13403.0,28.0,0.020032301545143127,0.0002
13404.0,28.0,0.018578791990876198,0.0002
13405.0,28.0,0.0157528817653656,0.0002
13406.0,28.0,0.012767800129950047,0.0002
13407.0,28.0,0.016688130795955658,0.0002
13408.0,28.0,0.014632457867264748,0.0002
13409.0,28.0,0.013837925158441067,0.0002
13410.0,28.0,0.016893090680241585,0.0002
13411.0,28.0,0.019121665507555008,0.0002
13412.0,28.0,0.018657580018043518,0.0002
13413.0,28.0,0.014024884440004826,0.0002
13414.0,28.0,0.01496932003647089,0.0002
13415.0,28.0,0.018659396097064018,0.0002
13416.0,28.0,0.01948004961013794,0.0002
13417.0,28.0,0.014324049465358257,0.0002
13418.0,28.0,0.017443237826228142,0.0002
13419.0,28.0,0.015358325093984604,0.0002
13420.0,28.0,0.01627338118851185,0.0002
13421.0,28.0,0.01774725131690502,0.0002
13422.0,28.0,0.019204840064048767,0.0002
13423.0,28.0,0.014039512723684311,0.0002
13424.0,28.0,0.014803936704993248,0.0002
13425.0,28.0,0.015451307408511639,0.0002
13426.0,28.0,0.015891369432210922,0.0002
13427.0,28.0,0.017617030069231987,0.0002
13428.0,28.0,0.016766438260674477,0.0002
13429.0,28.0,0.01408305112272501,0.0002
13430.0,28.0,0.013100489042699337,0.0002
13431.0,28.0,0.014092282392084599,0.0002
13432.0,28.0,0.016135213896632195,0.0002
13433.0,28.0,0.013820412568747997,0.0002
13434.0,28.0,0.013390512205660343,0.0002
13435.0,28.0,0.018551055341959,0.0002
13436.0,28.0,0.01624966785311699,0.0002
13437.0,28.0,0.018381500616669655,0.0002
13438.0,28.0,0.01897917129099369,0.0002
13439.0,28.0,0.018789440393447876,0.0002
13440.0,28.0,0.018661852926015854,0.0002
13441.0,28.0,0.015983734279870987,0.0002
13442.0,28.0,0.01355030108243227,0.0002
13443.0,28.0,0.012656177394092083,0.0002
13444.0,28.0,0.016031861305236816,0.0002
13445.0,28.0,0.016582854092121124,0.0002
13446.0,28.0,0.019730940461158752,0.0002
13447.0,28.0,0.013321503065526485,0.0002
13448.0,28.0,0.017009394243359566,0.0002
13449.0,28.0,0.015163213945925236,0.0002
13450.0,28.0,0.012960623018443584,0.0002
13451.0,28.0,0.015798144042491913,0.0002
13452.0,28.0,0.013883700594305992,0.0002
13453.0,28.0,0.014066062867641449,0.0002
13454.0,28.0,0.016307109966874123,0.0002
13455.0,28.0,0.014250620268285275,0.0002
13456.0,28.0,0.01573757827281952,0.0002
13457.0,28.0,0.01406516507267952,0.0002
13458.0,28.0,0.014211568050086498,0.0002
13459.0,28.0,0.013265354558825493,0.0002
13460.0,28.0,0.01697222702205181,0.0002
13461.0,28.0,0.015968509018421173,0.0002
13462.0,28.0,0.015458440408110619,0.0002
13463.0,28.0,0.016070155426859856,0.0002
13464.0,28.0,0.016091711819171906,0.0002
13465.0,28.0,0.011552490293979645,0.0002
13466.0,28.0,0.01570780575275421,0.0002
13467.0,28.0,0.015679199248552322,0.0002
13468.0,28.0,0.015044673345983028,0.0002
13469.0,28.0,0.01517687551677227,0.0002
13470.0,28.0,0.013253901153802872,0.0002
13471.0,28.0,0.02026980370283127,0.0002
13472.0,28.0,0.01424532663077116,0.0002
13473.0,28.0,0.013584688305854797,0.0002
13474.0,28.0,0.01662437617778778,0.0002
13475.0,28.0,0.012524032965302467,0.0002
13476.0,28.0,0.01327846385538578,0.0002
13477.0,28.0,0.018768206238746643,0.0002
13478.0,28.0,0.015761371701955795,0.0002
13479.0,28.0,0.014218342490494251,0.0002
13480.0,28.0,0.014503752812743187,0.0002
13481.0,28.0,0.018946615979075432,0.0002
13482.0,28.0,0.012094171717762947,0.0002
13483.0,28.0,0.01573491096496582,0.0002
13484.0,28.0,0.012986944988369942,0.0002
13485.0,28.0,0.015538099221885204,0.0002
13486.0,28.0,0.015183474868535995,0.0002
13487.0,28.0,0.012800093740224838,0.0002
13488.0,28.0,0.013033045455813408,0.0002
13489.0,28.0,0.015641769394278526,0.0002
13490.0,28.0,0.015179496258497238,0.0002
13491.0,28.0,0.014903286471962929,0.0002
13492.0,28.0,0.013118335977196693,0.0002
13493.0,28.0,0.016896288841962814,0.0002
13494.0,28.0,0.014114104211330414,0.0002
13495.0,28.0,0.012158499099314213,0.0002
13496.0,28.0,0.014414981938898563,0.0002
13497.0,28.0,0.01712854392826557,0.0002
13498.0,28.0,0.015205798670649529,0.0002
13499.0,28.0,0.014720837585628033,0.0002
13500.0,28.0,0.015630260109901428,0.0002
13501.0,28.0,0.014540472999215126,0.0002
13502.0,28.0,0.0146407475695014,0.0002
13503.0,28.0,0.01757390983402729,0.0002
13504.0,28.0,0.014973534271121025,0.0002
13505.0,28.0,0.019052382558584213,0.0002
13506.0,28.0,0.01139172911643982,0.0002
13507.0,28.0,0.01389384176582098,0.0002
13508.0,28.0,0.016079947352409363,0.0002
13509.0,28.0,0.01601668819785118,0.0002
13510.0,28.0,0.013282117433845997,0.0002
13511.0,28.0,0.015682503581047058,0.0002
13512.0,28.0,0.016105294227600098,0.0002
13513.0,28.0,0.01268068514764309,0.0002
13514.0,28.0,0.013734133914113045,0.0002
13515.0,28.0,0.014671730808913708,0.0002
13516.0,28.0,0.016236761584877968,0.0002
13517.0,28.0,0.01494193822145462,0.0002
13518.0,28.0,0.016131125390529633,0.0002
13519.0,28.0,0.0152479512616992,0.0002
13520.0,28.0,0.011861523613333702,0.0002
13521.0,28.0,0.0175647996366024,0.0002
13522.0,28.0,0.016129877418279648,0.0002
13523.0,28.0,0.014847022481262684,0.0002
13524.0,28.0,0.015523054637014866,0.0002
13525.0,28.0,0.016244327649474144,0.0002
13526.0,28.0,0.016204843297600746,0.0002
13527.0,28.0,0.017654696479439735,0.0002
13528.0,28.0,0.01609143055975437,0.0002
13529.0,28.0,0.017203310504555702,0.0002
13530.0,28.0,0.0165594182908535,0.0002
13531.0,28.0,0.015401981770992279,0.0002
13532.0,28.0,0.014115683734416962,0.0002
13533.0,28.0,0.01706206053495407,0.0002
13534.0,28.0,0.013016180135309696,0.0002
13535.0,28.0,0.0149898836389184,0.0002
13536.0,28.0,0.015534572303295135,0.0002
13537.0,28.0,0.015700429677963257,0.0002
13538.0,28.0,0.01975821703672409,0.0002
13539.0,28.0,0.01703513413667679,0.0002
13540.0,28.0,0.0182490274310112,0.0002
13541.0,28.0,0.014172133058309555,0.0002
13542.0,28.0,0.015657726675271988,0.0002
13543.0,28.0,0.014301018789410591,0.0002
13544.0,28.0,0.016893725842237473,0.0002
13545.0,28.0,0.016657281666994095,0.0002
13546.0,28.0,0.012266634963452816,0.0002
13547.0,28.0,0.014958645217120647,0.0002
13548.0,28.0,0.012080065906047821,0.0002
13549.0,28.0,0.01237491611391306,0.0002
13550.0,28.0,0.015272418037056923,0.0002
13551.0,28.0,0.011528931558132172,0.0002
13552.0,28.0,0.013078340329229832,0.0002
13553.0,28.0,0.013994183391332626,0.0002
13554.0,28.0,0.012538725510239601,0.0002
13555.0,28.0,0.01617882028222084,0.0002
13556.0,28.0,0.012056933715939522,0.0002
13557.0,28.0,0.012697943486273289,0.0002
13558.0,28.0,0.01782926917076111,0.0002
13559.0,28.0,0.015603317879140377,0.0002
13560.0,28.0,0.016781652346253395,0.0002
13561.0,28.0,0.017417095601558685,0.0002
13562.0,28.0,0.015394274145364761,0.0002
13563.0,28.0,0.013422132469713688,0.0002
13564.0,28.0,0.01102487463504076,0.0002
13565.0,28.0,0.013365637511014938,0.0002
13566.0,28.0,0.01362287625670433,0.0002
13567.0,28.0,0.012120893225073814,0.0002
13568.0,28.0,0.014608818106353283,0.0002
13569.0,28.0,0.01354309357702732,0.0002
13570.0,28.0,0.014917521737515926,0.0002
13571.0,28.0,0.01837446726858616,0.0002
13572.0,28.0,0.017890235409140587,0.0002
13573.0,29.0,0.01455938071012497,0.0002
13574.0,29.0,0.016331303864717484,0.0002
13575.0,29.0,0.01539689488708973,0.0002
13576.0,29.0,0.015866950154304504,0.0002
13577.0,29.0,0.01503444742411375,0.0002
13578.0,29.0,0.018934667110443115,0.0002
13579.0,29.0,0.01258761528879404,0.0002
13580.0,29.0,0.011159650050103664,0.0002
13581.0,29.0,0.017374766990542412,0.0002
13582.0,29.0,0.014415014535188675,0.0002
13583.0,29.0,0.017454877495765686,0.0002
13584.0,29.0,0.014912278391420841,0.0002
13585.0,29.0,0.015663020312786102,0.0002
13586.0,29.0,0.016990549862384796,0.0002
13587.0,29.0,0.018376115709543228,0.0002
13588.0,29.0,0.014595884829759598,0.0002
13589.0,29.0,0.013284638524055481,0.0002
13590.0,29.0,0.011069169268012047,0.0002
13591.0,29.0,0.013365700840950012,0.0002
13592.0,29.0,0.01762036234140396,0.0002
13593.0,29.0,0.015197459608316422,0.0002
13594.0,29.0,0.015471568331122398,0.0002
13595.0,29.0,0.013883593492209911,0.0002
13596.0,29.0,0.016369404271245003,0.0002
13597.0,29.0,0.016586260870099068,0.0002
13598.0,29.0,0.014937973581254482,0.0002
13599.0,29.0,0.01375796739012003,0.0002
13600.0,29.0,0.015170620754361153,0.0002
13601.0,29.0,0.015741687268018723,0.0002
13602.0,29.0,0.018255960196256638,0.0002
13603.0,29.0,0.01879923790693283,0.0002
13604.0,29.0,0.012043403461575508,0.0002
13605.0,29.0,0.01609969139099121,0.0002
13606.0,29.0,0.014658970758318901,0.0002
13607.0,29.0,0.017199967056512833,0.0002
13608.0,29.0,0.016007840633392334,0.0002
13609.0,29.0,0.016013145446777344,0.0002
13610.0,29.0,0.016396360471844673,0.0002
13611.0,29.0,0.013614444993436337,0.0002
13612.0,29.0,0.016905471682548523,0.0002
13613.0,29.0,0.016572821885347366,0.0002
13614.0,29.0,0.013585563749074936,0.0002
13615.0,29.0,0.012862191535532475,0.0002
13616.0,29.0,0.022578008472919464,0.0002
13617.0,29.0,0.016130775213241577,0.0002
13618.0,29.0,0.014266295358538628,0.0002
13619.0,29.0,0.01177909690886736,0.0002
13620.0,29.0,0.01650102436542511,0.0002
13621.0,29.0,0.019494231790304184,0.0002
13622.0,29.0,0.016013916581869125,0.0002
13623.0,29.0,0.014503845945000648,0.0002
13624.0,29.0,0.013174139894545078,0.0002
13625.0,29.0,0.013225973583757877,0.0002
13626.0,29.0,0.01590152271091938,0.0002
13627.0,29.0,0.012066682800650597,0.0002
13628.0,29.0,0.01757058873772621,0.0002
13629.0,29.0,0.015493657439947128,0.0002
13630.0,29.0,0.014402700588107109,0.0002
13631.0,29.0,0.013943735510110855,0.0002
13632.0,29.0,0.020088396966457367,0.0002
13633.0,29.0,0.015415145084261894,0.0002
13634.0,29.0,0.016270235180854797,0.0002
13635.0,29.0,0.015033635310828686,0.0002
13636.0,29.0,0.018927335739135742,0.0002
13637.0,29.0,0.014369430020451546,0.0002
13638.0,29.0,0.013648542575538158,0.0002
13639.0,29.0,0.02011701464653015,0.0002
13640.0,29.0,0.017243128269910812,0.0002
13641.0,29.0,0.015546978451311588,0.0002
13642.0,29.0,0.015794578939676285,0.0002
13643.0,29.0,0.015579980798065662,0.0002
13644.0,29.0,0.012857900932431221,0.0002
13645.0,29.0,0.01602298952639103,0.0002
13646.0,29.0,0.010875239968299866,0.0002
13647.0,29.0,0.011899677105247974,0.0002
13648.0,29.0,0.018671762198209763,0.0002
13649.0,29.0,0.015957416966557503,0.0002
13650.0,29.0,0.015929514542222023,0.0002
13651.0,29.0,0.014285879209637642,0.0002
13652.0,29.0,0.017368443310260773,0.0002
13653.0,29.0,0.01776152104139328,0.0002
13654.0,29.0,0.01838577538728714,0.0002
13655.0,29.0,0.014182796701788902,0.0002
13656.0,29.0,0.01426556147634983,0.0002
13657.0,29.0,0.012827068567276001,0.0002
13658.0,29.0,0.012532807886600494,0.0002
13659.0,29.0,0.013284764252603054,0.0002
13660.0,29.0,0.015368873253464699,0.0002
13661.0,29.0,0.014860996976494789,0.0002
13662.0,29.0,0.013388367369771004,0.0002
13663.0,29.0,0.015125363133847713,0.0002
13664.0,29.0,0.012977221049368382,0.0002
13665.0,29.0,0.021344024688005447,0.0002
13666.0,29.0,0.014634719118475914,0.0002
13667.0,29.0,0.012529563158750534,0.0002
13668.0,29.0,0.018741749227046967,0.0002
13669.0,29.0,0.01447111926972866,0.0002
13670.0,29.0,0.011841963976621628,0.0002
13671.0,29.0,0.015645120292901993,0.0002
13672.0,29.0,0.014955222606658936,0.0002
13673.0,29.0,0.01778947003185749,0.0002
13674.0,29.0,0.01291821151971817,0.0002
13675.0,29.0,0.013804835267364979,0.0002
13676.0,29.0,0.022273771464824677,0.0002
13677.0,29.0,0.018238220363855362,0.0002
13678.0,29.0,0.013347518630325794,0.0002
13679.0,29.0,0.0158800408244133,0.0002
13680.0,29.0,0.01294468343257904,0.0002
13681.0,29.0,0.01630004122853279,0.0002
13682.0,29.0,0.01650511845946312,0.0002
13683.0,29.0,0.017810191959142685,0.0002
13684.0,29.0,0.016395699232816696,0.0002
13685.0,29.0,0.01942611299455166,0.0002
13686.0,29.0,0.01545736100524664,0.0002
13687.0,29.0,0.01830560714006424,0.0002
13688.0,29.0,0.020429741591215134,0.0002
13689.0,29.0,0.015552932396531105,0.0002
13690.0,29.0,0.014084273017942905,0.0002
13691.0,29.0,0.015592160634696484,0.0002
13692.0,29.0,0.019889704883098602,0.0002
13693.0,29.0,0.012967459857463837,0.0002
13694.0,29.0,0.01764512062072754,0.0002
13695.0,29.0,0.017056994140148163,0.0002
13696.0,29.0,0.016026947647333145,0.0002
13697.0,29.0,0.01696551963686943,0.0002
13698.0,29.0,0.01671564020216465,0.0002
13699.0,29.0,0.015368426218628883,0.0002
13700.0,29.0,0.016707895323634148,0.0002
13701.0,29.0,0.015024428255856037,0.0002
13702.0,29.0,0.013188274577260017,0.0002
13703.0,29.0,0.01338395569473505,0.0002
13704.0,29.0,0.015372343361377716,0.0002
13705.0,29.0,0.01560082845389843,0.0002
13706.0,29.0,0.015048595145344734,0.0002
13707.0,29.0,0.014521749690175056,0.0002
13708.0,29.0,0.013361431658267975,0.0002
13709.0,29.0,0.01673971675336361,0.0002
13710.0,29.0,0.014680757187306881,0.0002
13711.0,29.0,0.017299097031354904,0.0002
13712.0,29.0,0.016595186665654182,0.0002
13713.0,29.0,0.017508257180452347,0.0002
13714.0,29.0,0.013756586238741875,0.0002
13715.0,29.0,0.015619700774550438,0.0002
13716.0,29.0,0.016543138772249222,0.0002
13717.0,29.0,0.017441069707274437,0.0002
13718.0,29.0,0.017071129754185677,0.0002
13719.0,29.0,0.013027863577008247,0.0002
13720.0,29.0,0.014162035658955574,0.0002
13721.0,29.0,0.01425597257912159,0.0002
13722.0,29.0,0.012998919934034348,0.0002
13723.0,29.0,0.019026316702365875,0.0002
13724.0,29.0,0.0127870487049222,0.0002
13725.0,29.0,0.01752244122326374,0.0002
13726.0,29.0,0.011528851464390755,0.0002
13727.0,29.0,0.019208548590540886,0.0002
13728.0,29.0,0.020274830982089043,0.0002
13729.0,29.0,0.013101490214467049,0.0002
13730.0,29.0,0.015261631458997726,0.0002
13731.0,29.0,0.01338681299239397,0.0002
13732.0,29.0,0.01552979089319706,0.0002
13733.0,29.0,0.01494545117020607,0.0002
13734.0,29.0,0.016883503645658493,0.0002
13735.0,29.0,0.019601769745349884,0.0002
13736.0,29.0,0.014703825116157532,0.0002
13737.0,29.0,0.014591780491173267,0.0002
13738.0,29.0,0.013266302645206451,0.0002
13739.0,29.0,0.014026029035449028,0.0002
13740.0,29.0,0.015527196228504181,0.0002
13741.0,29.0,0.014611317776143551,0.0002
13742.0,29.0,0.015555348247289658,0.0002
13743.0,29.0,0.012987074442207813,0.0002
13744.0,29.0,0.01908217929303646,0.0002
13745.0,29.0,0.0132818091660738,0.0002
13746.0,29.0,0.01705572009086609,0.0002
13747.0,29.0,0.01942257210612297,0.0002
13748.0,29.0,0.014939872547984123,0.0002
13749.0,29.0,0.017236070707440376,0.0002
13750.0,29.0,0.01482238806784153,0.0002
13751.0,29.0,0.016336064785718918,0.0002
13752.0,29.0,0.01554675679653883,0.0002
13753.0,29.0,0.014485891908407211,0.0002
13754.0,29.0,0.015646159648895264,0.0002
13755.0,29.0,0.015463694930076599,0.0002
13756.0,29.0,0.017295217141509056,0.0002
13757.0,29.0,0.017404919490218163,0.0002
13758.0,29.0,0.01547345332801342,0.0002
13759.0,29.0,0.015114681795239449,0.0002
13760.0,29.0,0.016082338988780975,0.0002
13761.0,29.0,0.01673721708357334,0.0002
13762.0,29.0,0.01716330274939537,0.0002
13763.0,29.0,0.012926178053021431,0.0002
13764.0,29.0,0.012973830103874207,0.0002
13765.0,29.0,0.01549431774765253,0.0002
13766.0,29.0,0.018167199566960335,0.0002
13767.0,29.0,0.01971021480858326,0.0002
13768.0,29.0,0.014834540896117687,0.0002
13769.0,29.0,0.01773952692747116,0.0002
13770.0,29.0,0.016440443694591522,0.0002
13771.0,29.0,0.012962845154106617,0.0002
13772.0,29.0,0.011430286802351475,0.0002
13773.0,29.0,0.012622768059372902,0.0002
13774.0,29.0,0.018184302374720573,0.0002
13775.0,29.0,0.01635074056684971,0.0002
13776.0,29.0,0.022433770820498466,0.0002
13777.0,29.0,0.013062944635748863,0.0002
13778.0,29.0,0.015036726370453835,0.0002
13779.0,29.0,0.018173007294535637,0.0002
13780.0,29.0,0.02137788012623787,0.0002
13781.0,29.0,0.014797605574131012,0.0002
13782.0,29.0,0.015716446563601494,0.0002
13783.0,29.0,0.01596342772245407,0.0002
13784.0,29.0,0.013462843373417854,0.0002
13785.0,29.0,0.015474257990717888,0.0002
13786.0,29.0,0.01878647692501545,0.0002
13787.0,29.0,0.013479669578373432,0.0002
13788.0,29.0,0.01914380118250847,0.0002
13789.0,29.0,0.01785966381430626,0.0002
13790.0,29.0,0.01548086479306221,0.0002
13791.0,29.0,0.015130487270653248,0.0002
13792.0,29.0,0.015340609475970268,0.0002
13793.0,29.0,0.012746790423989296,0.0002
13794.0,29.0,0.016581840813159943,0.0002
13795.0,29.0,0.01321071945130825,0.0002
13796.0,29.0,0.013787342235445976,0.0002
13797.0,29.0,0.018656563013792038,0.0002
13798.0,29.0,0.014185499399900436,0.0002
13799.0,29.0,0.013539311476051807,0.0002
13800.0,29.0,0.02015720121562481,0.0002
13801.0,29.0,0.012816683389246464,0.0002
13802.0,29.0,0.017713161185383797,0.0002
13803.0,29.0,0.013029702939093113,0.0002
13804.0,29.0,0.015624534338712692,0.0002
13805.0,29.0,0.01606743410229683,0.0002
13806.0,29.0,0.01551103126257658,0.0002
13807.0,29.0,0.012574149295687675,0.0002
13808.0,29.0,0.012017430737614632,0.0002
13809.0,29.0,0.015939870849251747,0.0002
13810.0,29.0,0.013285405933856964,0.0002
13811.0,29.0,0.014379347674548626,0.0002
13812.0,29.0,0.01654188334941864,0.0002
13813.0,29.0,0.020239640027284622,0.0002
13814.0,29.0,0.015739524737000465,0.0002
13815.0,29.0,0.019033951684832573,0.0002
13816.0,29.0,0.01643487624824047,0.0002
13817.0,29.0,0.01588543877005577,0.0002
13818.0,29.0,0.012180054560303688,0.0002
13819.0,29.0,0.012169909663498402,0.0002
13820.0,29.0,0.01200639083981514,0.0002
13821.0,29.0,0.016028109937906265,0.0002
13822.0,29.0,0.015974655747413635,0.0002
13823.0,29.0,0.01740081235766411,0.0002
13824.0,29.0,0.015058455057442188,0.0002
13825.0,29.0,0.014716969802975655,0.0002
13826.0,29.0,0.012235025875270367,0.0002
13827.0,29.0,0.01195833645761013,0.0002
13828.0,29.0,0.01622861623764038,0.0002
13829.0,29.0,0.01472172886133194,0.0002
13830.0,29.0,0.014783862978219986,0.0002
13831.0,29.0,0.016954410821199417,0.0002
13832.0,29.0,0.014741750434041023,0.0002
13833.0,29.0,0.01505306363105774,0.0002
13834.0,29.0,0.016644839197397232,0.0002
13835.0,29.0,0.017872901633381844,0.0002
13836.0,29.0,0.013458597473800182,0.0002
13837.0,29.0,0.01738996058702469,0.0002
13838.0,29.0,0.015673980116844177,0.0002
13839.0,29.0,0.01806636154651642,0.0002
13840.0,29.0,0.00959115568548441,0.0002
13841.0,29.0,0.015990979969501495,0.0002
13842.0,29.0,0.016268320381641388,0.0002
13843.0,29.0,0.01778457686305046,0.0002
13844.0,29.0,0.012577895075082779,0.0002
13845.0,29.0,0.015006771311163902,0.0002
13846.0,29.0,0.01429636962711811,0.0002
13847.0,29.0,0.014420617371797562,0.0002
13848.0,29.0,0.01566186547279358,0.0002
13849.0,29.0,0.018144583329558372,0.0002
13850.0,29.0,0.01589144580066204,0.0002
13851.0,29.0,0.013304872438311577,0.0002
13852.0,29.0,0.01500758808106184,0.0002
13853.0,29.0,0.016202660277485847,0.0002
13854.0,29.0,0.018920745700597763,0.0002
13855.0,29.0,0.013566900044679642,0.0002
13856.0,29.0,0.01823810674250126,0.0002
13857.0,29.0,0.01571710593998432,0.0002
13858.0,29.0,0.015705689787864685,0.0002
13859.0,29.0,0.014335578307509422,0.0002
13860.0,29.0,0.013117576017975807,0.0002
13861.0,29.0,0.011857349425554276,0.0002
13862.0,29.0,0.014535253867506981,0.0002
13863.0,29.0,0.012840840965509415,0.0002
13864.0,29.0,0.016925407573580742,0.0002
13865.0,29.0,0.016789160668849945,0.0002
13866.0,29.0,0.018436428159475327,0.0002
13867.0,29.0,0.014074070379137993,0.0002
13868.0,29.0,0.01591537334024906,0.0002
13869.0,29.0,0.014353655278682709,0.0002
13870.0,29.0,0.0187654010951519,0.0002
13871.0,29.0,0.018174760043621063,0.0002
13872.0,29.0,0.012284424155950546,0.0002
13873.0,29.0,0.015291266143321991,0.0002
13874.0,29.0,0.02171912044286728,0.0002
13875.0,29.0,0.013879423961043358,0.0002
13876.0,29.0,0.01519989874213934,0.0002
13877.0,29.0,0.015222908928990364,0.0002
13878.0,29.0,0.0166722871363163,0.0002
13879.0,29.0,0.013796537183225155,0.0002
13880.0,29.0,0.013755961321294308,0.0002
13881.0,29.0,0.01597684994339943,0.0002
13882.0,29.0,0.01799885369837284,0.0002
13883.0,29.0,0.013829514384269714,0.0002
13884.0,29.0,0.018948985263705254,0.0002
13885.0,29.0,0.016646189615130424,0.0002
13886.0,29.0,0.01610252633690834,0.0002
13887.0,29.0,0.01918172463774681,0.0002
13888.0,29.0,0.016585467383265495,0.0002
13889.0,29.0,0.012659354135394096,0.0002
13890.0,29.0,0.0125071220099926,0.0002
13891.0,29.0,0.01516467984765768,0.0002
13892.0,29.0,0.020529188215732574,0.0002
13893.0,29.0,0.014806212857365608,0.0002
13894.0,29.0,0.015825945883989334,0.0002
13895.0,29.0,0.020176062360405922,0.0002
13896.0,29.0,0.02016826719045639,0.0002
13897.0,29.0,0.012867143377661705,0.0002
13898.0,29.0,0.014809373766183853,0.0002
13899.0,29.0,0.018281590193510056,0.0002
13900.0,29.0,0.017183851450681686,0.0002
13901.0,29.0,0.013699818402528763,0.0002
13902.0,29.0,0.015375135466456413,0.0002
13903.0,29.0,0.015621508471667767,0.0002
13904.0,29.0,0.014751214534044266,0.0002
13905.0,29.0,0.018093951046466827,0.0002
13906.0,29.0,0.01661085896193981,0.0002
13907.0,29.0,0.016654768958687782,0.0002
13908.0,29.0,0.014032717794179916,0.0002
13909.0,29.0,0.015736471861600876,0.0002
13910.0,29.0,0.017427969723939896,0.0002
13911.0,29.0,0.01490009855479002,0.0002
13912.0,29.0,0.014121178537607193,0.0002
13913.0,29.0,0.017007287591695786,0.0002
13914.0,29.0,0.011187226511538029,0.0002
13915.0,29.0,0.014700036495923996,0.0002
13916.0,29.0,0.01723562367260456,0.0002
13917.0,29.0,0.017572514712810516,0.0002
13918.0,29.0,0.01424791943281889,0.0002
13919.0,29.0,0.014342639595270157,0.0002
13920.0,29.0,0.013553638011217117,0.0002
13921.0,29.0,0.016423264518380165,0.0002
13922.0,29.0,0.014163329266011715,0.0002
13923.0,29.0,0.013545849360525608,0.0002
13924.0,29.0,0.015450747683644295,0.0002
13925.0,29.0,0.014512993395328522,0.0002
13926.0,29.0,0.014098362997174263,0.0002
13927.0,29.0,0.01666117273271084,0.0002
13928.0,29.0,0.010873045772314072,0.0002
13929.0,29.0,0.01435603853315115,0.0002
13930.0,29.0,0.013599071651697159,0.0002
13931.0,29.0,0.015510261058807373,0.0002
13932.0,29.0,0.017022287473082542,0.0002
13933.0,29.0,0.0151120126247406,0.0002
13934.0,29.0,0.014326425269246101,0.0002
13935.0,29.0,0.014546693302690983,0.0002
13936.0,29.0,0.015354052186012268,0.0002
13937.0,29.0,0.016446519643068314,0.0002
13938.0,29.0,0.014749053865671158,0.0002
13939.0,29.0,0.016645433381199837,0.0002
13940.0,29.0,0.014918525703251362,0.0002
13941.0,29.0,0.020364860072731972,0.0002
13942.0,29.0,0.02054925635457039,0.0002
13943.0,29.0,0.015113210305571556,0.0002
13944.0,29.0,0.016008753329515457,0.0002
13945.0,29.0,0.018127527087926865,0.0002
13946.0,29.0,0.014661189168691635,0.0002
13947.0,29.0,0.013198284432291985,0.0002
13948.0,29.0,0.013969965279102325,0.0002
13949.0,29.0,0.017922937870025635,0.0002
13950.0,29.0,0.016131674870848656,0.0002
13951.0,29.0,0.016162613406777382,0.0002
13952.0,29.0,0.012517405673861504,0.0002
13953.0,29.0,0.01334037072956562,0.0002
13954.0,29.0,0.012747827917337418,0.0002
13955.0,29.0,0.014943276531994343,0.0002
13956.0,29.0,0.013841718435287476,0.0002
13957.0,29.0,0.015065265819430351,0.0002
13958.0,29.0,0.014982854016125202,0.0002
13959.0,29.0,0.0138558279722929,0.0002
13960.0,29.0,0.017017627134919167,0.0002
13961.0,29.0,0.013412613421678543,0.0002
13962.0,29.0,0.013154190964996815,0.0002
13963.0,29.0,0.015960242599248886,0.0002
13964.0,29.0,0.013920467346906662,0.0002
13965.0,29.0,0.015841256827116013,0.0002
13966.0,29.0,0.01772337593138218,0.0002
13967.0,29.0,0.016125574707984924,0.0002
13968.0,29.0,0.015975667163729668,0.0002
13969.0,29.0,0.016534585505723953,0.0002
13970.0,29.0,0.013643541373312473,0.0002
13971.0,29.0,0.016627777367830276,0.0002
13972.0,29.0,0.011779483407735825,0.0002
13973.0,29.0,0.015570012852549553,0.0002
13974.0,29.0,0.019136609509587288,0.0002
13975.0,29.0,0.013002419844269753,0.0002
13976.0,29.0,0.01428968831896782,0.0002
13977.0,29.0,0.011143948882818222,0.0002
13978.0,29.0,0.013878358528017998,0.0002
13979.0,29.0,0.02056700363755226,0.0002
13980.0,29.0,0.012331297621130943,0.0002
13981.0,29.0,0.014172913506627083,0.0002
13982.0,29.0,0.01584891974925995,0.0002
13983.0,29.0,0.01610846072435379,0.0002
13984.0,29.0,0.013703621923923492,0.0002
13985.0,29.0,0.015587596222758293,0.0002
13986.0,29.0,0.012692506425082684,0.0002
13987.0,29.0,0.014203340746462345,0.0002
13988.0,29.0,0.012980401515960693,0.0002
13989.0,29.0,0.013460787013173103,0.0002
13990.0,29.0,0.014134690165519714,0.0002
13991.0,29.0,0.01907346211373806,0.0002
13992.0,29.0,0.017964927479624748,0.0002
13993.0,29.0,0.01391777116805315,0.0002
13994.0,29.0,0.016147665679454803,0.0002
13995.0,29.0,0.01608560048043728,0.0002
13996.0,29.0,0.014364763163030148,0.0002
13997.0,29.0,0.014791440218687057,0.0002
13998.0,29.0,0.014515725895762444,0.0002
13999.0,29.0,0.013215906918048859,0.0002
14000.0,29.0,0.01538737304508686,0.0002
14001.0,29.0,0.014834084548056126,0.0002
14002.0,29.0,0.012312839739024639,0.0002
14003.0,29.0,0.01621941290795803,0.0002
14004.0,29.0,0.01568327099084854,0.0002
14005.0,29.0,0.012613140046596527,0.0002
14006.0,29.0,0.013517389073967934,0.0002
14007.0,29.0,0.012952333316206932,0.0002
14008.0,29.0,0.01440061628818512,0.0002
14009.0,29.0,0.014988803304731846,0.0002
14010.0,29.0,0.013600165955722332,0.0002
14011.0,29.0,0.015512808226048946,0.0002
14012.0,29.0,0.01517451647669077,0.0002
14013.0,29.0,0.014142367988824844,0.0002
14014.0,29.0,0.015963217243552208,0.0002
14015.0,29.0,0.01298100221902132,0.0002
14016.0,29.0,0.014638794586062431,0.0002
14017.0,29.0,0.019338391721248627,0.0002
14018.0,29.0,0.011342865414917469,0.0002
14019.0,29.0,0.015481481328606606,0.0002
14020.0,29.0,0.016899563372135162,0.0002
14021.0,29.0,0.013147173449397087,0.0002
14022.0,29.0,0.010736510157585144,0.0002
14023.0,29.0,0.010497150011360645,0.0002
14024.0,29.0,0.015262847766280174,0.0002
14025.0,29.0,0.018990743905305862,0.0002
14026.0,29.0,0.014133964665234089,0.0002
14027.0,29.0,0.014294207096099854,0.0002
14028.0,29.0,0.014737477526068687,0.0002
14029.0,29.0,0.015286719426512718,0.0002
14030.0,29.0,0.013966411352157593,0.0002
14031.0,29.0,0.015772361308336258,0.0002
14032.0,29.0,0.016459602862596512,0.0002
14033.0,29.0,0.017595427110791206,0.0002
14034.0,29.0,0.013503115624189377,0.0002
14035.0,29.0,0.015581994317471981,0.0002
14036.0,29.0,0.014765569940209389,0.0002
14037.0,29.0,0.012309558689594269,0.0002
14038.0,29.0,0.01590302772819996,0.0002
14039.0,29.0,0.01576938107609749,0.0002
14040.0,29.0,0.01566559448838234,0.0002
14041.0,30.0,0.016400763764977455,0.0002
14042.0,30.0,0.01388383936136961,0.0002
14043.0,30.0,0.01619613729417324,0.0002
14044.0,30.0,0.01621054857969284,0.0002
14045.0,30.0,0.02145255357027054,0.0002
14046.0,30.0,0.013274296186864376,0.0002
14047.0,30.0,0.01624011993408203,0.0002
14048.0,30.0,0.016172919422388077,0.0002
14049.0,30.0,0.014156250283122063,0.0002
14050.0,30.0,0.017483428120613098,0.0002
14051.0,30.0,0.014005696401000023,0.0002
14052.0,30.0,0.015697773545980453,0.0002
14053.0,30.0,0.014970151707530022,0.0002
14054.0,30.0,0.01481031533330679,0.0002
14055.0,30.0,0.018725359812378883,0.0002
14056.0,30.0,0.018088199198246002,0.0002
14057.0,30.0,0.0145338736474514,0.0002
14058.0,30.0,0.012596202082931995,0.0002
14059.0,30.0,0.013775235041975975,0.0002
14060.0,30.0,0.016006436198949814,0.0002
14061.0,30.0,0.015225712209939957,0.0002
14062.0,30.0,0.01628921739757061,0.0002
14063.0,30.0,0.015537569299340248,0.0002
14064.0,30.0,0.015755023807287216,0.0002
14065.0,30.0,0.019528400152921677,0.0002
14066.0,30.0,0.01678672432899475,0.0002
14067.0,30.0,0.01238843984901905,0.0002
14068.0,30.0,0.021884514018893242,0.0002
14069.0,30.0,0.01598289981484413,0.0002
14070.0,30.0,0.016789350658655167,0.0002
14071.0,30.0,0.01254330389201641,0.0002
14072.0,30.0,0.015170617960393429,0.0002
14073.0,30.0,0.010064678266644478,0.0002
14074.0,30.0,0.0131561029702425,0.0002
14075.0,30.0,0.013190924189984798,0.0002
14076.0,30.0,0.015938004478812218,0.0002
14077.0,30.0,0.015635833144187927,0.0002
14078.0,30.0,0.016919825226068497,0.0002
14079.0,30.0,0.011858345940709114,0.0002
14080.0,30.0,0.018540561199188232,0.0002
14081.0,30.0,0.012593720108270645,0.0002
14082.0,30.0,0.01696188375353813,0.0002
14083.0,30.0,0.015262771397829056,0.0002
14084.0,30.0,0.017884796485304832,0.0002
14085.0,30.0,0.014601007103919983,0.0002
14086.0,30.0,0.018069226294755936,0.0002
14087.0,30.0,0.015008288435637951,0.0002
14088.0,30.0,0.013564580120146275,0.0002
14089.0,30.0,0.01674797758460045,0.0002
14090.0,30.0,0.013682772405445576,0.0002
14091.0,30.0,0.015241832472383976,0.0002
14092.0,30.0,0.015842262655496597,0.0002
14093.0,30.0,0.013392079621553421,0.0002
14094.0,30.0,0.016159582883119583,0.0002
14095.0,30.0,0.019289948046207428,0.0002
14096.0,30.0,0.018848387524485588,0.0002
14097.0,30.0,0.017684031277894974,0.0002
14098.0,30.0,0.014537615701556206,0.0002
14099.0,30.0,0.015703905373811722,0.0002
14100.0,30.0,0.015013065189123154,0.0002
14101.0,30.0,0.017149746417999268,0.0002
14102.0,30.0,0.01750253699719906,0.0002
14103.0,30.0,0.01781228929758072,0.0002
14104.0,30.0,0.013392962515354156,0.0002
14105.0,30.0,0.016274768859148026,0.0002
14106.0,30.0,0.01665481925010681,0.0002
14107.0,30.0,0.0197151992470026,0.0002
14108.0,30.0,0.015815462917089462,0.0002
14109.0,30.0,0.01748899556696415,0.0002
14110.0,30.0,0.01659245416522026,0.0002
14111.0,30.0,0.011064019054174423,0.0002
14112.0,30.0,0.014906119555234909,0.0002
14113.0,30.0,0.014432772062718868,0.0002
14114.0,30.0,0.013048835098743439,0.0002
14115.0,30.0,0.015485302545130253,0.0002
14116.0,30.0,0.015461173839867115,0.0002
14117.0,30.0,0.012533586472272873,0.0002
14118.0,30.0,0.01754140667617321,0.0002
14119.0,30.0,0.019899534061551094,0.0002
14120.0,30.0,0.01608898490667343,0.0002
14121.0,30.0,0.014705641195178032,0.0002
14122.0,30.0,0.01696516014635563,0.0002
14123.0,30.0,0.014995189383625984,0.0002
14124.0,30.0,0.015270235016942024,0.0002
14125.0,30.0,0.012162350118160248,0.0002
14126.0,30.0,0.01581614837050438,0.0002
14127.0,30.0,0.016151955351233482,0.0002
14128.0,30.0,0.015200445428490639,0.0002
14129.0,30.0,0.01913086324930191,0.0002
14130.0,30.0,0.017870448529720306,0.0002
14131.0,30.0,0.012541370466351509,0.0002
14132.0,30.0,0.014906457625329494,0.0002
14133.0,30.0,0.01282816007733345,0.0002
14134.0,30.0,0.014851043000817299,0.0002
14135.0,30.0,0.013603715226054192,0.0002
14136.0,30.0,0.013782603666186333,0.0002
14137.0,30.0,0.013852860778570175,0.0002
14138.0,30.0,0.016064079478383064,0.0002
14139.0,30.0,0.015507695265114307,0.0002
14140.0,30.0,0.01177864708006382,0.0002
14141.0,30.0,0.013947008177638054,0.0002
14142.0,30.0,0.012346036732196808,0.0002
14143.0,30.0,0.0192253515124321,0.0002
14144.0,30.0,0.014770323410630226,0.0002
14145.0,30.0,0.013082509860396385,0.0002
14146.0,30.0,0.013760015368461609,0.0002
14147.0,30.0,0.016878876835107803,0.0002
14148.0,30.0,0.01599845476448536,0.0002
14149.0,30.0,0.01614382304251194,0.0002
14150.0,30.0,0.014645284973084927,0.0002
14151.0,30.0,0.01614673063158989,0.0002
14152.0,30.0,0.014401914551854134,0.0002
14153.0,30.0,0.016286946833133698,0.0002
14154.0,30.0,0.019305232912302017,0.0002
14155.0,30.0,0.017238762229681015,0.0002
14156.0,30.0,0.015052692964673042,0.0002
14157.0,30.0,0.014602458104491234,0.0002
14158.0,30.0,0.01612411066889763,0.0002
14159.0,30.0,0.015538772568106651,0.0002
14160.0,30.0,0.01724972575902939,0.0002
14161.0,30.0,0.016043316572904587,0.0002
14162.0,30.0,0.01535165123641491,0.0002
14163.0,30.0,0.013678720220923424,0.0002
14164.0,30.0,0.017147738486528397,0.0002
14165.0,30.0,0.015396609902381897,0.0002
14166.0,30.0,0.015835946425795555,0.0002
14167.0,30.0,0.017730124294757843,0.0002
14168.0,30.0,0.013932181522250175,0.0002
14169.0,30.0,0.017959212884306908,0.0002
14170.0,30.0,0.012915998697280884,0.0002
14171.0,30.0,0.016411952674388885,0.0002
14172.0,30.0,0.012083208188414574,0.0002
14173.0,30.0,0.013623401522636414,0.0002
14174.0,30.0,0.01623866707086563,0.0002
14175.0,30.0,0.015364116989076138,0.0002
14176.0,30.0,0.015239577740430832,0.0002
14177.0,30.0,0.014597725123167038,0.0002
14178.0,30.0,0.017320359125733376,0.0002
14179.0,30.0,0.016528872773051262,0.0002
14180.0,30.0,0.025369897484779358,0.0002
14181.0,30.0,0.013361847028136253,0.0002
14182.0,30.0,0.021088572219014168,0.0002
14183.0,30.0,0.01528027094900608,0.0002
14184.0,30.0,0.014683591201901436,0.0002
14185.0,30.0,0.018608333542943,0.0002
14186.0,30.0,0.013935904018580914,0.0002
14187.0,30.0,0.01727098599076271,0.0002
14188.0,30.0,0.012334603816270828,0.0002
14189.0,30.0,0.016132568940520287,0.0002
14190.0,30.0,0.01168481633067131,0.0002
14191.0,30.0,0.013772495090961456,0.0002
14192.0,30.0,0.015174518339335918,0.0002
14193.0,30.0,0.015209057368338108,0.0002
14194.0,30.0,0.01586465910077095,0.0002
14195.0,30.0,0.01301898155361414,0.0002
14196.0,30.0,0.014927191659808159,0.0002
14197.0,30.0,0.01329401507973671,0.0002
14198.0,30.0,0.014309224672615528,0.0002
14199.0,30.0,0.01548735611140728,0.0002
14200.0,30.0,0.01469573937356472,0.0002
14201.0,30.0,0.013551834039390087,0.0002
14202.0,30.0,0.01825016178190708,0.0002
14203.0,30.0,0.013471292331814766,0.0002
14204.0,30.0,0.013128381222486496,0.0002
14205.0,30.0,0.015609504655003548,0.0002
14206.0,30.0,0.01505507156252861,0.0002
14207.0,30.0,0.01485072635114193,0.0002
14208.0,30.0,0.01283315010368824,0.0002
14209.0,30.0,0.013918707147240639,0.0002
14210.0,30.0,0.014423846267163754,0.0002
14211.0,30.0,0.017295777797698975,0.0002
14212.0,30.0,0.016264308243989944,0.0002
14213.0,30.0,0.013213000260293484,0.0002
14214.0,30.0,0.018664658069610596,0.0002
14215.0,30.0,0.01531403698027134,0.0002
14216.0,30.0,0.018869008868932724,0.0002
14217.0,30.0,0.015484767034649849,0.0002
14218.0,30.0,0.016590110957622528,0.0002
14219.0,30.0,0.01668389141559601,0.0002
14220.0,30.0,0.016552306711673737,0.0002
14221.0,30.0,0.014294037595391273,0.0002
14222.0,30.0,0.01560540497303009,0.0002
14223.0,30.0,0.015639711171388626,0.0002
14224.0,30.0,0.013673282228410244,0.0002
14225.0,30.0,0.01613704487681389,0.0002
14226.0,30.0,0.01407113391906023,0.0002
14227.0,30.0,0.01453494094312191,0.0002
14228.0,30.0,0.01250660140067339,0.0002
14229.0,30.0,0.013492701575160027,0.0002
14230.0,30.0,0.015739254653453827,0.0002
14231.0,30.0,0.013444898650050163,0.0002
14232.0,30.0,0.01730816811323166,0.0002
14233.0,30.0,0.013184396550059319,0.0002
14234.0,30.0,0.01894385740160942,0.0002
14235.0,30.0,0.015257074497640133,0.0002
14236.0,30.0,0.014558166265487671,0.0002
14237.0,30.0,0.01530887559056282,0.0002
14238.0,30.0,0.013373593799769878,0.0002
14239.0,30.0,0.01763301156461239,0.0002
14240.0,30.0,0.021153638139367104,0.0002
14241.0,30.0,0.014516551978886127,0.0002
14242.0,30.0,0.01572001725435257,0.0002
14243.0,30.0,0.013498879037797451,0.0002
14244.0,30.0,0.01672881841659546,0.0002
14245.0,30.0,0.0144752012565732,0.0002
14246.0,30.0,0.014870081096887589,0.0002
14247.0,30.0,0.013860232196748257,0.0002
14248.0,30.0,0.016786059364676476,0.0002
14249.0,30.0,0.017679905518889427,0.0002
14250.0,30.0,0.014856471680104733,0.0002
14251.0,30.0,0.013069387525320053,0.0002
14252.0,30.0,0.01324461866170168,0.0002
14253.0,30.0,0.014720471575856209,0.0002
14254.0,30.0,0.014676298014819622,0.0002
14255.0,30.0,0.01663350500166416,0.0002
14256.0,30.0,0.016937710344791412,0.0002
14257.0,30.0,0.01383311115205288,0.0002
14258.0,30.0,0.017522569745779037,0.0002
14259.0,30.0,0.016288023442029953,0.0002
14260.0,30.0,0.015289317816495895,0.0002
14261.0,30.0,0.012125004082918167,0.0002
14262.0,30.0,0.01544285099953413,0.0002
14263.0,30.0,0.017202377319335938,0.0002
14264.0,30.0,0.011371624656021595,0.0002
14265.0,30.0,0.013445685617625713,0.0002
14266.0,30.0,0.012594928964972496,0.0002
14267.0,30.0,0.016004569828510284,0.0002
14268.0,30.0,0.014519834890961647,0.0002
14269.0,30.0,0.01419263705611229,0.0002
14270.0,30.0,0.017726987600326538,0.0002
14271.0,30.0,0.015716396272182465,0.0002
14272.0,30.0,0.01737784594297409,0.0002
14273.0,30.0,0.01978936605155468,0.0002
14274.0,30.0,0.01156853511929512,0.0002
14275.0,30.0,0.014214610680937767,0.0002
14276.0,30.0,0.015811920166015625,0.0002
14277.0,30.0,0.016593147069215775,0.0002
14278.0,30.0,0.01604362390935421,0.0002
14279.0,30.0,0.014747788198292255,0.0002
14280.0,30.0,0.01439194567501545,0.0002
14281.0,30.0,0.017489688470959663,0.0002
14282.0,30.0,0.016954923048615456,0.0002
14283.0,30.0,0.018331512808799744,0.0002
14284.0,30.0,0.01656172424554825,0.0002
14285.0,30.0,0.015048293396830559,0.0002
14286.0,30.0,0.017671970650553703,0.0002
14287.0,30.0,0.016397451981902122,0.0002
14288.0,30.0,0.01678379252552986,0.0002
14289.0,30.0,0.017430176958441734,0.0002
14290.0,30.0,0.013161239214241505,0.0002
14291.0,30.0,0.011838776990771294,0.0002
14292.0,30.0,0.01780092529952526,0.0002
14293.0,30.0,0.01523689553141594,0.0002
14294.0,30.0,0.01701243780553341,0.0002
14295.0,30.0,0.01501171849668026,0.0002
14296.0,30.0,0.015866106376051903,0.0002
14297.0,30.0,0.01547233946621418,0.0002
14298.0,30.0,0.014255081303417683,0.0002
14299.0,30.0,0.018224509432911873,0.0002
14300.0,30.0,0.015234818682074547,0.0002
14301.0,30.0,0.014757351949810982,0.0002
14302.0,30.0,0.015809407457709312,0.0002
14303.0,30.0,0.012920895591378212,0.0002
14304.0,30.0,0.015015636570751667,0.0002
14305.0,30.0,0.01348414458334446,0.0002
14306.0,30.0,0.014974940568208694,0.0002
14307.0,30.0,0.015132410451769829,0.0002
14308.0,30.0,0.01823430508375168,0.0002
14309.0,30.0,0.013246264308691025,0.0002
14310.0,30.0,0.01564006134867668,0.0002
14311.0,30.0,0.015749651938676834,0.0002
14312.0,30.0,0.013537564314901829,0.0002
14313.0,30.0,0.018827950581908226,0.0002
14314.0,30.0,0.014045560732483864,0.0002
14315.0,30.0,0.013989198952913284,0.0002
14316.0,30.0,0.012992668896913528,0.0002
14317.0,30.0,0.020078763365745544,0.0002
14318.0,30.0,0.012437224388122559,0.0002
14319.0,30.0,0.015730317682027817,0.0002
14320.0,30.0,0.012941284105181694,0.0002
14321.0,30.0,0.016883928328752518,0.0002
14322.0,30.0,0.012472921051084995,0.0002
14323.0,30.0,0.0181732140481472,0.0002
14324.0,30.0,0.01499139703810215,0.0002
14325.0,30.0,0.01237987820059061,0.0002
14326.0,30.0,0.015057465992867947,0.0002
14327.0,30.0,0.014816885814070702,0.0002
14328.0,30.0,0.01675603911280632,0.0002
14329.0,30.0,0.01333081629127264,0.0002
14330.0,30.0,0.015909845009446144,0.0002
14331.0,30.0,0.013104815036058426,0.0002
14332.0,30.0,0.017240148037672043,0.0002
14333.0,30.0,0.013924415223300457,0.0002
14334.0,30.0,0.015394210815429688,0.0002
14335.0,30.0,0.013502594083547592,0.0002
14336.0,30.0,0.015313195995986462,0.0002
14337.0,30.0,0.015406868420541286,0.0002
14338.0,30.0,0.013568966649472713,0.0002
14339.0,30.0,0.014967755414545536,0.0002
14340.0,30.0,0.01698392629623413,0.0002
14341.0,30.0,0.019785111770033836,0.0002
14342.0,30.0,0.015026350505650043,0.0002
14343.0,30.0,0.014283325523138046,0.0002
14344.0,30.0,0.01750990003347397,0.0002
14345.0,30.0,0.013889886438846588,0.0002
14346.0,30.0,0.012192724272608757,0.0002
14347.0,30.0,0.013974746689200401,0.0002
14348.0,30.0,0.018460193648934364,0.0002
14349.0,30.0,0.013581415638327599,0.0002
14350.0,30.0,0.01696496456861496,0.0002
14351.0,30.0,0.018092719838023186,0.0002
14352.0,30.0,0.01165790669620037,0.0002
14353.0,30.0,0.016251128166913986,0.0002
14354.0,30.0,0.012972361408174038,0.0002
14355.0,30.0,0.013547425158321857,0.0002
14356.0,30.0,0.014201279729604721,0.0002
14357.0,30.0,0.012852389365434647,0.0002
14358.0,30.0,0.016988452523946762,0.0002
14359.0,30.0,0.01924738474190235,0.0002
14360.0,30.0,0.012822872027754784,0.0002
14361.0,30.0,0.01738162338733673,0.0002
14362.0,30.0,0.016719084233045578,0.0002
14363.0,30.0,0.014480185694992542,0.0002
14364.0,30.0,0.014677198603749275,0.0002
14365.0,30.0,0.013671920634806156,0.0002
14366.0,30.0,0.015004456043243408,0.0002
14367.0,30.0,0.013088651932775974,0.0002
14368.0,30.0,0.02079183980822563,0.0002
14369.0,30.0,0.016787689179182053,0.0002
14370.0,30.0,0.01584971696138382,0.0002
14371.0,30.0,0.015343287959694862,0.0002
14372.0,30.0,0.015591338276863098,0.0002
14373.0,30.0,0.016091354191303253,0.0002
14374.0,30.0,0.018210818991065025,0.0002
14375.0,30.0,0.017187651246786118,0.0002
14376.0,30.0,0.015395177528262138,0.0002
14377.0,30.0,0.01556142047047615,0.0002
14378.0,30.0,0.018073882907629013,0.0002
14379.0,30.0,0.014355297200381756,0.0002
14380.0,30.0,0.01938602700829506,0.0002
14381.0,30.0,0.018499799072742462,0.0002
14382.0,30.0,0.014720147475600243,0.0002
14383.0,30.0,0.018471376970410347,0.0002
14384.0,30.0,0.016650652512907982,0.0002
14385.0,30.0,0.0165613554418087,0.0002
14386.0,30.0,0.01705411821603775,0.0002
14387.0,30.0,0.015497195534408092,0.0002
14388.0,30.0,0.01785903051495552,0.0002
14389.0,30.0,0.012548345141112804,0.0002
14390.0,30.0,0.017745986580848694,0.0002
14391.0,30.0,0.015938490629196167,0.0002
14392.0,30.0,0.01387752778828144,0.0002
14393.0,30.0,0.01449904590845108,0.0002
14394.0,30.0,0.011160746216773987,0.0002
14395.0,30.0,0.014679407700896263,0.0002
14396.0,30.0,0.017974574118852615,0.0002
14397.0,30.0,0.02058795839548111,0.0002
14398.0,30.0,0.015354618430137634,0.0002
14399.0,30.0,0.015893999487161636,0.0002
14400.0,30.0,0.015094896778464317,0.0002
14401.0,30.0,0.01562809944152832,0.0002
14402.0,30.0,0.019389871507883072,0.0002
14403.0,30.0,0.016923893243074417,0.0002
14404.0,30.0,0.014449285343289375,0.0002
14405.0,30.0,0.013979591429233551,0.0002
14406.0,30.0,0.019110627472400665,0.0002
14407.0,30.0,0.016020938754081726,0.0002
14408.0,30.0,0.018783532083034515,0.0002
14409.0,30.0,0.015495252795517445,0.0002
14410.0,30.0,0.014344310387969017,0.0002
14411.0,30.0,0.014860983937978745,0.0002
14412.0,30.0,0.01445256918668747,0.0002
14413.0,30.0,0.014705738984048367,0.0002
14414.0,30.0,0.01588226482272148,0.0002
14415.0,30.0,0.016111955046653748,0.0002
14416.0,30.0,0.016072262078523636,0.0002
14417.0,30.0,0.01571003347635269,0.0002
14418.0,30.0,0.017480473965406418,0.0002
14419.0,30.0,0.019420072436332703,0.0002
14420.0,30.0,0.019093826413154602,0.0002
14421.0,30.0,0.01936965249478817,0.0002
14422.0,30.0,0.022589944303035736,0.0002
14423.0,30.0,0.013763610273599625,0.0002
14424.0,30.0,0.018638934940099716,0.0002
14425.0,30.0,0.013645071536302567,0.0002
14426.0,30.0,0.014821873977780342,0.0002
14427.0,30.0,0.01485646516084671,0.0002
14428.0,30.0,0.016486328095197678,0.0002
14429.0,30.0,0.014137348160147667,0.0002
14430.0,30.0,0.017159610986709595,0.0002
14431.0,30.0,0.012151663191616535,0.0002
14432.0,30.0,0.013876046054065228,0.0002
14433.0,30.0,0.013156559318304062,0.0002
14434.0,30.0,0.018833573907613754,0.0002
14435.0,30.0,0.0154006602242589,0.0002
14436.0,30.0,0.01336522214114666,0.0002
14437.0,30.0,0.016543645411729813,0.0002
14438.0,30.0,0.016857875511050224,0.0002
14439.0,30.0,0.012838242575526237,0.0002
14440.0,30.0,0.014087667688727379,0.0002
14441.0,30.0,0.01982264406979084,0.0002
14442.0,30.0,0.014356162399053574,0.0002
14443.0,30.0,0.011667310260236263,0.0002
14444.0,30.0,0.014387601986527443,0.0002
14445.0,30.0,0.014390174299478531,0.0002
14446.0,30.0,0.015329932793974876,0.0002
14447.0,30.0,0.01564609445631504,0.0002
14448.0,30.0,0.017052840441465378,0.0002
14449.0,30.0,0.019553547725081444,0.0002
14450.0,30.0,0.01666020229458809,0.0002
14451.0,30.0,0.013065475970506668,0.0002
14452.0,30.0,0.0170461293309927,0.0002
14453.0,30.0,0.018189363181591034,0.0002
14454.0,30.0,0.013833467848598957,0.0002
14455.0,30.0,0.011424532160162926,0.0002
14456.0,30.0,0.014472203329205513,0.0002
14457.0,30.0,0.015022830106317997,0.0002
14458.0,30.0,0.01867341622710228,0.0002
14459.0,30.0,0.014665895141661167,0.0002
14460.0,30.0,0.013370846398174763,0.0002
14461.0,30.0,0.015984758734703064,0.0002
14462.0,30.0,0.013474047183990479,0.0002
14463.0,30.0,0.015297448262572289,0.0002
14464.0,30.0,0.014137184247374535,0.0002
14465.0,30.0,0.015296443365514278,0.0002
14466.0,30.0,0.016477106139063835,0.0002
14467.0,30.0,0.014945391565561295,0.0002
14468.0,30.0,0.017315758392214775,0.0002
14469.0,30.0,0.015621666796505451,0.0002
14470.0,30.0,0.013898294419050217,0.0002
14471.0,30.0,0.014325741678476334,0.0002
14472.0,30.0,0.012703548185527325,0.0002
14473.0,30.0,0.016015389934182167,0.0002
14474.0,30.0,0.019536606967449188,0.0002
14475.0,30.0,0.014939074404537678,0.0002
14476.0,30.0,0.015455681830644608,0.0002
14477.0,30.0,0.0126394834369421,0.0002
14478.0,30.0,0.0141471391543746,0.0002
14479.0,30.0,0.01431236695498228,0.0002
14480.0,30.0,0.015139617025852203,0.0002
14481.0,30.0,0.017551319673657417,0.0002
14482.0,30.0,0.015471318736672401,0.0002
14483.0,30.0,0.014036983251571655,0.0002
14484.0,30.0,0.016932804137468338,0.0002
14485.0,30.0,0.019666196778416634,0.0002
14486.0,30.0,0.014882677234709263,0.0002
14487.0,30.0,0.017116837203502655,0.0002
14488.0,30.0,0.019043821841478348,0.0002
14489.0,30.0,0.01485752034932375,0.0002
14490.0,30.0,0.0173537265509367,0.0002
14491.0,30.0,0.012860560789704323,0.0002
14492.0,30.0,0.015934810042381287,0.0002
14493.0,30.0,0.013903784565627575,0.0002
14494.0,30.0,0.015162181109189987,0.0002
14495.0,30.0,0.013532126322388649,0.0002
14496.0,30.0,0.014715748839080334,0.0002
14497.0,30.0,0.018736694008111954,0.0002
14498.0,30.0,0.014995899051427841,0.0002
14499.0,30.0,0.015034070238471031,0.0002
14500.0,30.0,0.015469111502170563,0.0002
14501.0,30.0,0.016869785264134407,0.0002
14502.0,30.0,0.016588425263762474,0.0002
14503.0,30.0,0.01486567035317421,0.0002
14504.0,30.0,0.01578012853860855,0.0002
14505.0,30.0,0.018927931785583496,0.0002
14506.0,30.0,0.015760917216539383,0.0002
14507.0,30.0,0.014343339949846268,0.0002
14508.0,30.0,0.016598496586084366,0.0002
14509.0,31.0,0.01567625068128109,0.0002
14510.0,31.0,0.015859268605709076,0.0002
14511.0,31.0,0.01785975694656372,0.0002
14512.0,31.0,0.015286581590771675,0.0002
14513.0,31.0,0.01315196231007576,0.0002
14514.0,31.0,0.016448643058538437,0.0002
14515.0,31.0,0.013181706890463829,0.0002
14516.0,31.0,0.014045154675841331,0.0002
14517.0,31.0,0.012477008625864983,0.0002
14518.0,31.0,0.014468959532678127,0.0002
14519.0,31.0,0.016058823093771935,0.0002
14520.0,31.0,0.01570812612771988,0.0002
14521.0,31.0,0.012682887725532055,0.0002
14522.0,31.0,0.01534196361899376,0.0002
14523.0,31.0,0.016700763255357742,0.0002
14524.0,31.0,0.018025346100330353,0.0002
14525.0,31.0,0.01760454662144184,0.0002
14526.0,31.0,0.01565617509186268,0.0002
14527.0,31.0,0.016088521108031273,0.0002
14528.0,31.0,0.016491584479808807,0.0002
14529.0,31.0,0.016575943678617477,0.0002
14530.0,31.0,0.014322042465209961,0.0002
14531.0,31.0,0.01811467856168747,0.0002
14532.0,31.0,0.011356363072991371,0.0002
14533.0,31.0,0.018454410135746002,0.0002
14534.0,31.0,0.015451502986252308,0.0002
14535.0,31.0,0.01514180563390255,0.0002
14536.0,31.0,0.012372560799121857,0.0002
14537.0,31.0,0.014670489355921745,0.0002
14538.0,31.0,0.015935111790895462,0.0002
14539.0,31.0,0.01245960220694542,0.0002
14540.0,31.0,0.015207773074507713,0.0002
14541.0,31.0,0.012759139761328697,0.0002
14542.0,31.0,0.015816062688827515,0.0002
14543.0,31.0,0.013902946375310421,0.0002
14544.0,31.0,0.014575021341443062,0.0002
14545.0,31.0,0.014787735417485237,0.0002
14546.0,31.0,0.012868979945778847,0.0002
14547.0,31.0,0.017588136717677116,0.0002
14548.0,31.0,0.01732064224779606,0.0002
14549.0,31.0,0.017431598156690598,0.0002
14550.0,31.0,0.017029039561748505,0.0002
14551.0,31.0,0.016627460718154907,0.0002
14552.0,31.0,0.01610947586596012,0.0002
14553.0,31.0,0.017025016248226166,0.0002
14554.0,31.0,0.020118404179811478,0.0002
14555.0,31.0,0.014968040399253368,0.0002
14556.0,31.0,0.015003434382379055,0.0002
14557.0,31.0,0.014164399355649948,0.0002
14558.0,31.0,0.014502421021461487,0.0002
14559.0,31.0,0.009830107912421227,0.0002
14560.0,31.0,0.016189532354474068,0.0002
14561.0,31.0,0.014903043396770954,0.0002
14562.0,31.0,0.011592384427785873,0.0002
14563.0,31.0,0.01584365963935852,0.0002
14564.0,31.0,0.012683621607720852,0.0002
14565.0,31.0,0.014782270416617393,0.0002
14566.0,31.0,0.015851546078920364,0.0002
14567.0,31.0,0.014456558041274548,0.0002
14568.0,31.0,0.014127051457762718,0.0002
14569.0,31.0,0.014044525101780891,0.0002
14570.0,31.0,0.01612480916082859,0.0002
14571.0,31.0,0.016764653846621513,0.0002
14572.0,31.0,0.016990557312965393,0.0002
14573.0,31.0,0.017164286226034164,0.0002
14574.0,31.0,0.018974561244249344,0.0002
14575.0,31.0,0.016579940915107727,0.0002
14576.0,31.0,0.013751690275967121,0.0002
14577.0,31.0,0.014702601358294487,0.0002
14578.0,31.0,0.017656756564974785,0.0002
14579.0,31.0,0.018589338287711143,0.0002
14580.0,31.0,0.01570059359073639,0.0002
14581.0,31.0,0.016507862135767937,0.0002
14582.0,31.0,0.012155386619269848,0.0002
14583.0,31.0,0.014090364798903465,0.0002
14584.0,31.0,0.01363043487071991,0.0002
14585.0,31.0,0.011546075344085693,0.0002
14586.0,31.0,0.013262828812003136,0.0002
14587.0,31.0,0.013566307723522186,0.0002
14588.0,31.0,0.014577020891010761,0.0002
14589.0,31.0,0.012565904296934605,0.0002
14590.0,31.0,0.014539796859025955,0.0002
14591.0,31.0,0.013264918699860573,0.0002
14592.0,31.0,0.01466036681085825,0.0002
14593.0,31.0,0.011759595014154911,0.0002
14594.0,31.0,0.01419321820139885,0.0002
14595.0,31.0,0.012917280197143555,0.0002
14596.0,31.0,0.013583923690021038,0.0002
14597.0,31.0,0.01585829257965088,0.0002
14598.0,31.0,0.01579456217586994,0.0002
14599.0,31.0,0.01466488465666771,0.0002
14600.0,31.0,0.016611246392130852,0.0002
14601.0,31.0,0.014805193059146404,0.0002
14602.0,31.0,0.017085134983062744,0.0002
14603.0,31.0,0.0175800584256649,0.0002
14604.0,31.0,0.012605528347194195,0.0002
14605.0,31.0,0.015965282917022705,0.0002
14606.0,31.0,0.01889922097325325,0.0002
14607.0,31.0,0.012518396601080894,0.0002
14608.0,31.0,0.01557542197406292,0.0002
14609.0,31.0,0.015630774199962616,0.0002
14610.0,31.0,0.016363848000764847,0.0002
14611.0,31.0,0.01435951516032219,0.0002
14612.0,31.0,0.01596434786915779,0.0002
14613.0,31.0,0.013362862169742584,0.0002
14614.0,31.0,0.016863219439983368,0.0002
14615.0,31.0,0.016682345420122147,0.0002
14616.0,31.0,0.01682336814701557,0.0002
14617.0,31.0,0.014737979508936405,0.0002
14618.0,31.0,0.013152718544006348,0.0002
14619.0,31.0,0.014449940994381905,0.0002
14620.0,31.0,0.015326356515288353,0.0002
14621.0,31.0,0.01720171794295311,0.0002
14622.0,31.0,0.016448283568024635,0.0002
14623.0,31.0,0.021500878036022186,0.0002
14624.0,31.0,0.013426510617136955,0.0002
14625.0,31.0,0.015539821237325668,0.0002
14626.0,31.0,0.01720402017235756,0.0002
14627.0,31.0,0.016264526173472404,0.0002
14628.0,31.0,0.014651830308139324,0.0002
14629.0,31.0,0.016165021806955338,0.0002
14630.0,31.0,0.014930002391338348,0.0002
14631.0,31.0,0.017697254195809364,0.0002
14632.0,31.0,0.01536463014781475,0.0002
14633.0,31.0,0.0173303484916687,0.0002
14634.0,31.0,0.012353152967989445,0.0002
14635.0,31.0,0.013264203444123268,0.0002
14636.0,31.0,0.015208035707473755,0.0002
14637.0,31.0,0.01616719737648964,0.0002
14638.0,31.0,0.015438992530107498,0.0002
14639.0,31.0,0.019018864259123802,0.0002
14640.0,31.0,0.01819845661520958,0.0002
14641.0,31.0,0.013367770239710808,0.0002
14642.0,31.0,0.017755229026079178,0.0002
14643.0,31.0,0.01608140394091606,0.0002
14644.0,31.0,0.016832411289215088,0.0002
14645.0,31.0,0.018667059019207954,0.0002
14646.0,31.0,0.016229523345828056,0.0002
14647.0,31.0,0.01816028729081154,0.0002
14648.0,31.0,0.01834287866950035,0.0002
14649.0,31.0,0.016039971262216568,0.0002
14650.0,31.0,0.01655713841319084,0.0002
14651.0,31.0,0.019372761249542236,0.0002
14652.0,31.0,0.015288899652659893,0.0002
14653.0,31.0,0.01541757583618164,0.0002
14654.0,31.0,0.015623591840267181,0.0002
14655.0,31.0,0.01749197393655777,0.0002
14656.0,31.0,0.020651493221521378,0.0002
14657.0,31.0,0.021733306348323822,0.0002
14658.0,31.0,0.015394583344459534,0.0002
14659.0,31.0,0.017631404101848602,0.0002
14660.0,31.0,0.01685168221592903,0.0002
14661.0,31.0,0.016627565026283264,0.0002
14662.0,31.0,0.016406040638685226,0.0002
14663.0,31.0,0.018091749399900436,0.0002
14664.0,31.0,0.014137773774564266,0.0002
14665.0,31.0,0.015070735476911068,0.0002
14666.0,31.0,0.0171513594686985,0.0002
14667.0,31.0,0.013511087745428085,0.0002
14668.0,31.0,0.01497741136699915,0.0002
14669.0,31.0,0.01872064173221588,0.0002
14670.0,31.0,0.013296807184815407,0.0002
14671.0,31.0,0.013792721554636955,0.0002
14672.0,31.0,0.016663020476698875,0.0002
14673.0,31.0,0.01545077096670866,0.0002
14674.0,31.0,0.015189684927463531,0.0002
14675.0,31.0,0.013970647938549519,0.0002
14676.0,31.0,0.015058561228215694,0.0002
14677.0,31.0,0.012107811868190765,0.0002
14678.0,31.0,0.011859696358442307,0.0002
14679.0,31.0,0.014960985630750656,0.0002
14680.0,31.0,0.015510357916355133,0.0002
14681.0,31.0,0.012093028984963894,0.0002
14682.0,31.0,0.013589589856564999,0.0002
14683.0,31.0,0.016274452209472656,0.0002
14684.0,31.0,0.01382953766733408,0.0002
14685.0,31.0,0.012751372531056404,0.0002
14686.0,31.0,0.01417080033570528,0.0002
14687.0,31.0,0.015391319990158081,0.0002
14688.0,31.0,0.012439603917300701,0.0002
14689.0,31.0,0.014677233062684536,0.0002
14690.0,31.0,0.015110872685909271,0.0002
14691.0,31.0,0.013034396804869175,0.0002
14692.0,31.0,0.014226697385311127,0.0002
14693.0,31.0,0.01704324781894684,0.0002
14694.0,31.0,0.016947444528341293,0.0002
14695.0,31.0,0.01427493616938591,0.0002
14696.0,31.0,0.013164641335606575,0.0002
14697.0,31.0,0.014496286399662495,0.0002
14698.0,31.0,0.014608563855290413,0.0002
14699.0,31.0,0.015053732320666313,0.0002
14700.0,31.0,0.018468771129846573,0.0002
14701.0,31.0,0.012380430474877357,0.0002
14702.0,31.0,0.015883147716522217,0.0002
14703.0,31.0,0.015967579558491707,0.0002
14704.0,31.0,0.013077420182526112,0.0002
14705.0,31.0,0.01596050150692463,0.0002
14706.0,31.0,0.01415375154465437,0.0002
14707.0,31.0,0.01663213223218918,0.0002
14708.0,31.0,0.015657467767596245,0.0002
14709.0,31.0,0.01458258181810379,0.0002
14710.0,31.0,0.014189634472131729,0.0002
14711.0,31.0,0.012505719438195229,0.0002
14712.0,31.0,0.01573104038834572,0.0002
14713.0,31.0,0.012934033758938313,0.0002
14714.0,31.0,0.014201728627085686,0.0002
14715.0,31.0,0.01763046532869339,0.0002
14716.0,31.0,0.016730498522520065,0.0002
14717.0,31.0,0.014809603802859783,0.0002
14718.0,31.0,0.01631072349846363,0.0002
14719.0,31.0,0.015543478541076183,0.0002
14720.0,31.0,0.017955662682652473,0.0002
14721.0,31.0,0.010743471793830395,0.0002
14722.0,31.0,0.018042003735899925,0.0002
14723.0,31.0,0.017367232590913773,0.0002
14724.0,31.0,0.013069309294223785,0.0002
14725.0,31.0,0.016102751716971397,0.0002
14726.0,31.0,0.017865270376205444,0.0002
14727.0,31.0,0.013092060573399067,0.0002
14728.0,31.0,0.016537068411707878,0.0002
14729.0,31.0,0.01715877279639244,0.0002
14730.0,31.0,0.013844607397913933,0.0002
14731.0,31.0,0.01587582379579544,0.0002
14732.0,31.0,0.014390166848897934,0.0002
14733.0,31.0,0.013369841501116753,0.0002
14734.0,31.0,0.01642904430627823,0.0002
14735.0,31.0,0.016105186194181442,0.0002
14736.0,31.0,0.01900308206677437,0.0002
14737.0,31.0,0.012913404032588005,0.0002
14738.0,31.0,0.016859231516718864,0.0002
14739.0,31.0,0.01436748169362545,0.0002
14740.0,31.0,0.015206933952867985,0.0002
14741.0,31.0,0.01465071551501751,0.0002
14742.0,31.0,0.013782773166894913,0.0002
14743.0,31.0,0.012848986312747002,0.0002
14744.0,31.0,0.01356410514563322,0.0002
14745.0,31.0,0.011707600206136703,0.0002
14746.0,31.0,0.014585180208086967,0.0002
14747.0,31.0,0.01334715262055397,0.0002
14748.0,31.0,0.014921525493264198,0.0002
14749.0,31.0,0.012666068971157074,0.0002
14750.0,31.0,0.017659850418567657,0.0002
14751.0,31.0,0.0157429501414299,0.0002
14752.0,31.0,0.01786922663450241,0.0002
14753.0,31.0,0.01665377989411354,0.0002
14754.0,31.0,0.016405511647462845,0.0002
14755.0,31.0,0.014500120654702187,0.0002
14756.0,31.0,0.015425663441419601,0.0002
14757.0,31.0,0.015051048249006271,0.0002
14758.0,31.0,0.015346311032772064,0.0002
14759.0,31.0,0.016260318458080292,0.0002
14760.0,31.0,0.016823412850499153,0.0002
14761.0,31.0,0.014585625380277634,0.0002
14762.0,31.0,0.017033323645591736,0.0002
14763.0,31.0,0.01753944903612137,0.0002
14764.0,31.0,0.014258001931011677,0.0002
14765.0,31.0,0.012197500094771385,0.0002
14766.0,31.0,0.015180769376456738,0.0002
14767.0,31.0,0.01592240482568741,0.0002
14768.0,31.0,0.014837255701422691,0.0002
14769.0,31.0,0.015111807733774185,0.0002
14770.0,31.0,0.019260916858911514,0.0002
14771.0,31.0,0.014973726123571396,0.0002
14772.0,31.0,0.015472674742341042,0.0002
14773.0,31.0,0.019280415028333664,0.0002
14774.0,31.0,0.014388960786163807,0.0002
14775.0,31.0,0.013216190971434116,0.0002
14776.0,31.0,0.01835620403289795,0.0002
14777.0,31.0,0.018704507499933243,0.0002
14778.0,31.0,0.0174125824123621,0.0002
14779.0,31.0,0.019498564302921295,0.0002
14780.0,31.0,0.013375187292695045,0.0002
14781.0,31.0,0.010807320475578308,0.0002
14782.0,31.0,0.018390092998743057,0.0002
14783.0,31.0,0.016759537160396576,0.0002
14784.0,31.0,0.018164385110139847,0.0002
14785.0,31.0,0.019715726375579834,0.0002
14786.0,31.0,0.014168072491884232,0.0002
14787.0,31.0,0.012181436643004417,0.0002
14788.0,31.0,0.011597606353461742,0.0002
14789.0,31.0,0.016670526936650276,0.0002
14790.0,31.0,0.01299973949790001,0.0002
14791.0,31.0,0.011588020250201225,0.0002
14792.0,31.0,0.013209222815930843,0.0002
14793.0,31.0,0.01590127870440483,0.0002
14794.0,31.0,0.015991652384400368,0.0002
14795.0,31.0,0.011873123236000538,0.0002
14796.0,31.0,0.015946555882692337,0.0002
14797.0,31.0,0.01390107162296772,0.0002
14798.0,31.0,0.013854892924427986,0.0002
14799.0,31.0,0.014256567694246769,0.0002
14800.0,31.0,0.013575449585914612,0.0002
14801.0,31.0,0.014347005635499954,0.0002
14802.0,31.0,0.017378680408000946,0.0002
14803.0,31.0,0.01919230818748474,0.0002
14804.0,31.0,0.015569793060421944,0.0002
14805.0,31.0,0.01563338190317154,0.0002
14806.0,31.0,0.012813577428460121,0.0002
14807.0,31.0,0.015031199902296066,0.0002
14808.0,31.0,0.01659974828362465,0.0002
14809.0,31.0,0.014782343059778214,0.0002
14810.0,31.0,0.013208870775997639,0.0002
14811.0,31.0,0.012385784648358822,0.0002
14812.0,31.0,0.01608435809612274,0.0002
14813.0,31.0,0.016233861446380615,0.0002
14814.0,31.0,0.011086294427514076,0.0002
14815.0,31.0,0.014098554849624634,0.0002
14816.0,31.0,0.016503507271409035,0.0002
14817.0,31.0,0.0147140733897686,0.0002
14818.0,31.0,0.014353659935295582,0.0002
14819.0,31.0,0.015528019517660141,0.0002
14820.0,31.0,0.012633849866688251,0.0002
14821.0,31.0,0.015862127766013145,0.0002
14822.0,31.0,0.015074772760272026,0.0002
14823.0,31.0,0.015492891892790794,0.0002
14824.0,31.0,0.014417903497815132,0.0002
14825.0,31.0,0.016445085406303406,0.0002
14826.0,31.0,0.015559208579361439,0.0002
14827.0,31.0,0.012742962688207626,0.0002
14828.0,31.0,0.014368119649589062,0.0002
14829.0,31.0,0.016623331233859062,0.0002
14830.0,31.0,0.014901306480169296,0.0002
14831.0,31.0,0.015747055411338806,0.0002
14832.0,31.0,0.016413863748311996,0.0002
14833.0,31.0,0.01767813228070736,0.0002
14834.0,31.0,0.01489247940480709,0.0002
14835.0,31.0,0.01535026729106903,0.0002
14836.0,31.0,0.01377538125962019,0.0002
14837.0,31.0,0.014966823160648346,0.0002
14838.0,31.0,0.013735123910009861,0.0002
14839.0,31.0,0.014690950512886047,0.0002
14840.0,31.0,0.013193940743803978,0.0002
14841.0,31.0,0.014058058150112629,0.0002
14842.0,31.0,0.015775885432958603,0.0002
14843.0,31.0,0.016989992931485176,0.0002
14844.0,31.0,0.016964316368103027,0.0002
14845.0,31.0,0.014667925424873829,0.0002
14846.0,31.0,0.020658917725086212,0.0002
14847.0,31.0,0.01991397514939308,0.0002
14848.0,31.0,0.015762608498334885,0.0002
14849.0,31.0,0.015527223236858845,0.0002
14850.0,31.0,0.015922697260975838,0.0002
14851.0,31.0,0.01773754134774208,0.0002
14852.0,31.0,0.015126842074096203,0.0002
14853.0,31.0,0.015277441591024399,0.0002
14854.0,31.0,0.014925708994269371,0.0002
14855.0,31.0,0.017788473516702652,0.0002
14856.0,31.0,0.01412950549274683,0.0002
14857.0,31.0,0.0163346566259861,0.0002
14858.0,31.0,0.013372950255870819,0.0002
14859.0,31.0,0.02017461322247982,0.0002
14860.0,31.0,0.015685109421610832,0.0002
14861.0,31.0,0.017665229737758636,0.0002
14862.0,31.0,0.016385599970817566,0.0002
14863.0,31.0,0.013499883934855461,0.0002
14864.0,31.0,0.01465614978224039,0.0002
14865.0,31.0,0.011940903961658478,0.0002
14866.0,31.0,0.01387651264667511,0.0002
14867.0,31.0,0.015936966985464096,0.0002
14868.0,31.0,0.014324495568871498,0.0002
14869.0,31.0,0.012560656294226646,0.0002
14870.0,31.0,0.013912458904087543,0.0002
14871.0,31.0,0.01615120656788349,0.0002
14872.0,31.0,0.01987983100116253,0.0002
14873.0,31.0,0.014387629926204681,0.0002
14874.0,31.0,0.01628977805376053,0.0002
14875.0,31.0,0.011376352980732918,0.0002
14876.0,31.0,0.017531922087073326,0.0002
14877.0,31.0,0.01610180363059044,0.0002
14878.0,31.0,0.01737251877784729,0.0002
14879.0,31.0,0.013840940780937672,0.0002
14880.0,31.0,0.015168449841439724,0.0002
14881.0,31.0,0.014654411002993584,0.0002
14882.0,31.0,0.015341777354478836,0.0002
14883.0,31.0,0.015771055594086647,0.0002
14884.0,31.0,0.016428537666797638,0.0002
14885.0,31.0,0.0128353051841259,0.0002
14886.0,31.0,0.01580267772078514,0.0002
14887.0,31.0,0.013073747046291828,0.0002
14888.0,31.0,0.014917569234967232,0.0002
14889.0,31.0,0.022079721093177795,0.0002
14890.0,31.0,0.016248716041445732,0.0002
14891.0,31.0,0.01861461251974106,0.0002
14892.0,31.0,0.016825255006551743,0.0002
14893.0,31.0,0.013524243608117104,0.0002
14894.0,31.0,0.01797141507267952,0.0002
14895.0,31.0,0.01441231183707714,0.0002
14896.0,31.0,0.01524861715734005,0.0002
14897.0,31.0,0.016227399930357933,0.0002
14898.0,31.0,0.015246788039803505,0.0002
14899.0,31.0,0.015201658010482788,0.0002
14900.0,31.0,0.016703708097338676,0.0002
14901.0,31.0,0.014771964401006699,0.0002
14902.0,31.0,0.014776257798075676,0.0002
14903.0,31.0,0.014240967109799385,0.0002
14904.0,31.0,0.019011639058589935,0.0002
14905.0,31.0,0.016982993111014366,0.0002
14906.0,31.0,0.013722620904445648,0.0002
14907.0,31.0,0.014599225483834743,0.0002
14908.0,31.0,0.01593884266912937,0.0002
14909.0,31.0,0.013440128415822983,0.0002
14910.0,31.0,0.01615196093916893,0.0002
14911.0,31.0,0.013521553948521614,0.0002
14912.0,31.0,0.014015729539096355,0.0002
14913.0,31.0,0.01559278555214405,0.0002
14914.0,31.0,0.013550879433751106,0.0002
14915.0,31.0,0.01366389635950327,0.0002
14916.0,31.0,0.015554102137684822,0.0002
14917.0,31.0,0.014836525544524193,0.0002
14918.0,31.0,0.01900385320186615,0.0002
14919.0,31.0,0.014530960470438004,0.0002
14920.0,31.0,0.0188002772629261,0.0002
14921.0,31.0,0.013139892369508743,0.0002
14922.0,31.0,0.013776188716292381,0.0002
14923.0,31.0,0.015434104017913342,0.0002
14924.0,31.0,0.011477340012788773,0.0002
14925.0,31.0,0.012738891877233982,0.0002
14926.0,31.0,0.014904376119375229,0.0002
14927.0,31.0,0.013890095055103302,0.0002
14928.0,31.0,0.015189196914434433,0.0002
14929.0,31.0,0.01575130596756935,0.0002
14930.0,31.0,0.0164069514721632,0.0002
14931.0,31.0,0.013598664663732052,0.0002
14932.0,31.0,0.015899011865258217,0.0002
14933.0,31.0,0.019860148429870605,0.0002
14934.0,31.0,0.014946375973522663,0.0002
14935.0,31.0,0.014688557013869286,0.0002
14936.0,31.0,0.013152092695236206,0.0002
14937.0,31.0,0.012556538917124271,0.0002
14938.0,31.0,0.01806674711406231,0.0002
14939.0,31.0,0.011419951915740967,0.0002
14940.0,31.0,0.016989152878522873,0.0002
14941.0,31.0,0.01671772636473179,0.0002
14942.0,31.0,0.014793426729738712,0.0002
14943.0,31.0,0.017145834863185883,0.0002
14944.0,31.0,0.01521056517958641,0.0002
14945.0,31.0,0.012643970549106598,0.0002
14946.0,31.0,0.01108558475971222,0.0002
14947.0,31.0,0.016787037253379822,0.0002
14948.0,31.0,0.013879193924367428,0.0002
14949.0,31.0,0.015612197108566761,0.0002
14950.0,31.0,0.019873689860105515,0.0002
14951.0,31.0,0.014785818755626678,0.0002
14952.0,31.0,0.016840897500514984,0.0002
14953.0,31.0,0.01531145814806223,0.0002
14954.0,31.0,0.01782059669494629,0.0002
14955.0,31.0,0.01699521765112877,0.0002
14956.0,31.0,0.013980713672935963,0.0002
14957.0,31.0,0.013161209411919117,0.0002
14958.0,31.0,0.01609957404434681,0.0002
14959.0,31.0,0.011576106771826744,0.0002
14960.0,31.0,0.017640279605984688,0.0002
14961.0,31.0,0.01430604699999094,0.0002
14962.0,31.0,0.013706052675843239,0.0002
14963.0,31.0,0.018925070762634277,0.0002
14964.0,31.0,0.01196003332734108,0.0002
14965.0,31.0,0.012169504538178444,0.0002
14966.0,31.0,0.01702957972884178,0.0002
14967.0,31.0,0.016267279163002968,0.0002
14968.0,31.0,0.01378472801297903,0.0002
14969.0,31.0,0.013532753102481365,0.0002
14970.0,31.0,0.018642939627170563,0.0002
14971.0,31.0,0.015935558825731277,0.0002
14972.0,31.0,0.014415772631764412,0.0002
14973.0,31.0,0.013641790486872196,0.0002
14974.0,31.0,0.01603124663233757,0.0002
14975.0,31.0,0.017300482839345932,0.0002
14976.0,31.0,0.013039388693869114,0.0002
14977.0,32.0,0.016476331278681755,0.0002
14978.0,32.0,0.011791836470365524,0.0002
14979.0,32.0,0.018375540152192116,0.0002
14980.0,32.0,0.011269435286521912,0.0002
14981.0,32.0,0.017401907593011856,0.0002
14982.0,32.0,0.01246487908065319,0.0002
14983.0,32.0,0.017480187118053436,0.0002
14984.0,32.0,0.014771964401006699,0.0002
14985.0,32.0,0.018410328775644302,0.0002
14986.0,32.0,0.014364030212163925,0.0002
14987.0,32.0,0.01499247644096613,0.0002
14988.0,32.0,0.011428307741880417,0.0002
14989.0,32.0,0.016153674572706223,0.0002
14990.0,32.0,0.019523821771144867,0.0002
14991.0,32.0,0.014420810155570507,0.0002
14992.0,32.0,0.016967371106147766,0.0002
14993.0,32.0,0.018439676612615585,0.0002
14994.0,32.0,0.015209496021270752,0.0002
14995.0,32.0,0.01666404865682125,0.0002
14996.0,32.0,0.013980674557387829,0.0002
14997.0,32.0,0.013727769255638123,0.0002
14998.0,32.0,0.014939356595277786,0.0002
14999.0,32.0,0.01624569669365883,0.0002
15000.0,32.0,0.01837257482111454,0.0002
15001.0,32.0,0.012996071949601173,0.0002
15002.0,32.0,0.015328400768339634,0.0002
15003.0,32.0,0.015784796327352524,0.0002
15004.0,32.0,0.013900072313845158,0.0002
15005.0,32.0,0.015786711126565933,0.0002
15006.0,32.0,0.013441542163491249,0.0002
15007.0,32.0,0.017367320135235786,0.0002
15008.0,32.0,0.016718119382858276,0.0002
15009.0,32.0,0.012146788649260998,0.0002
15010.0,32.0,0.012533124536275864,0.0002
15011.0,32.0,0.01712612994015217,0.0002
15012.0,32.0,0.014241979457437992,0.0002
15013.0,32.0,0.014847909100353718,0.0002
15014.0,32.0,0.015084574930369854,0.0002
15015.0,32.0,0.013012537732720375,0.0002
15016.0,32.0,0.012950124219059944,0.0002
15017.0,32.0,0.014134175144135952,0.0002
15018.0,32.0,0.013419212773442268,0.0002
15019.0,32.0,0.0149192214012146,0.0002
15020.0,32.0,0.014881286770105362,0.0002
15021.0,32.0,0.012241320684552193,0.0002
15022.0,32.0,0.012745669111609459,0.0002
15023.0,32.0,0.016009405255317688,0.0002
15024.0,32.0,0.014955643564462662,0.0002
15025.0,32.0,0.014521452598273754,0.0002
15026.0,32.0,0.013775154948234558,0.0002
15027.0,32.0,0.013432253152132034,0.0002
15028.0,32.0,0.012557368725538254,0.0002
15029.0,32.0,0.014802156947553158,0.0002
15030.0,32.0,0.013637624680995941,0.0002
15031.0,32.0,0.016751978546380997,0.0002
15032.0,32.0,0.014647494070231915,0.0002
15033.0,32.0,0.015769366174936295,0.0002
15034.0,32.0,0.017626535147428513,0.0002
15035.0,32.0,0.01657264679670334,0.0002
15036.0,32.0,0.01583394594490528,0.0002
15037.0,32.0,0.011120462790131569,0.0002
15038.0,32.0,0.01542263850569725,0.0002
15039.0,32.0,0.016279086470603943,0.0002
15040.0,32.0,0.014562169089913368,0.0002
15041.0,32.0,0.014535832218825817,0.0002
15042.0,32.0,0.012997949495911598,0.0002
15043.0,32.0,0.01636844128370285,0.0002
15044.0,32.0,0.013356035575270653,0.0002
15045.0,32.0,0.018007710576057434,0.0002
15046.0,32.0,0.014987954869866371,0.0002
15047.0,32.0,0.016146359965205193,0.0002
15048.0,32.0,0.014428448863327503,0.0002
15049.0,32.0,0.01232264656573534,0.0002
15050.0,32.0,0.012118224054574966,0.0002
15051.0,32.0,0.012088131159543991,0.0002
15052.0,32.0,0.014236544258892536,0.0002
15053.0,32.0,0.017003733664751053,0.0002
15054.0,32.0,0.013850526884198189,0.0002
15055.0,32.0,0.013126444071531296,0.0002
15056.0,32.0,0.01563854143023491,0.0002
15057.0,32.0,0.013480203226208687,0.0002
15058.0,32.0,0.014258956536650658,0.0002
15059.0,32.0,0.017400583252310753,0.0002
15060.0,32.0,0.016684964299201965,0.0002
15061.0,32.0,0.013872126117348671,0.0002
15062.0,32.0,0.014612621627748013,0.0002
15063.0,32.0,0.013138582929968834,0.0002
15064.0,32.0,0.0165783129632473,0.0002
15065.0,32.0,0.01659780740737915,0.0002
15066.0,32.0,0.014508062042295933,0.0002
15067.0,32.0,0.018102344125509262,0.0002
15068.0,32.0,0.0136635210365057,0.0002
15069.0,32.0,0.019427450373768806,0.0002
15070.0,32.0,0.018977858126163483,0.0002
15071.0,32.0,0.016896270215511322,0.0002
15072.0,32.0,0.01208309456706047,0.0002
15073.0,32.0,0.017352718859910965,0.0002
15074.0,32.0,0.015348818153142929,0.0002
15075.0,32.0,0.011944260448217392,0.0002
15076.0,32.0,0.015692848712205887,0.0002
15077.0,32.0,0.01637301966547966,0.0002
15078.0,32.0,0.016263097524642944,0.0002
15079.0,32.0,0.015835143625736237,0.0002
15080.0,32.0,0.014590863138437271,0.0002
15081.0,32.0,0.014943129383027554,0.0002
15082.0,32.0,0.016487061977386475,0.0002
15083.0,32.0,0.012532727792859077,0.0002
15084.0,32.0,0.01234089769423008,0.0002
15085.0,32.0,0.017714709043502808,0.0002
15086.0,32.0,0.01476765051484108,0.0002
15087.0,32.0,0.018039442598819733,0.0002
15088.0,32.0,0.01617397367954254,0.0002
15089.0,32.0,0.01286335103213787,0.0002
15090.0,32.0,0.013194812461733818,0.0002
15091.0,32.0,0.015297094359993935,0.0002
15092.0,32.0,0.015926504507660866,0.0002
15093.0,32.0,0.017828984186053276,0.0002
15094.0,32.0,0.013076197355985641,0.0002
15095.0,32.0,0.01621486246585846,0.0002
15096.0,32.0,0.013864206150174141,0.0002
15097.0,32.0,0.011573951691389084,0.0002
15098.0,32.0,0.013933811336755753,0.0002
15099.0,32.0,0.012370456010103226,0.0002
15100.0,32.0,0.01630217395722866,0.0002
15101.0,32.0,0.014805682934820652,0.0002
15102.0,32.0,0.012632654048502445,0.0002
15103.0,32.0,0.015572618693113327,0.0002
15104.0,32.0,0.018681734800338745,0.0002
15105.0,32.0,0.014143755659461021,0.0002
15106.0,32.0,0.016630206257104874,0.0002
15107.0,32.0,0.013094303198158741,0.0002
15108.0,32.0,0.014351654797792435,0.0002
15109.0,32.0,0.01516798511147499,0.0002
15110.0,32.0,0.018124081194400787,0.0002
15111.0,32.0,0.015120042487978935,0.0002
15112.0,32.0,0.014444281347095966,0.0002
15113.0,32.0,0.015278484672307968,0.0002
15114.0,32.0,0.015238828957080841,0.0002
15115.0,32.0,0.017161443829536438,0.0002
15116.0,32.0,0.018685244023799896,0.0002
15117.0,32.0,0.01891953870654106,0.0002
15118.0,32.0,0.01251949556171894,0.0002
15119.0,32.0,0.014947669580578804,0.0002
15120.0,32.0,0.021730929613113403,0.0002
15121.0,32.0,0.015442712232470512,0.0002
15122.0,32.0,0.015636254101991653,0.0002
15123.0,32.0,0.01547922007739544,0.0002
15124.0,32.0,0.013533183373510838,0.0002
15125.0,32.0,0.01693800836801529,0.0002
15126.0,32.0,0.015895631164312363,0.0002
15127.0,32.0,0.01664038561284542,0.0002
15128.0,32.0,0.015790799632668495,0.0002
15129.0,32.0,0.014174025505781174,0.0002
15130.0,32.0,0.011193325743079185,0.0002
15131.0,32.0,0.013298943638801575,0.0002
15132.0,32.0,0.016926996409893036,0.0002
15133.0,32.0,0.010814990848302841,0.0002
15134.0,32.0,0.01572028174996376,0.0002
15135.0,32.0,0.011324304156005383,0.0002
15136.0,32.0,0.01475347951054573,0.0002
15137.0,32.0,0.014405300840735435,0.0002
15138.0,32.0,0.012976715341210365,0.0002
15139.0,32.0,0.013579738326370716,0.0002
15140.0,32.0,0.016022641211748123,0.0002
15141.0,32.0,0.012711631134152412,0.0002
15142.0,32.0,0.014660051092505455,0.0002
15143.0,32.0,0.015051801688969135,0.0002
15144.0,32.0,0.015397662296891212,0.0002
15145.0,32.0,0.015050988644361496,0.0002
15146.0,32.0,0.015732694417238235,0.0002
15147.0,32.0,0.016194690018892288,0.0002
15148.0,32.0,0.018352176994085312,0.0002
15149.0,32.0,0.01431911438703537,0.0002
15150.0,32.0,0.015847839415073395,0.0002
15151.0,32.0,0.014743192121386528,0.0002
15152.0,32.0,0.022017890587449074,0.0002
15153.0,32.0,0.01962716318666935,0.0002
15154.0,32.0,0.019143544137477875,0.0002
15155.0,32.0,0.014749419875442982,0.0002
15156.0,32.0,0.013570742681622505,0.0002
15157.0,32.0,0.016714293509721756,0.0002
15158.0,32.0,0.015731021761894226,0.0002
15159.0,32.0,0.013777337968349457,0.0002
15160.0,32.0,0.014794448390603065,0.0002
15161.0,32.0,0.017171014100313187,0.0002
15162.0,32.0,0.015215062536299229,0.0002
15163.0,32.0,0.013366695493459702,0.0002
15164.0,32.0,0.014208595268428326,0.0002
15165.0,32.0,0.01635597087442875,0.0002
15166.0,32.0,0.013626099564135075,0.0002
15167.0,32.0,0.01649201102554798,0.0002
15168.0,32.0,0.016896411776542664,0.0002
15169.0,32.0,0.01592675969004631,0.0002
15170.0,32.0,0.01462011318653822,0.0002
15171.0,32.0,0.015382874757051468,0.0002
15172.0,32.0,0.016062499955296516,0.0002
15173.0,32.0,0.01569889485836029,0.0002
15174.0,32.0,0.015168657526373863,0.0002
15175.0,32.0,0.014954544603824615,0.0002
15176.0,32.0,0.015787741169333458,0.0002
15177.0,32.0,0.01329638622701168,0.0002
15178.0,32.0,0.015973160043358803,0.0002
15179.0,32.0,0.014667733572423458,0.0002
15180.0,32.0,0.014980701729655266,0.0002
15181.0,32.0,0.014156043529510498,0.0002
15182.0,32.0,0.015271550044417381,0.0002
15183.0,32.0,0.012955526821315289,0.0002
15184.0,32.0,0.017176376655697823,0.0002
15185.0,32.0,0.017427843064069748,0.0002
15186.0,32.0,0.013482287526130676,0.0002
15187.0,32.0,0.0169832780957222,0.0002
15188.0,32.0,0.015093660913407803,0.0002
15189.0,32.0,0.016951169818639755,0.0002
15190.0,32.0,0.017222899943590164,0.0002
15191.0,32.0,0.01438766811043024,0.0002
15192.0,32.0,0.013898789882659912,0.0002
15193.0,32.0,0.013500211760401726,0.0002
15194.0,32.0,0.01679549738764763,0.0002
15195.0,32.0,0.01255817897617817,0.0002
15196.0,32.0,0.017766211181879044,0.0002
15197.0,32.0,0.01947706937789917,0.0002
15198.0,32.0,0.01277672965079546,0.0002
15199.0,32.0,0.01461498811841011,0.0002
15200.0,32.0,0.015639163553714752,0.0002
15201.0,32.0,0.01532855723053217,0.0002
15202.0,32.0,0.01262284629046917,0.0002
15203.0,32.0,0.013625107705593109,0.0002
15204.0,32.0,0.012621423229575157,0.0002
15205.0,32.0,0.015555107966065407,0.0002
15206.0,32.0,0.01763610914349556,0.0002
15207.0,32.0,0.017281346023082733,0.0002
15208.0,32.0,0.016135260462760925,0.0002
15209.0,32.0,0.015748178586363792,0.0002
15210.0,32.0,0.012584833428263664,0.0002
15211.0,32.0,0.015255787409842014,0.0002
15212.0,32.0,0.01637732982635498,0.0002
15213.0,32.0,0.01497807726264,0.0002
15214.0,32.0,0.014225798659026623,0.0002
15215.0,32.0,0.01406201720237732,0.0002
15216.0,32.0,0.015984326601028442,0.0002
15217.0,32.0,0.015039130114018917,0.0002
15218.0,32.0,0.014425826258957386,0.0002
15219.0,32.0,0.01594051718711853,0.0002
15220.0,32.0,0.014482136815786362,0.0002
15221.0,32.0,0.018003255128860474,0.0002
15222.0,32.0,0.015565548092126846,0.0002
15223.0,32.0,0.014843265525996685,0.0002
15224.0,32.0,0.015934277325868607,0.0002
15225.0,32.0,0.014318181201815605,0.0002
15226.0,32.0,0.01783403754234314,0.0002
15227.0,32.0,0.016047989949584007,0.0002
15228.0,32.0,0.011611148715019226,0.0002
15229.0,32.0,0.01478891633450985,0.0002
15230.0,32.0,0.013643007725477219,0.0002
15231.0,32.0,0.014109659940004349,0.0002
15232.0,32.0,0.017319198697805405,0.0002
15233.0,32.0,0.015607146546244621,0.0002
15234.0,32.0,0.012391847558319569,0.0002
15235.0,32.0,0.014970146119594574,0.0002
15236.0,32.0,0.014809039421379566,0.0002
15237.0,32.0,0.015435663051903248,0.0002
15238.0,32.0,0.01220024935901165,0.0002
15239.0,32.0,0.014334116131067276,0.0002
15240.0,32.0,0.015731558203697205,0.0002
15241.0,32.0,0.012639058753848076,0.0002
15242.0,32.0,0.02154102735221386,0.0002
15243.0,32.0,0.01440746895968914,0.0002
15244.0,32.0,0.012613336555659771,0.0002
15245.0,32.0,0.013274388387799263,0.0002
15246.0,32.0,0.012617466039955616,0.0002
15247.0,32.0,0.016241470351815224,0.0002
15248.0,32.0,0.014746198430657387,0.0002
15249.0,32.0,0.016398068517446518,0.0002
15250.0,32.0,0.012903576716780663,0.0002
15251.0,32.0,0.012394469231367111,0.0002
15252.0,32.0,0.015051120892167091,0.0002
15253.0,32.0,0.014535775408148766,0.0002
15254.0,32.0,0.013039195910096169,0.0002
15255.0,32.0,0.013686666265130043,0.0002
15256.0,32.0,0.012289289385080338,0.0002
15257.0,32.0,0.017073996365070343,0.0002
15258.0,32.0,0.01187046617269516,0.0002
15259.0,32.0,0.016068216413259506,0.0002
15260.0,32.0,0.01349957287311554,0.0002
15261.0,32.0,0.013424772769212723,0.0002
15262.0,32.0,0.014278806746006012,0.0002
15263.0,32.0,0.014931568875908852,0.0002
15264.0,32.0,0.021100323647260666,0.0002
15265.0,32.0,0.016308460384607315,0.0002
15266.0,32.0,0.01242566667497158,0.0002
15267.0,32.0,0.01807611808180809,0.0002
15268.0,32.0,0.015522487461566925,0.0002
15269.0,32.0,0.015259961597621441,0.0002
15270.0,32.0,0.016525451093912125,0.0002
15271.0,32.0,0.012111058458685875,0.0002
15272.0,32.0,0.017383741214871407,0.0002
15273.0,32.0,0.01650049537420273,0.0002
15274.0,32.0,0.020092353224754333,0.0002
15275.0,32.0,0.01721508614718914,0.0002
15276.0,32.0,0.015581500716507435,0.0002
15277.0,32.0,0.012659190222620964,0.0002
15278.0,32.0,0.01641841046512127,0.0002
15279.0,32.0,0.017180604860186577,0.0002
15280.0,32.0,0.016956740990281105,0.0002
15281.0,32.0,0.01173592358827591,0.0002
15282.0,32.0,0.01619967445731163,0.0002
15283.0,32.0,0.014962458983063698,0.0002
15284.0,32.0,0.017069000750780106,0.0002
15285.0,32.0,0.012174276635050774,0.0002
15286.0,32.0,0.0156551506370306,0.0002
15287.0,32.0,0.015376387163996696,0.0002
15288.0,32.0,0.02456885576248169,0.0002
15289.0,32.0,0.01557784155011177,0.0002
15290.0,32.0,0.01764283888041973,0.0002
15291.0,32.0,0.015077917836606503,0.0002
15292.0,32.0,0.011993235908448696,0.0002
15293.0,32.0,0.01429392397403717,0.0002
15294.0,32.0,0.01546848937869072,0.0002
15295.0,32.0,0.013921570964157581,0.0002
15296.0,32.0,0.012528320774435997,0.0002
15297.0,32.0,0.013258261606097221,0.0002
15298.0,32.0,0.013168512843549252,0.0002
15299.0,32.0,0.01849794015288353,0.0002
15300.0,32.0,0.018491683527827263,0.0002
15301.0,32.0,0.016301030293107033,0.0002
15302.0,32.0,0.015976469963788986,0.0002
15303.0,32.0,0.011925708502531052,0.0002
15304.0,32.0,0.018633931875228882,0.0002
15305.0,32.0,0.021209197118878365,0.0002
15306.0,32.0,0.013991125859320164,0.0002
15307.0,32.0,0.014640768989920616,0.0002
15308.0,32.0,0.011267531663179398,0.0002
15309.0,32.0,0.0189047921448946,0.0002
15310.0,32.0,0.013354038819670677,0.0002
15311.0,32.0,0.011885112151503563,0.0002
15312.0,32.0,0.015987137332558632,0.0002
15313.0,32.0,0.011707293801009655,0.0002
15314.0,32.0,0.017902053892612457,0.0002
15315.0,32.0,0.012799116782844067,0.0002
15316.0,32.0,0.011026203632354736,0.0002
15317.0,32.0,0.016721297055482864,0.0002
15318.0,32.0,0.01732717826962471,0.0002
15319.0,32.0,0.015073403716087341,0.0002
15320.0,32.0,0.017324401065707207,0.0002
15321.0,32.0,0.017108000814914703,0.0002
15322.0,32.0,0.017409516498446465,0.0002
15323.0,32.0,0.018554257228970528,0.0002
15324.0,32.0,0.016970694065093994,0.0002
15325.0,32.0,0.017283856868743896,0.0002
15326.0,32.0,0.011794792488217354,0.0002
15327.0,32.0,0.017533671110868454,0.0002
15328.0,32.0,0.013398564420640469,0.0002
15329.0,32.0,0.014432364143431187,0.0002
15330.0,32.0,0.015210635028779507,0.0002
15331.0,32.0,0.015352102927863598,0.0002
15332.0,32.0,0.014019853435456753,0.0002
15333.0,32.0,0.013397462666034698,0.0002
15334.0,32.0,0.013111475855112076,0.0002
15335.0,32.0,0.014041639864444733,0.0002
15336.0,32.0,0.014721373096108437,0.0002
15337.0,32.0,0.01749088056385517,0.0002
15338.0,32.0,0.010820231400430202,0.0002
15339.0,32.0,0.012179603800177574,0.0002
15340.0,32.0,0.013882506638765335,0.0002
15341.0,32.0,0.014984134584665298,0.0002
15342.0,32.0,0.01329510286450386,0.0002
15343.0,32.0,0.017377765849232674,0.0002
15344.0,32.0,0.011489528231322765,0.0002
15345.0,32.0,0.013114537112414837,0.0002
15346.0,32.0,0.016929447650909424,0.0002
15347.0,32.0,0.016013972461223602,0.0002
15348.0,32.0,0.012182916514575481,0.0002
15349.0,32.0,0.013394074514508247,0.0002
15350.0,32.0,0.012724796310067177,0.0002
15351.0,32.0,0.015923621132969856,0.0002
15352.0,32.0,0.013872180134057999,0.0002
15353.0,32.0,0.0149594871327281,0.0002
15354.0,32.0,0.018634382635354996,0.0002
15355.0,32.0,0.012093309313058853,0.0002
15356.0,32.0,0.011419274844229221,0.0002
15357.0,32.0,0.013713601976633072,0.0002
15358.0,32.0,0.012940681539475918,0.0002
15359.0,32.0,0.014194488525390625,0.0002
15360.0,32.0,0.013613436371088028,0.0002
15361.0,32.0,0.017770536243915558,0.0002
15362.0,32.0,0.015052729286253452,0.0002
15363.0,32.0,0.014562651515007019,0.0002
15364.0,32.0,0.018893267959356308,0.0002
15365.0,32.0,0.013007299974560738,0.0002
15366.0,32.0,0.014915735460817814,0.0002
15367.0,32.0,0.01407221332192421,0.0002
15368.0,32.0,0.014372291043400764,0.0002
15369.0,32.0,0.012249471619725227,0.0002
15370.0,32.0,0.01364835910499096,0.0002
15371.0,32.0,0.012306496500968933,0.0002
15372.0,32.0,0.017215341329574585,0.0002
15373.0,32.0,0.01717597432434559,0.0002
15374.0,32.0,0.01106378436088562,0.0002
15375.0,32.0,0.015950683504343033,0.0002
15376.0,32.0,0.01152349915355444,0.0002
15377.0,32.0,0.014271179214119911,0.0002
15378.0,32.0,0.016170933842658997,0.0002
15379.0,32.0,0.015042930841445923,0.0002
15380.0,32.0,0.01341953780502081,0.0002
15381.0,32.0,0.01366986520588398,0.0002
15382.0,32.0,0.01323452778160572,0.0002
15383.0,32.0,0.015484536997973919,0.0002
15384.0,32.0,0.017936397343873978,0.0002
15385.0,32.0,0.014641567133367062,0.0002
15386.0,32.0,0.01643112488090992,0.0002
15387.0,32.0,0.014819973148405552,0.0002
15388.0,32.0,0.015652811154723167,0.0002
15389.0,32.0,0.014831594191491604,0.0002
15390.0,32.0,0.015629149973392487,0.0002
15391.0,32.0,0.013709986582398415,0.0002
15392.0,32.0,0.013558594509959221,0.0002
15393.0,32.0,0.014730438590049744,0.0002
15394.0,32.0,0.016841813921928406,0.0002
15395.0,32.0,0.013076185248792171,0.0002
15396.0,32.0,0.012628534808754921,0.0002
15397.0,32.0,0.016140764579176903,0.0002
15398.0,32.0,0.012416253797709942,0.0002
15399.0,32.0,0.011368791572749615,0.0002
15400.0,32.0,0.014583343639969826,0.0002
15401.0,32.0,0.01583399623632431,0.0002
15402.0,32.0,0.015677450224757195,0.0002
15403.0,32.0,0.010102817788720131,0.0002
15404.0,32.0,0.014965077862143517,0.0002
15405.0,32.0,0.013574463315308094,0.0002
15406.0,32.0,0.013807618990540504,0.0002
15407.0,32.0,0.016003746539354324,0.0002
15408.0,32.0,0.01403161883354187,0.0002
15409.0,32.0,0.011590259149670601,0.0002
15410.0,32.0,0.015293271280825138,0.0002
15411.0,32.0,0.01887715980410576,0.0002
15412.0,32.0,0.018616601824760437,0.0002
15413.0,32.0,0.015864497050642967,0.0002
15414.0,32.0,0.0161970816552639,0.0002
15415.0,32.0,0.014562557451426983,0.0002
15416.0,32.0,0.01663047820329666,0.0002
15417.0,32.0,0.01467232033610344,0.0002
15418.0,32.0,0.01528464537113905,0.0002
15419.0,32.0,0.016963914036750793,0.0002
15420.0,32.0,0.016781698912382126,0.0002
15421.0,32.0,0.015474896878004074,0.0002
15422.0,32.0,0.015258589759469032,0.0002
15423.0,32.0,0.015823107212781906,0.0002
15424.0,32.0,0.014564110897481441,0.0002
15425.0,32.0,0.015616387128829956,0.0002
15426.0,32.0,0.016651766374707222,0.0002
15427.0,32.0,0.01788925752043724,0.0002
15428.0,32.0,0.010935583151876926,0.0002
15429.0,32.0,0.017747094854712486,0.0002
15430.0,32.0,0.015186532400548458,0.0002
15431.0,32.0,0.012681531719863415,0.0002
15432.0,32.0,0.015413159504532814,0.0002
15433.0,32.0,0.013421276584267616,0.0002
15434.0,32.0,0.017566053196787834,0.0002
15435.0,32.0,0.014838097617030144,0.0002
15436.0,32.0,0.013879917562007904,0.0002
15437.0,32.0,0.01689063012599945,0.0002
15438.0,32.0,0.012118827551603317,0.0002
15439.0,32.0,0.017822887748479843,0.0002
15440.0,32.0,0.015741663053631783,0.0002
15441.0,32.0,0.015760738402605057,0.0002
15442.0,32.0,0.01824464276432991,0.0002
15443.0,32.0,0.01947222463786602,0.0002
15444.0,32.0,0.01598861627280712,0.0002
15445.0,33.0,0.013641424477100372,0.0002
15446.0,33.0,0.016806650906801224,0.0002
15447.0,33.0,0.014994896948337555,0.0002
15448.0,33.0,0.014013310894370079,0.0002
15449.0,33.0,0.020020991563796997,0.0002
15450.0,33.0,0.017548220232129097,0.0002
15451.0,33.0,0.01303710974752903,0.0002
15452.0,33.0,0.01761571317911148,0.0002
15453.0,33.0,0.01739930734038353,0.0002
15454.0,33.0,0.016013838350772858,0.0002
15455.0,33.0,0.015471050515770912,0.0002
15456.0,33.0,0.012751732021570206,0.0002
15457.0,33.0,0.01585906185209751,0.0002
15458.0,33.0,0.014904624782502651,0.0002
15459.0,33.0,0.012022363021969795,0.0002
15460.0,33.0,0.015103094279766083,0.0002
15461.0,33.0,0.020374055951833725,0.0002
15462.0,33.0,0.01342459861189127,0.0002
15463.0,33.0,0.012840734794735909,0.0002
15464.0,33.0,0.013181749731302261,0.0002
15465.0,33.0,0.012222968973219395,0.0002
15466.0,33.0,0.017241965979337692,0.0002
15467.0,33.0,0.016322538256645203,0.0002
15468.0,33.0,0.013615954667329788,0.0002
15469.0,33.0,0.015067124739289284,0.0002
15470.0,33.0,0.01475320104509592,0.0002
15471.0,33.0,0.013449359685182571,0.0002
15472.0,33.0,0.016351424157619476,0.0002
15473.0,33.0,0.013996930792927742,0.0002
15474.0,33.0,0.0184844471514225,0.0002
15475.0,33.0,0.013932406902313232,0.0002
15476.0,33.0,0.01619490422308445,0.0002
15477.0,33.0,0.0189927127212286,0.0002
15478.0,33.0,0.016277842223644257,0.0002
15479.0,33.0,0.014191493391990662,0.0002
15480.0,33.0,0.013542575761675835,0.0002
15481.0,33.0,0.014230392873287201,0.0002
15482.0,33.0,0.016578949987888336,0.0002
15483.0,33.0,0.014531532302498817,0.0002
15484.0,33.0,0.015936877578496933,0.0002
15485.0,33.0,0.014006189070641994,0.0002
15486.0,33.0,0.016979940235614777,0.0002
15487.0,33.0,0.018387535586953163,0.0002
15488.0,33.0,0.013452311977744102,0.0002
15489.0,33.0,0.012415135279297829,0.0002
15490.0,33.0,0.014480811543762684,0.0002
15491.0,33.0,0.013983888551592827,0.0002
15492.0,33.0,0.013462735339999199,0.0002
15493.0,33.0,0.015174070373177528,0.0002
15494.0,33.0,0.018075814470648766,0.0002
15495.0,33.0,0.01324550248682499,0.0002
15496.0,33.0,0.011673364788293839,0.0002
15497.0,33.0,0.017192084342241287,0.0002
15498.0,33.0,0.016806960105895996,0.0002
15499.0,33.0,0.016208820044994354,0.0002
15500.0,33.0,0.014740771614015102,0.0002
15501.0,33.0,0.0144921550527215,0.0002
15502.0,33.0,0.016324255615472794,0.0002
15503.0,33.0,0.016904260963201523,0.0002
15504.0,33.0,0.01727362908422947,0.0002
15505.0,33.0,0.018652094528079033,0.0002
15506.0,33.0,0.015190240927040577,0.0002
15507.0,33.0,0.011678915470838547,0.0002
15508.0,33.0,0.014682786539196968,0.0002
15509.0,33.0,0.01645722985267639,0.0002
15510.0,33.0,0.017349647358059883,0.0002
15511.0,33.0,0.015141529031097889,0.0002
15512.0,33.0,0.015755251049995422,0.0002
15513.0,33.0,0.016312595456838608,0.0002
15514.0,33.0,0.01293640211224556,0.0002
15515.0,33.0,0.015566131100058556,0.0002
15516.0,33.0,0.016732484102249146,0.0002
15517.0,33.0,0.01389654166996479,0.0002
15518.0,33.0,0.01779746636748314,0.0002
15519.0,33.0,0.017113644629716873,0.0002
15520.0,33.0,0.01580982469022274,0.0002
15521.0,33.0,0.017087619751691818,0.0002
15522.0,33.0,0.011745244264602661,0.0002
15523.0,33.0,0.012825099751353264,0.0002
15524.0,33.0,0.01789695955812931,0.0002
15525.0,33.0,0.013366109691560268,0.0002
15526.0,33.0,0.015602249652147293,0.0002
15527.0,33.0,0.01633571833372116,0.0002
15528.0,33.0,0.015312247909605503,0.0002
15529.0,33.0,0.020600199699401855,0.0002
15530.0,33.0,0.015334601514041424,0.0002
15531.0,33.0,0.01476624421775341,0.0002
15532.0,33.0,0.01712031662464142,0.0002
15533.0,33.0,0.016234494745731354,0.0002
15534.0,33.0,0.01300306897610426,0.0002
15535.0,33.0,0.017953891307115555,0.0002
15536.0,33.0,0.015217146836221218,0.0002
15537.0,33.0,0.020176207646727562,0.0002
15538.0,33.0,0.012987315654754639,0.0002
15539.0,33.0,0.01748073473572731,0.0002
15540.0,33.0,0.01850312575697899,0.0002
15541.0,33.0,0.015004057437181473,0.0002
15542.0,33.0,0.016971897333860397,0.0002
15543.0,33.0,0.013833886943757534,0.0002
15544.0,33.0,0.01326620765030384,0.0002
15545.0,33.0,0.013795116916298866,0.0002
15546.0,33.0,0.013395475223660469,0.0002
15547.0,33.0,0.0152868228033185,0.0002
15548.0,33.0,0.01812070980668068,0.0002
15549.0,33.0,0.018784549087285995,0.0002
15550.0,33.0,0.016149569302797318,0.0002
15551.0,33.0,0.014735512435436249,0.0002
15552.0,33.0,0.012687885202467442,0.0002
15553.0,33.0,0.012301097624003887,0.0002
15554.0,33.0,0.015604722313582897,0.0002
15555.0,33.0,0.01595156639814377,0.0002
15556.0,33.0,0.014667237177491188,0.0002
15557.0,33.0,0.012303045019507408,0.0002
15558.0,33.0,0.015377594158053398,0.0002
15559.0,33.0,0.016933590173721313,0.0002
15560.0,33.0,0.012762200087308884,0.0002
15561.0,33.0,0.015469077974557877,0.0002
15562.0,33.0,0.013327594846487045,0.0002
15563.0,33.0,0.01822705566883087,0.0002
15564.0,33.0,0.012839606031775475,0.0002
15565.0,33.0,0.015413380227982998,0.0002
15566.0,33.0,0.016790585592389107,0.0002
15567.0,33.0,0.01339433342218399,0.0002
15568.0,33.0,0.01604689285159111,0.0002
15569.0,33.0,0.01404416561126709,0.0002
15570.0,33.0,0.017344024032354355,0.0002
15571.0,33.0,0.015418153256177902,0.0002
15572.0,33.0,0.018249453976750374,0.0002
15573.0,33.0,0.016744840890169144,0.0002
15574.0,33.0,0.018791813403367996,0.0002
15575.0,33.0,0.015620999038219452,0.0002
15576.0,33.0,0.012816277332603931,0.0002
15577.0,33.0,0.018503408879041672,0.0002
15578.0,33.0,0.01709233596920967,0.0002
15579.0,33.0,0.016194002702832222,0.0002
15580.0,33.0,0.01730964705348015,0.0002
15581.0,33.0,0.011892497539520264,0.0002
15582.0,33.0,0.015990152955055237,0.0002
15583.0,33.0,0.01629776507616043,0.0002
15584.0,33.0,0.012081291526556015,0.0002
15585.0,33.0,0.017555952072143555,0.0002
15586.0,33.0,0.01656302437186241,0.0002
15587.0,33.0,0.014023926109075546,0.0002
15588.0,33.0,0.015328055247664452,0.0002
15589.0,33.0,0.014239799231290817,0.0002
15590.0,33.0,0.014859131537377834,0.0002
15591.0,33.0,0.014029436744749546,0.0002
15592.0,33.0,0.015609635040163994,0.0002
15593.0,33.0,0.017270125448703766,0.0002
15594.0,33.0,0.017188308760523796,0.0002
15595.0,33.0,0.01316370815038681,0.0002
15596.0,33.0,0.014178925193846226,0.0002
15597.0,33.0,0.01401701383292675,0.0002
15598.0,33.0,0.017764844000339508,0.0002
15599.0,33.0,0.015984566882252693,0.0002
15600.0,33.0,0.01753077656030655,0.0002
15601.0,33.0,0.014394432306289673,0.0002
15602.0,33.0,0.015934105962514877,0.0002
15603.0,33.0,0.018328338861465454,0.0002
15604.0,33.0,0.014173525385558605,0.0002
15605.0,33.0,0.015016494318842888,0.0002
15606.0,33.0,0.016497384756803513,0.0002
15607.0,33.0,0.017049506306648254,0.0002
15608.0,33.0,0.014992857351899147,0.0002
15609.0,33.0,0.011036114767193794,0.0002
15610.0,33.0,0.015078168362379074,0.0002
15611.0,33.0,0.01357131078839302,0.0002
15612.0,33.0,0.01585698127746582,0.0002
15613.0,33.0,0.01759936474263668,0.0002
15614.0,33.0,0.013602706603705883,0.0002
15615.0,33.0,0.015689093619585037,0.0002
15616.0,33.0,0.012727800756692886,0.0002
15617.0,33.0,0.01356511190533638,0.0002
15618.0,33.0,0.01387830451130867,0.0002
15619.0,33.0,0.01626778021454811,0.0002
15620.0,33.0,0.014278799295425415,0.0002
15621.0,33.0,0.014378642663359642,0.0002
15622.0,33.0,0.018314499408006668,0.0002
15623.0,33.0,0.013147477991878986,0.0002
15624.0,33.0,0.017293501645326614,0.0002
15625.0,33.0,0.014843246899545193,0.0002
15626.0,33.0,0.019528741016983986,0.0002
15627.0,33.0,0.012522286735475063,0.0002
15628.0,33.0,0.017308803275227547,0.0002
15629.0,33.0,0.017478205263614655,0.0002
15630.0,33.0,0.012953114695847034,0.0002
15631.0,33.0,0.012569516897201538,0.0002
15632.0,33.0,0.014881165698170662,0.0002
15633.0,33.0,0.015864316374063492,0.0002
15634.0,33.0,0.016080107539892197,0.0002
15635.0,33.0,0.017232855781912804,0.0002
15636.0,33.0,0.0119281355291605,0.0002
15637.0,33.0,0.015178804285824299,0.0002
15638.0,33.0,0.014229796826839447,0.0002
15639.0,33.0,0.023211147636175156,0.0002
15640.0,33.0,0.017110560089349747,0.0002
15641.0,33.0,0.017836634069681168,0.0002
15642.0,33.0,0.016995828598737717,0.0002
15643.0,33.0,0.017422620207071304,0.0002
15644.0,33.0,0.015768852084875107,0.0002
15645.0,33.0,0.015667734667658806,0.0002
15646.0,33.0,0.014433106407523155,0.0002
15647.0,33.0,0.01833397150039673,0.0002
15648.0,33.0,0.016358792781829834,0.0002
15649.0,33.0,0.0122412433847785,0.0002
15650.0,33.0,0.015185732394456863,0.0002
15651.0,33.0,0.013271491043269634,0.0002
15652.0,33.0,0.016060972586274147,0.0002
15653.0,33.0,0.017251811921596527,0.0002
15654.0,33.0,0.018457360565662384,0.0002
15655.0,33.0,0.014772783033549786,0.0002
15656.0,33.0,0.015189841389656067,0.0002
15657.0,33.0,0.014165561646223068,0.0002
15658.0,33.0,0.012915310449898243,0.0002
15659.0,33.0,0.014514321461319923,0.0002
15660.0,33.0,0.018886888399720192,0.0002
15661.0,33.0,0.016067994758486748,0.0002
15662.0,33.0,0.012776781804859638,0.0002
15663.0,33.0,0.019076332449913025,0.0002
15664.0,33.0,0.01442051213234663,0.0002
15665.0,33.0,0.013788403943181038,0.0002
15666.0,33.0,0.014604378491640091,0.0002
15667.0,33.0,0.014831297099590302,0.0002
15668.0,33.0,0.016313666477799416,0.0002
15669.0,33.0,0.0161005649715662,0.0002
15670.0,33.0,0.015678606927394867,0.0002
15671.0,33.0,0.013194595463573933,0.0002
15672.0,33.0,0.01456366665661335,0.0002
15673.0,33.0,0.02060464583337307,0.0002
15674.0,33.0,0.016452420502901077,0.0002
15675.0,33.0,0.016613686457276344,0.0002
15676.0,33.0,0.013264358043670654,0.0002
15677.0,33.0,0.01646822690963745,0.0002
15678.0,33.0,0.013173025101423264,0.0002
15679.0,33.0,0.016327597200870514,0.0002
15680.0,33.0,0.01758481375873089,0.0002
15681.0,33.0,0.012094561010599136,0.0002
15682.0,33.0,0.013961870223283768,0.0002
15683.0,33.0,0.011561255902051926,0.0002
15684.0,33.0,0.012386765331029892,0.0002
15685.0,33.0,0.011087549850344658,0.0002
15686.0,33.0,0.016932785511016846,0.0002
15687.0,33.0,0.014100458472967148,0.0002
15688.0,33.0,0.014534525573253632,0.0002
15689.0,33.0,0.01393928099423647,0.0002
15690.0,33.0,0.014101686887443066,0.0002
15691.0,33.0,0.016251416876912117,0.0002
15692.0,33.0,0.014150249771773815,0.0002
15693.0,33.0,0.013921931385993958,0.0002
15694.0,33.0,0.020410684868693352,0.0002
15695.0,33.0,0.017400365322828293,0.0002
15696.0,33.0,0.014682626351714134,0.0002
15697.0,33.0,0.013312537223100662,0.0002
15698.0,33.0,0.01559455320239067,0.0002
15699.0,33.0,0.013465054333209991,0.0002
15700.0,33.0,0.013763601891696453,0.0002
15701.0,33.0,0.013123774901032448,0.0002
15702.0,33.0,0.01615050807595253,0.0002
15703.0,33.0,0.019875310361385345,0.0002
15704.0,33.0,0.017795778810977936,0.0002
15705.0,33.0,0.01577557809650898,0.0002
15706.0,33.0,0.018254417926073074,0.0002
15707.0,33.0,0.016110844910144806,0.0002
15708.0,33.0,0.014456148259341717,0.0002
15709.0,33.0,0.016673801466822624,0.0002
15710.0,33.0,0.015090152621269226,0.0002
15711.0,33.0,0.012865155003964901,0.0002
15712.0,33.0,0.013389859348535538,0.0002
15713.0,33.0,0.01665644347667694,0.0002
15714.0,33.0,0.011744240298867226,0.0002
15715.0,33.0,0.01696217618882656,0.0002
15716.0,33.0,0.014849708415567875,0.0002
15717.0,33.0,0.015622107312083244,0.0002
15718.0,33.0,0.014138895086944103,0.0002
15719.0,33.0,0.013870112597942352,0.0002
15720.0,33.0,0.014841468073427677,0.0002
15721.0,33.0,0.014600181952118874,0.0002
15722.0,33.0,0.01809549331665039,0.0002
15723.0,33.0,0.015340912155807018,0.0002
15724.0,33.0,0.013866478577256203,0.0002
15725.0,33.0,0.01319858804345131,0.0002
15726.0,33.0,0.019807785749435425,0.0002
15727.0,33.0,0.014307459816336632,0.0002
15728.0,33.0,0.01639818400144577,0.0002
15729.0,33.0,0.016854651272296906,0.0002
15730.0,33.0,0.016277749091386795,0.0002
15731.0,33.0,0.015870409086346626,0.0002
15732.0,33.0,0.013124644756317139,0.0002
15733.0,33.0,0.014835468493402004,0.0002
15734.0,33.0,0.01402104739099741,0.0002
15735.0,33.0,0.014738471247255802,0.0002
15736.0,33.0,0.011926280334591866,0.0002
15737.0,33.0,0.011299949139356613,0.0002
15738.0,33.0,0.015635274350643158,0.0002
15739.0,33.0,0.01370147056877613,0.0002
15740.0,33.0,0.014288077130913734,0.0002
15741.0,33.0,0.017181770876049995,0.0002
15742.0,33.0,0.013404401950538158,0.0002
15743.0,33.0,0.015660474076867104,0.0002
15744.0,33.0,0.016053061932325363,0.0002
15745.0,33.0,0.015337021090090275,0.0002
15746.0,33.0,0.015881521627306938,0.0002
15747.0,33.0,0.01605484075844288,0.0002
15748.0,33.0,0.014366880059242249,0.0002
15749.0,33.0,0.015302011743187904,0.0002
15750.0,33.0,0.014970737509429455,0.0002
15751.0,33.0,0.017471376806497574,0.0002
15752.0,33.0,0.013284933753311634,0.0002
15753.0,33.0,0.01733761467039585,0.0002
15754.0,33.0,0.014089569449424744,0.0002
15755.0,33.0,0.014507758431136608,0.0002
15756.0,33.0,0.01598278433084488,0.0002
15757.0,33.0,0.015790492296218872,0.0002
15758.0,33.0,0.015050174668431282,0.0002
15759.0,33.0,0.014516403898596764,0.0002
15760.0,33.0,0.01527379360049963,0.0002
15761.0,33.0,0.012872135266661644,0.0002
15762.0,33.0,0.013945206999778748,0.0002
15763.0,33.0,0.015339523553848267,0.0002
15764.0,33.0,0.012863488867878914,0.0002
15765.0,33.0,0.01587463915348053,0.0002
15766.0,33.0,0.014952472411096096,0.0002
15767.0,33.0,0.0132839884608984,0.0002
15768.0,33.0,0.015204456634819508,0.0002
15769.0,33.0,0.013842434622347355,0.0002
15770.0,33.0,0.017347795888781548,0.0002
15771.0,33.0,0.016957618296146393,0.0002
15772.0,33.0,0.013687871396541595,0.0002
15773.0,33.0,0.015452055260539055,0.0002
15774.0,33.0,0.020285211503505707,0.0002
15775.0,33.0,0.013854359276592731,0.0002
15776.0,33.0,0.013356372714042664,0.0002
15777.0,33.0,0.018715543672442436,0.0002
15778.0,33.0,0.013485830277204514,0.0002
15779.0,33.0,0.01970922388136387,0.0002
15780.0,33.0,0.015123620629310608,0.0002
15781.0,33.0,0.013097964227199554,0.0002
15782.0,33.0,0.014645326882600784,0.0002
15783.0,33.0,0.015919223427772522,0.0002
15784.0,33.0,0.015538115985691547,0.0002
15785.0,33.0,0.01684253290295601,0.0002
15786.0,33.0,0.011683749035000801,0.0002
15787.0,33.0,0.019239643588662148,0.0002
15788.0,33.0,0.017762405797839165,0.0002
15789.0,33.0,0.018198495730757713,0.0002
15790.0,33.0,0.015247403644025326,0.0002
15791.0,33.0,0.014056717976927757,0.0002
15792.0,33.0,0.015589172020554543,0.0002
15793.0,33.0,0.018583964556455612,0.0002
15794.0,33.0,0.01307748630642891,0.0002
15795.0,33.0,0.020088525488972664,0.0002
15796.0,33.0,0.014617414213716984,0.0002
15797.0,33.0,0.014364724047482014,0.0002
15798.0,33.0,0.015016445890069008,0.0002
15799.0,33.0,0.014784366823732853,0.0002
15800.0,33.0,0.01338372565805912,0.0002
15801.0,33.0,0.01152001041918993,0.0002
15802.0,33.0,0.016593262553215027,0.0002
15803.0,33.0,0.01511229109019041,0.0002
15804.0,33.0,0.010815948247909546,0.0002
15805.0,33.0,0.0163175780326128,0.0002
15806.0,33.0,0.015507588163018227,0.0002
15807.0,33.0,0.014406152069568634,0.0002
15808.0,33.0,0.015384700149297714,0.0002
15809.0,33.0,0.015299870632588863,0.0002
15810.0,33.0,0.020800592377781868,0.0002
15811.0,33.0,0.016340697184205055,0.0002
15812.0,33.0,0.015557335689663887,0.0002
15813.0,33.0,0.01557568833231926,0.0002
15814.0,33.0,0.014463301748037338,0.0002
15815.0,33.0,0.013012280687689781,0.0002
15816.0,33.0,0.016840700060129166,0.0002
15817.0,33.0,0.015232869423925877,0.0002
15818.0,33.0,0.018267711624503136,0.0002
15819.0,33.0,0.015295732766389847,0.0002
15820.0,33.0,0.018695708364248276,0.0002
15821.0,33.0,0.012707949616014957,0.0002
15822.0,33.0,0.018886027857661247,0.0002
15823.0,33.0,0.014760713092982769,0.0002
15824.0,33.0,0.014249714091420174,0.0002
15825.0,33.0,0.014586078003048897,0.0002
15826.0,33.0,0.016408871859312057,0.0002
15827.0,33.0,0.013202108442783356,0.0002
15828.0,33.0,0.015751518309116364,0.0002
15829.0,33.0,0.015898048877716064,0.0002
15830.0,33.0,0.01605258136987686,0.0002
15831.0,33.0,0.015071742236614227,0.0002
15832.0,33.0,0.016475405544042587,0.0002
15833.0,33.0,0.013167666271328926,0.0002
15834.0,33.0,0.018842391669750214,0.0002
15835.0,33.0,0.014527198858559132,0.0002
15836.0,33.0,0.015842203050851822,0.0002
15837.0,33.0,0.014477165415883064,0.0002
15838.0,33.0,0.018360042944550514,0.0002
15839.0,33.0,0.012842158786952496,0.0002
15840.0,33.0,0.013798657804727554,0.0002
15841.0,33.0,0.013734464533627033,0.0002
15842.0,33.0,0.017322443425655365,0.0002
15843.0,33.0,0.0153134074062109,0.0002
15844.0,33.0,0.0160483717918396,0.0002
15845.0,33.0,0.015275857411324978,0.0002
15846.0,33.0,0.01557365246117115,0.0002
15847.0,33.0,0.015909653156995773,0.0002
15848.0,33.0,0.014257858507335186,0.0002
15849.0,33.0,0.016557972878217697,0.0002
15850.0,33.0,0.012360397726297379,0.0002
15851.0,33.0,0.014562215656042099,0.0002
15852.0,33.0,0.01908479817211628,0.0002
15853.0,33.0,0.01297652069479227,0.0002
15854.0,33.0,0.02007814310491085,0.0002
15855.0,33.0,0.013627404347062111,0.0002
15856.0,33.0,0.016320068389177322,0.0002
15857.0,33.0,0.01680934801697731,0.0002
15858.0,33.0,0.018209975212812424,0.0002
15859.0,33.0,0.014114806428551674,0.0002
15860.0,33.0,0.015419539995491505,0.0002
15861.0,33.0,0.015704281628131866,0.0002
15862.0,33.0,0.010788749903440475,0.0002
15863.0,33.0,0.01813865825533867,0.0002
15864.0,33.0,0.014035187661647797,0.0002
15865.0,33.0,0.012853428721427917,0.0002
15866.0,33.0,0.01455390639603138,0.0002
15867.0,33.0,0.01256327424198389,0.0002
15868.0,33.0,0.01883537322282791,0.0002
15869.0,33.0,0.012424306012690067,0.0002
15870.0,33.0,0.013021212071180344,0.0002
15871.0,33.0,0.01704210601747036,0.0002
15872.0,33.0,0.01666485331952572,0.0002
15873.0,33.0,0.015167607925832272,0.0002
15874.0,33.0,0.015240643173456192,0.0002
15875.0,33.0,0.014884280040860176,0.0002
15876.0,33.0,0.01385359838604927,0.0002
15877.0,33.0,0.013897604309022427,0.0002
15878.0,33.0,0.012935977429151535,0.0002
15879.0,33.0,0.015481161884963512,0.0002
15880.0,33.0,0.014775292947888374,0.0002
15881.0,33.0,0.013478338718414307,0.0002
15882.0,33.0,0.017853878438472748,0.0002
15883.0,33.0,0.016808580607175827,0.0002
15884.0,33.0,0.010417437180876732,0.0002
15885.0,33.0,0.01519237644970417,0.0002
15886.0,33.0,0.016950825229287148,0.0002
15887.0,33.0,0.015425242483615875,0.0002
15888.0,33.0,0.010911088436841965,0.0002
15889.0,33.0,0.013337780721485615,0.0002
15890.0,33.0,0.014356374740600586,0.0002
15891.0,33.0,0.018679888918995857,0.0002
15892.0,33.0,0.012284185737371445,0.0002
15893.0,33.0,0.014144472777843475,0.0002
15894.0,33.0,0.013067809864878654,0.0002
15895.0,33.0,0.015130890533328056,0.0002
15896.0,33.0,0.013262597844004631,0.0002
15897.0,33.0,0.016853583976626396,0.0002
15898.0,33.0,0.014555023983120918,0.0002
15899.0,33.0,0.012964079156517982,0.0002
15900.0,33.0,0.014129109680652618,0.0002
15901.0,33.0,0.014814438298344612,0.0002
15902.0,33.0,0.01882626861333847,0.0002
15903.0,33.0,0.011983988806605339,0.0002
15904.0,33.0,0.016987059265375137,0.0002
15905.0,33.0,0.015935972332954407,0.0002
15906.0,33.0,0.01649150811135769,0.0002
15907.0,33.0,0.01547924056649208,0.0002
15908.0,33.0,0.0152479512616992,0.0002
15909.0,33.0,0.014751249924302101,0.0002
15910.0,33.0,0.01660509966313839,0.0002
15911.0,33.0,0.016343461349606514,0.0002
15912.0,33.0,0.013538663275539875,0.0002
15913.0,34.0,0.015098982490599155,0.0002
15914.0,34.0,0.014885402284562588,0.0002
15915.0,34.0,0.01543462835252285,0.0002
15916.0,34.0,0.012340987101197243,0.0002
15917.0,34.0,0.015627004206180573,0.0002
15918.0,34.0,0.011745098046958447,0.0002
15919.0,34.0,0.016151897609233856,0.0002
15920.0,34.0,0.013549014925956726,0.0002
15921.0,34.0,0.014464345760643482,0.0002
15922.0,34.0,0.014793130569159985,0.0002
15923.0,34.0,0.01334519311785698,0.0002
15924.0,34.0,0.014626519754529,0.0002
15925.0,34.0,0.014912999235093594,0.0002
15926.0,34.0,0.01908714510500431,0.0002
15927.0,34.0,0.0162423774600029,0.0002
15928.0,34.0,0.015300111845135689,0.0002
15929.0,34.0,0.01611260697245598,0.0002
15930.0,34.0,0.014090235345065594,0.0002
15931.0,34.0,0.012361882254481316,0.0002
15932.0,34.0,0.01842552423477173,0.0002
15933.0,34.0,0.01703711971640587,0.0002
15934.0,34.0,0.01511985994875431,0.0002
15935.0,34.0,0.013197233900427818,0.0002
15936.0,34.0,0.015525336377322674,0.0002
15937.0,34.0,0.012655055150389671,0.0002
15938.0,34.0,0.01899150013923645,0.0002
15939.0,34.0,0.01329054031521082,0.0002
15940.0,34.0,0.01739259622991085,0.0002
15941.0,34.0,0.018635574728250504,0.0002
15942.0,34.0,0.014483224600553513,0.0002
15943.0,34.0,0.014392959885299206,0.0002
15944.0,34.0,0.013498412445187569,0.0002
15945.0,34.0,0.01784244179725647,0.0002
15946.0,34.0,0.015015085227787495,0.0002
15947.0,34.0,0.014942383393645287,0.0002
15948.0,34.0,0.012268784455955029,0.0002
15949.0,34.0,0.015917489305138588,0.0002
15950.0,34.0,0.018311593681573868,0.0002
15951.0,34.0,0.018412506207823753,0.0002
15952.0,34.0,0.016429513692855835,0.0002
15953.0,34.0,0.01686026155948639,0.0002
15954.0,34.0,0.013951970264315605,0.0002
15955.0,34.0,0.01770711876451969,0.0002
15956.0,34.0,0.0164948720484972,0.0002
15957.0,34.0,0.01564186066389084,0.0002
15958.0,34.0,0.015145670622587204,0.0002
15959.0,34.0,0.014744123443961143,0.0002
15960.0,34.0,0.013350488618016243,0.0002
15961.0,34.0,0.01389325875788927,0.0002
15962.0,34.0,0.016062477603554726,0.0002
15963.0,34.0,0.016772868111729622,0.0002
15964.0,34.0,0.01602286845445633,0.0002
15965.0,34.0,0.013828881084918976,0.0002
15966.0,34.0,0.014987394213676453,0.0002
15967.0,34.0,0.015075566247105598,0.0002
15968.0,34.0,0.015695303678512573,0.0002
15969.0,34.0,0.016643621027469635,0.0002
15970.0,34.0,0.013891968876123428,0.0002
15971.0,34.0,0.013840198516845703,0.0002
15972.0,34.0,0.019947273656725883,0.0002
15973.0,34.0,0.01790577918291092,0.0002
15974.0,34.0,0.014545810408890247,0.0002
15975.0,34.0,0.015634683892130852,0.0002
15976.0,34.0,0.015796031802892685,0.0002
15977.0,34.0,0.0144825903698802,0.0002
15978.0,34.0,0.016625698655843735,0.0002
15979.0,34.0,0.01356758363544941,0.0002
15980.0,34.0,0.017628788948059082,0.0002
15981.0,34.0,0.014637688174843788,0.0002
15982.0,34.0,0.015507273375988007,0.0002
15983.0,34.0,0.016665242612361908,0.0002
15984.0,34.0,0.013676801696419716,0.0002
15985.0,34.0,0.01481491420418024,0.0002
15986.0,34.0,0.01944109797477722,0.0002
15987.0,34.0,0.016474677249789238,0.0002
15988.0,34.0,0.015456326305866241,0.0002
15989.0,34.0,0.01593012735247612,0.0002
15990.0,34.0,0.01769666187465191,0.0002
15991.0,34.0,0.0103689506649971,0.0002
15992.0,34.0,0.013680501841008663,0.0002
15993.0,34.0,0.017760969698429108,0.0002
15994.0,34.0,0.013250598683953285,0.0002
15995.0,34.0,0.018141750246286392,0.0002
15996.0,34.0,0.021898485720157623,0.0002
15997.0,34.0,0.015272751450538635,0.0002
15998.0,34.0,0.019727975130081177,0.0002
15999.0,34.0,0.01613399013876915,0.0002
16000.0,34.0,0.018156573176383972,0.0002
16001.0,34.0,0.016087697818875313,0.0002
16002.0,34.0,0.013161728158593178,0.0002
16003.0,34.0,0.010828349739313126,0.0002
16004.0,34.0,0.015406401827931404,0.0002
16005.0,34.0,0.0163603276014328,0.0002
16006.0,34.0,0.015852194279432297,0.0002
16007.0,34.0,0.01834377646446228,0.0002
16008.0,34.0,0.01981065422296524,0.0002
16009.0,34.0,0.015140075236558914,0.0002
16010.0,34.0,0.01778462901711464,0.0002
16011.0,34.0,0.016894087195396423,0.0002
16012.0,34.0,0.017220938578248024,0.0002
16013.0,34.0,0.01592056266963482,0.0002
16014.0,34.0,0.014239141717553139,0.0002
16015.0,34.0,0.015068288892507553,0.0002
16016.0,34.0,0.018140191212296486,0.0002
16017.0,34.0,0.012378079816699028,0.0002
16018.0,34.0,0.017308801412582397,0.0002
16019.0,34.0,0.011992976069450378,0.0002
16020.0,34.0,0.013032754883170128,0.0002
16021.0,34.0,0.012719428166747093,0.0002
16022.0,34.0,0.013769442215561867,0.0002
16023.0,34.0,0.019931426271796227,0.0002
16024.0,34.0,0.015005942434072495,0.0002
16025.0,34.0,0.01152737159281969,0.0002
16026.0,34.0,0.01564740017056465,0.0002
16027.0,34.0,0.014673730358481407,0.0002
16028.0,34.0,0.01835712045431137,0.0002
16029.0,34.0,0.013285499066114426,0.0002
16030.0,34.0,0.015439566224813461,0.0002
16031.0,34.0,0.013247973285615444,0.0002
16032.0,34.0,0.016730118542909622,0.0002
16033.0,34.0,0.014986012130975723,0.0002
16034.0,34.0,0.01362683903425932,0.0002
16035.0,34.0,0.01642768085002899,0.0002
16036.0,34.0,0.013944778591394424,0.0002
16037.0,34.0,0.013173331506550312,0.0002
16038.0,34.0,0.01725517213344574,0.0002
16039.0,34.0,0.01624424010515213,0.0002
16040.0,34.0,0.014691301621496677,0.0002
16041.0,34.0,0.015437236987054348,0.0002
16042.0,34.0,0.015737881883978844,0.0002
16043.0,34.0,0.013892944902181625,0.0002
16044.0,34.0,0.013267281465232372,0.0002
16045.0,34.0,0.01397184282541275,0.0002
16046.0,34.0,0.01846187561750412,0.0002
16047.0,34.0,0.017538703978061676,0.0002
16048.0,34.0,0.014879929833114147,0.0002
16049.0,34.0,0.016953013837337494,0.0002
16050.0,34.0,0.016840361058712006,0.0002
16051.0,34.0,0.014207002706825733,0.0002
16052.0,34.0,0.014181377366185188,0.0002
16053.0,34.0,0.015048428438603878,0.0002
16054.0,34.0,0.012692837044596672,0.0002
16055.0,34.0,0.01596289873123169,0.0002
16056.0,34.0,0.01548611931502819,0.0002
16057.0,34.0,0.011916604824364185,0.0002
16058.0,34.0,0.014947078190743923,0.0002
16059.0,34.0,0.013351918198168278,0.0002
16060.0,34.0,0.012242885306477547,0.0002
16061.0,34.0,0.015682402998209,0.0002
16062.0,34.0,0.014749124646186829,0.0002
16063.0,34.0,0.017056593671441078,0.0002
16064.0,34.0,0.01511092483997345,0.0002
16065.0,34.0,0.01457120105624199,0.0002
16066.0,34.0,0.013757110573351383,0.0002
16067.0,34.0,0.016009196639060974,0.0002
16068.0,34.0,0.017757199704647064,0.0002
16069.0,34.0,0.010770310647785664,0.0002
16070.0,34.0,0.013203811831772327,0.0002
16071.0,34.0,0.012064450420439243,0.0002
16072.0,34.0,0.018328368663787842,0.0002
16073.0,34.0,0.014968600124120712,0.0002
16074.0,34.0,0.01336747407913208,0.0002
16075.0,34.0,0.016000445932149887,0.0002
16076.0,34.0,0.017113573849201202,0.0002
16077.0,34.0,0.012942405417561531,0.0002
16078.0,34.0,0.011982213705778122,0.0002
16079.0,34.0,0.020715273916721344,0.0002
16080.0,34.0,0.012448623776435852,0.0002
16081.0,34.0,0.013099584728479385,0.0002
16082.0,34.0,0.013714266940951347,0.0002
16083.0,34.0,0.02130945213139057,0.0002
16084.0,34.0,0.013071836903691292,0.0002
16085.0,34.0,0.01722041890025139,0.0002
16086.0,34.0,0.015318219549953938,0.0002
16087.0,34.0,0.01610177755355835,0.0002
16088.0,34.0,0.016300998628139496,0.0002
16089.0,34.0,0.01597907766699791,0.0002
16090.0,34.0,0.01602262258529663,0.0002
16091.0,34.0,0.016970191150903702,0.0002
16092.0,34.0,0.0173102468252182,0.0002
16093.0,34.0,0.015075566247105598,0.0002
16094.0,34.0,0.012699678540229797,0.0002
16095.0,34.0,0.01758561283349991,0.0002
16096.0,34.0,0.01722664386034012,0.0002
16097.0,34.0,0.012865959666669369,0.0002
16098.0,34.0,0.012554594315588474,0.0002
16099.0,34.0,0.013738352805376053,0.0002
16100.0,34.0,0.0176649559289217,0.0002
16101.0,34.0,0.01677657663822174,0.0002
16102.0,34.0,0.016602611169219017,0.0002
16103.0,34.0,0.019359523430466652,0.0002
16104.0,34.0,0.017455555498600006,0.0002
16105.0,34.0,0.012754933908581734,0.0002
16106.0,34.0,0.014827145263552666,0.0002
16107.0,34.0,0.015969451516866684,0.0002
16108.0,34.0,0.015610333532094955,0.0002
16109.0,34.0,0.016193702816963196,0.0002
16110.0,34.0,0.016615208238363266,0.0002
16111.0,34.0,0.017138054594397545,0.0002
16112.0,34.0,0.016589824110269547,0.0002
16113.0,34.0,0.016073551028966904,0.0002
16114.0,34.0,0.018890418112277985,0.0002
16115.0,34.0,0.015544678084552288,0.0002
16116.0,34.0,0.01552402600646019,0.0002
16117.0,34.0,0.015874886885285378,0.0002
16118.0,34.0,0.014073342084884644,0.0002
16119.0,34.0,0.017887376248836517,0.0002
16120.0,34.0,0.016650184988975525,0.0002
16121.0,34.0,0.013969012536108494,0.0002
16122.0,34.0,0.01732298545539379,0.0002
16123.0,34.0,0.015430748462677002,0.0002
16124.0,34.0,0.012117329984903336,0.0002
16125.0,34.0,0.013907994143664837,0.0002
16126.0,34.0,0.013763586059212685,0.0002
16127.0,34.0,0.01325138658285141,0.0002
16128.0,34.0,0.013104054145514965,0.0002
16129.0,34.0,0.016754139214754105,0.0002
16130.0,34.0,0.017407234758138657,0.0002
16131.0,34.0,0.01543729193508625,0.0002
16132.0,34.0,0.01211988739669323,0.0002
16133.0,34.0,0.019177325069904327,0.0002
16134.0,34.0,0.015325214713811874,0.0002
16135.0,34.0,0.017392296344041824,0.0002
16136.0,34.0,0.015388697385787964,0.0002
16137.0,34.0,0.015218742191791534,0.0002
16138.0,34.0,0.017951004207134247,0.0002
16139.0,34.0,0.01903131604194641,0.0002
16140.0,34.0,0.015837712213397026,0.0002
16141.0,34.0,0.01398918591439724,0.0002
16142.0,34.0,0.014464206993579865,0.0002
16143.0,34.0,0.014325031079351902,0.0002
16144.0,34.0,0.01349560171365738,0.0002
16145.0,34.0,0.014282042160630226,0.0002
16146.0,34.0,0.011509912088513374,0.0002
16147.0,34.0,0.016549253836274147,0.0002
16148.0,34.0,0.012573310174047947,0.0002
16149.0,34.0,0.013443835079669952,0.0002
16150.0,34.0,0.016675546765327454,0.0002
16151.0,34.0,0.014357462525367737,0.0002
16152.0,34.0,0.016612349078059196,0.0002
16153.0,34.0,0.017635434865951538,0.0002
16154.0,34.0,0.015590067952871323,0.0002
16155.0,34.0,0.015736352652311325,0.0002
16156.0,34.0,0.014262888580560684,0.0002
16157.0,34.0,0.014127418398857117,0.0002
16158.0,34.0,0.016135282814502716,0.0002
16159.0,34.0,0.012257490307092667,0.0002
16160.0,34.0,0.01585930958390236,0.0002
16161.0,34.0,0.014928381890058517,0.0002
16162.0,34.0,0.016769755631685257,0.0002
16163.0,34.0,0.014904530718922615,0.0002
16164.0,34.0,0.01823452115058899,0.0002
16165.0,34.0,0.015169748105108738,0.0002
16166.0,34.0,0.011130711063742638,0.0002
16167.0,34.0,0.01564340852200985,0.0002
16168.0,34.0,0.012525083497166634,0.0002
16169.0,34.0,0.015520710498094559,0.0002
16170.0,34.0,0.014421146363019943,0.0002
16171.0,34.0,0.012883484363555908,0.0002
16172.0,34.0,0.01626233011484146,0.0002
16173.0,34.0,0.01202563289552927,0.0002
16174.0,34.0,0.014174079522490501,0.0002
16175.0,34.0,0.016044411808252335,0.0002
16176.0,34.0,0.012135351076722145,0.0002
16177.0,34.0,0.016851210966706276,0.0002
16178.0,34.0,0.01200258731842041,0.0002
16179.0,34.0,0.015288949944078922,0.0002
16180.0,34.0,0.01310701947659254,0.0002
16181.0,34.0,0.01658352091908455,0.0002
16182.0,34.0,0.0163106806576252,0.0002
16183.0,34.0,0.017237279564142227,0.0002
16184.0,34.0,0.015816811472177505,0.0002
16185.0,34.0,0.013357222080230713,0.0002
16186.0,34.0,0.015565759502351284,0.0002
16187.0,34.0,0.011661977507174015,0.0002
16188.0,34.0,0.013690441846847534,0.0002
16189.0,34.0,0.015228889882564545,0.0002
16190.0,34.0,0.018743252381682396,0.0002
16191.0,34.0,0.011241464875638485,0.0002
16192.0,34.0,0.0163734033703804,0.0002
16193.0,34.0,0.014160006307065487,0.0002
16194.0,34.0,0.01525093149393797,0.0002
16195.0,34.0,0.012710757553577423,0.0002
16196.0,34.0,0.01681581512093544,0.0002
16197.0,34.0,0.01620946265757084,0.0002
16198.0,34.0,0.016490589827299118,0.0002
16199.0,34.0,0.016451185569167137,0.0002
16200.0,34.0,0.015228240750730038,0.0002
16201.0,34.0,0.01638733223080635,0.0002
16202.0,34.0,0.014073517173528671,0.0002
16203.0,34.0,0.013265976682305336,0.0002
16204.0,34.0,0.01519869640469551,0.0002
16205.0,34.0,0.015345757827162743,0.0002
16206.0,34.0,0.01567717082798481,0.0002
16207.0,34.0,0.0105842100456357,0.0002
16208.0,34.0,0.01822582073509693,0.0002
16209.0,34.0,0.012825801968574524,0.0002
16210.0,34.0,0.014354115352034569,0.0002
16211.0,34.0,0.014394846744835377,0.0002
16212.0,34.0,0.02038186602294445,0.0002
16213.0,34.0,0.011427855119109154,0.0002
16214.0,34.0,0.0159560889005661,0.0002
16215.0,34.0,0.01577383279800415,0.0002
16216.0,34.0,0.011074880138039589,0.0002
16217.0,34.0,0.015524320304393768,0.0002
16218.0,34.0,0.012199950404465199,0.0002
16219.0,34.0,0.016032258048653603,0.0002
16220.0,34.0,0.016786493360996246,0.0002
16221.0,34.0,0.014101453125476837,0.0002
16222.0,34.0,0.014315469190478325,0.0002
16223.0,34.0,0.015223853290081024,0.0002
16224.0,34.0,0.015185809694230556,0.0002
16225.0,34.0,0.015329854562878609,0.0002
16226.0,34.0,0.01933933235704899,0.0002
16227.0,34.0,0.01731857657432556,0.0002
16228.0,34.0,0.01183224841952324,0.0002
16229.0,34.0,0.01566338911652565,0.0002
16230.0,34.0,0.01688370108604431,0.0002
16231.0,34.0,0.018547851592302322,0.0002
16232.0,34.0,0.01721414551138878,0.0002
16233.0,34.0,0.021419528871774673,0.0002
16234.0,34.0,0.015347551554441452,0.0002
16235.0,34.0,0.017199356108903885,0.0002
16236.0,34.0,0.019160732626914978,0.0002
16237.0,34.0,0.016273023560643196,0.0002
16238.0,34.0,0.012975181452929974,0.0002
16239.0,34.0,0.012786098755896091,0.0002
16240.0,34.0,0.014795579947531223,0.0002
16241.0,34.0,0.015053017064929008,0.0002
16242.0,34.0,0.014271254651248455,0.0002
16243.0,34.0,0.013226602226495743,0.0002
16244.0,34.0,0.014698303304612637,0.0002
16245.0,34.0,0.016240540891885757,0.0002
16246.0,34.0,0.015767334029078484,0.0002
16247.0,34.0,0.014031036756932735,0.0002
16248.0,34.0,0.014650017954409122,0.0002
16249.0,34.0,0.018856456503272057,0.0002
16250.0,34.0,0.015637625008821487,0.0002
16251.0,34.0,0.013784201815724373,0.0002
16252.0,34.0,0.013288427144289017,0.0002
16253.0,34.0,0.014462476596236229,0.0002
16254.0,34.0,0.014217939227819443,0.0002
16255.0,34.0,0.016802478581666946,0.0002
16256.0,34.0,0.016193367540836334,0.0002
16257.0,34.0,0.013293804600834846,0.0002
16258.0,34.0,0.017976175993680954,0.0002
16259.0,34.0,0.010746302083134651,0.0002
16260.0,34.0,0.017136091366410255,0.0002
16261.0,34.0,0.013855013996362686,0.0002
16262.0,34.0,0.013599575497210026,0.0002
16263.0,34.0,0.015213102102279663,0.0002
16264.0,34.0,0.013395234942436218,0.0002
16265.0,34.0,0.015587052330374718,0.0002
16266.0,34.0,0.01638776995241642,0.0002
16267.0,34.0,0.016828011721372604,0.0002
16268.0,34.0,0.010429499670863152,0.0002
16269.0,34.0,0.014509022235870361,0.0002
16270.0,34.0,0.015881452709436417,0.0002
16271.0,34.0,0.014934634789824486,0.0002
16272.0,34.0,0.016688546165823936,0.0002
16273.0,34.0,0.012987564317882061,0.0002
16274.0,34.0,0.01612718403339386,0.0002
16275.0,34.0,0.012288808822631836,0.0002
16276.0,34.0,0.019738616421818733,0.0002
16277.0,34.0,0.018359988927841187,0.0002
16278.0,34.0,0.015085644088685513,0.0002
16279.0,34.0,0.01460426114499569,0.0002
16280.0,34.0,0.01600908301770687,0.0002
16281.0,34.0,0.013100859709084034,0.0002
16282.0,34.0,0.01600855216383934,0.0002
16283.0,34.0,0.017723361030220985,0.0002
16284.0,34.0,0.013030270114541054,0.0002
16285.0,34.0,0.015902936458587646,0.0002
16286.0,34.0,0.01693858951330185,0.0002
16287.0,34.0,0.013899408280849457,0.0002
16288.0,34.0,0.01514501217752695,0.0002
16289.0,34.0,0.015294834040105343,0.0002
16290.0,34.0,0.016421299427747726,0.0002
16291.0,34.0,0.015375298447906971,0.0002
16292.0,34.0,0.015295176766812801,0.0002
16293.0,34.0,0.015563104301691055,0.0002
16294.0,34.0,0.014162757433950901,0.0002
16295.0,34.0,0.013618805445730686,0.0002
16296.0,34.0,0.014141978695988655,0.0002
16297.0,34.0,0.01304248534142971,0.0002
16298.0,34.0,0.01762261800467968,0.0002
16299.0,34.0,0.016011491417884827,0.0002
16300.0,34.0,0.01600073277950287,0.0002
16301.0,34.0,0.013114586472511292,0.0002
16302.0,34.0,0.01612101122736931,0.0002
16303.0,34.0,0.014195516705513,0.0002
16304.0,34.0,0.015108331106603146,0.0002
16305.0,34.0,0.016409464180469513,0.0002
16306.0,34.0,0.013850427232682705,0.0002
16307.0,34.0,0.01845899224281311,0.0002
16308.0,34.0,0.012867470271885395,0.0002
16309.0,34.0,0.015226835384964943,0.0002
16310.0,34.0,0.017638400197029114,0.0002
16311.0,34.0,0.016086632385849953,0.0002
16312.0,34.0,0.015740226954221725,0.0002
16313.0,34.0,0.013461731374263763,0.0002
16314.0,34.0,0.01723354309797287,0.0002
16315.0,34.0,0.014402779750525951,0.0002
16316.0,34.0,0.014997274614870548,0.0002
16317.0,34.0,0.015525251626968384,0.0002
16318.0,34.0,0.01631440594792366,0.0002
16319.0,34.0,0.01657033897936344,0.0002
16320.0,34.0,0.013249855488538742,0.0002
16321.0,34.0,0.014700224623084068,0.0002
16322.0,34.0,0.01649843528866768,0.0002
16323.0,34.0,0.01491246372461319,0.0002
16324.0,34.0,0.01658773049712181,0.0002
16325.0,34.0,0.014258155599236488,0.0002
16326.0,34.0,0.016525622457265854,0.0002
16327.0,34.0,0.01693021133542061,0.0002
16328.0,34.0,0.01188579574227333,0.0002
16329.0,34.0,0.014379647560417652,0.0002
16330.0,34.0,0.016638275235891342,0.0002
16331.0,34.0,0.015548521652817726,0.0002
16332.0,34.0,0.01605318859219551,0.0002
16333.0,34.0,0.012440483085811138,0.0002
16334.0,34.0,0.014502322301268578,0.0002
16335.0,34.0,0.01204525027424097,0.0002
16336.0,34.0,0.01547052152454853,0.0002
16337.0,34.0,0.013317689299583435,0.0002
16338.0,34.0,0.0164388008415699,0.0002
16339.0,34.0,0.01537042111158371,0.0002
16340.0,34.0,0.020235303789377213,0.0002
16341.0,34.0,0.014957575127482414,0.0002
16342.0,34.0,0.014286481775343418,0.0002
16343.0,34.0,0.015980228781700134,0.0002
16344.0,34.0,0.01808585599064827,0.0002
16345.0,34.0,0.016660939902067184,0.0002
16346.0,34.0,0.01664217934012413,0.0002
16347.0,34.0,0.015722746029496193,0.0002
16348.0,34.0,0.012951105833053589,0.0002
16349.0,34.0,0.014746611937880516,0.0002
16350.0,34.0,0.013189129531383514,0.0002
16351.0,34.0,0.012366214767098427,0.0002
16352.0,34.0,0.01567573845386505,0.0002
16353.0,34.0,0.01316345576196909,0.0002
16354.0,34.0,0.012837293557822704,0.0002
16355.0,34.0,0.01737188920378685,0.0002
16356.0,34.0,0.018581733107566833,0.0002
16357.0,34.0,0.015033893287181854,0.0002
16358.0,34.0,0.015609873458743095,0.0002
16359.0,34.0,0.01600797474384308,0.0002
16360.0,34.0,0.01507400069385767,0.0002
16361.0,34.0,0.015883147716522217,0.0002
16362.0,34.0,0.013826826587319374,0.0002
16363.0,34.0,0.015537958592176437,0.0002
16364.0,34.0,0.013996535912156105,0.0002
16365.0,34.0,0.01788250356912613,0.0002
16366.0,34.0,0.013867806643247604,0.0002
16367.0,34.0,0.014335490763187408,0.0002
16368.0,34.0,0.015881391242146492,0.0002
16369.0,34.0,0.01506566908210516,0.0002
16370.0,34.0,0.014062176458537579,0.0002
16371.0,34.0,0.011641230434179306,0.0002
16372.0,34.0,0.016383234411478043,0.0002
16373.0,34.0,0.016674643382430077,0.0002
16374.0,34.0,0.016418015584349632,0.0002
16375.0,34.0,0.012783544138073921,0.0002
16376.0,34.0,0.01835501752793789,0.0002
16377.0,34.0,0.01446840912103653,0.0002
16378.0,34.0,0.016259556636214256,0.0002
16379.0,34.0,0.012870742939412594,0.0002
16380.0,34.0,0.01337861455976963,0.0002
16381.0,35.0,0.014067867770791054,0.0002
16382.0,35.0,0.012137570418417454,0.0002
16383.0,35.0,0.014279062859714031,0.0002
16384.0,35.0,0.016968684270977974,0.0002
16385.0,35.0,0.01185559667646885,0.0002
16386.0,35.0,0.01180095411837101,0.0002
16387.0,35.0,0.013495363295078278,0.0002
16388.0,35.0,0.013994080945849419,0.0002
16389.0,35.0,0.017312858253717422,0.0002
16390.0,35.0,0.016859721392393112,0.0002
16391.0,35.0,0.01634882763028145,0.0002
16392.0,35.0,0.013210270553827286,0.0002
16393.0,35.0,0.017055537551641464,0.0002
16394.0,35.0,0.01552802138030529,0.0002
16395.0,35.0,0.015341140329837799,0.0002
16396.0,35.0,0.01423705369234085,0.0002
16397.0,35.0,0.02031571790575981,0.0002
16398.0,35.0,0.01513663213700056,0.0002
16399.0,35.0,0.01374666579067707,0.0002
16400.0,35.0,0.0157968420535326,0.0002
16401.0,35.0,0.021088015288114548,0.0002
16402.0,35.0,0.014761209487915039,0.0002
16403.0,35.0,0.015185537748038769,0.0002
16404.0,35.0,0.016659807413816452,0.0002
16405.0,35.0,0.014771265909075737,0.0002
16406.0,35.0,0.012451570481061935,0.0002
16407.0,35.0,0.019301854074001312,0.0002
16408.0,35.0,0.014912823215126991,0.0002
16409.0,35.0,0.015158087015151978,0.0002
16410.0,35.0,0.01469876617193222,0.0002
16411.0,35.0,0.013913854956626892,0.0002
16412.0,35.0,0.01263211015611887,0.0002
16413.0,35.0,0.013286948204040527,0.0002
16414.0,35.0,0.013679387979209423,0.0002
16415.0,35.0,0.015081457793712616,0.0002
16416.0,35.0,0.023983784019947052,0.0002
16417.0,35.0,0.013751590624451637,0.0002
16418.0,35.0,0.01667194254696369,0.0002
16419.0,35.0,0.013380119577050209,0.0002
16420.0,35.0,0.017819441854953766,0.0002
16421.0,35.0,0.014932799153029919,0.0002
16422.0,35.0,0.017407162114977837,0.0002
16423.0,35.0,0.014176812022924423,0.0002
16424.0,35.0,0.015091149136424065,0.0002
16425.0,35.0,0.018804773688316345,0.0002
16426.0,35.0,0.015725385397672653,0.0002
16427.0,35.0,0.014679772779345512,0.0002
16428.0,35.0,0.01616564765572548,0.0002
16429.0,35.0,0.013781774789094925,0.0002
16430.0,35.0,0.015881184488534927,0.0002
16431.0,35.0,0.013811023905873299,0.0002
16432.0,35.0,0.016822608187794685,0.0002
16433.0,35.0,0.01503794640302658,0.0002
16434.0,35.0,0.014231902547180653,0.0002
16435.0,35.0,0.018763825297355652,0.0002
16436.0,35.0,0.012774418108165264,0.0002
16437.0,35.0,0.012546192854642868,0.0002
16438.0,35.0,0.01856933906674385,0.0002
16439.0,35.0,0.015763215720653534,0.0002
16440.0,35.0,0.014867149293422699,0.0002
16441.0,35.0,0.01441832073032856,0.0002
16442.0,35.0,0.012826787307858467,0.0002
16443.0,35.0,0.014718466438353062,0.0002
16444.0,35.0,0.013432810083031654,0.0002
16445.0,35.0,0.017701558768749237,0.0002
16446.0,35.0,0.01679120399057865,0.0002
16447.0,35.0,0.013860605657100677,0.0002
16448.0,35.0,0.016956161707639694,0.0002
16449.0,35.0,0.015327206812798977,0.0002
16450.0,35.0,0.016402652487158775,0.0002
16451.0,35.0,0.015168565325438976,0.0002
16452.0,35.0,0.013806741684675217,0.0002
16453.0,35.0,0.014617661014199257,0.0002
16454.0,35.0,0.01768321543931961,0.0002
16455.0,35.0,0.01200943998992443,0.0002
16456.0,35.0,0.017357323318719864,0.0002
16457.0,35.0,0.012875804677605629,0.0002
16458.0,35.0,0.015550918877124786,0.0002
16459.0,35.0,0.01649157889187336,0.0002
16460.0,35.0,0.01695270463824272,0.0002
16461.0,35.0,0.012897558510303497,0.0002
16462.0,35.0,0.016747690737247467,0.0002
16463.0,35.0,0.01607513800263405,0.0002
16464.0,35.0,0.01209588535130024,0.0002
16465.0,35.0,0.012964681722223759,0.0002
16466.0,35.0,0.01428048126399517,0.0002
16467.0,35.0,0.02037828601896763,0.0002
16468.0,35.0,0.01917891576886177,0.0002
16469.0,35.0,0.01598508097231388,0.0002
16470.0,35.0,0.01778036169707775,0.0002
16471.0,35.0,0.014541687443852425,0.0002
16472.0,35.0,0.013514364138245583,0.0002
16473.0,35.0,0.014893921092152596,0.0002
16474.0,35.0,0.01804289221763611,0.0002
16475.0,35.0,0.013945161364972591,0.0002
16476.0,35.0,0.015189999714493752,0.0002
16477.0,35.0,0.015374947339296341,0.0002
16478.0,35.0,0.014192523434758186,0.0002
16479.0,35.0,0.014460855163633823,0.0002
16480.0,35.0,0.01725390926003456,0.0002
16481.0,35.0,0.017199968919157982,0.0002
16482.0,35.0,0.013581300154328346,0.0002
16483.0,35.0,0.015045016072690487,0.0002
16484.0,35.0,0.01554175466299057,0.0002
16485.0,35.0,0.0161447711288929,0.0002
16486.0,35.0,0.020014673471450806,0.0002
16487.0,35.0,0.014869476668536663,0.0002
16488.0,35.0,0.012824030593037605,0.0002
16489.0,35.0,0.01513690035790205,0.0002
16490.0,35.0,0.016498854383826256,0.0002
16491.0,35.0,0.013701368123292923,0.0002
16492.0,35.0,0.013521402142941952,0.0002
16493.0,35.0,0.013950632885098457,0.0002
16494.0,35.0,0.01298715453594923,0.0002
16495.0,35.0,0.01542698871344328,0.0002
16496.0,35.0,0.014189040288329124,0.0002
16497.0,35.0,0.01533624716103077,0.0002
16498.0,35.0,0.013537237420678139,0.0002
16499.0,35.0,0.01326020248234272,0.0002
16500.0,35.0,0.014426738023757935,0.0002
16501.0,35.0,0.017574260011315346,0.0002
16502.0,35.0,0.017889665439724922,0.0002
16503.0,35.0,0.015668215230107307,0.0002
16504.0,35.0,0.012221117503941059,0.0002
16505.0,35.0,0.014998961240053177,0.0002
16506.0,35.0,0.017583314329385757,0.0002
16507.0,35.0,0.013537116348743439,0.0002
16508.0,35.0,0.01775136962532997,0.0002
16509.0,35.0,0.016664257273077965,0.0002
16510.0,35.0,0.0152621790766716,0.0002
16511.0,35.0,0.012978250160813332,0.0002
16512.0,35.0,0.014421984553337097,0.0002
16513.0,35.0,0.016484014689922333,0.0002
16514.0,35.0,0.015452325344085693,0.0002
16515.0,35.0,0.014530159533023834,0.0002
16516.0,35.0,0.0174252949655056,0.0002
16517.0,35.0,0.01532711461186409,0.0002
16518.0,35.0,0.013602309860289097,0.0002
16519.0,35.0,0.019203536212444305,0.0002
16520.0,35.0,0.014699717983603477,0.0002
16521.0,35.0,0.01168626919388771,0.0002
16522.0,35.0,0.01854635961353779,0.0002
16523.0,35.0,0.015740104019641876,0.0002
16524.0,35.0,0.019338250160217285,0.0002
16525.0,35.0,0.016244150698184967,0.0002
16526.0,35.0,0.01568598300218582,0.0002
16527.0,35.0,0.014345202594995499,0.0002
16528.0,35.0,0.016808655112981796,0.0002
16529.0,35.0,0.014647466130554676,0.0002
16530.0,35.0,0.011264780536293983,0.0002
16531.0,35.0,0.015245836228132248,0.0002
16532.0,35.0,0.012831363826990128,0.0002
16533.0,35.0,0.014835827052593231,0.0002
16534.0,35.0,0.013169950805604458,0.0002
16535.0,35.0,0.014719350263476372,0.0002
16536.0,35.0,0.011620058678090572,0.0002
16537.0,35.0,0.01562635600566864,0.0002
16538.0,35.0,0.015471691265702248,0.0002
16539.0,35.0,0.015669554471969604,0.0002
16540.0,35.0,0.016584521159529686,0.0002
16541.0,35.0,0.01573856920003891,0.0002
16542.0,35.0,0.015827124938368797,0.0002
16543.0,35.0,0.014923552051186562,0.0002
16544.0,35.0,0.014325130730867386,0.0002
16545.0,35.0,0.014798352494835854,0.0002
16546.0,35.0,0.017492715269327164,0.0002
16547.0,35.0,0.011012136936187744,0.0002
16548.0,35.0,0.011444020085036755,0.0002
16549.0,35.0,0.015789756551384926,0.0002
16550.0,35.0,0.015063325874507427,0.0002
16551.0,35.0,0.014589346013963223,0.0002
16552.0,35.0,0.015485739335417747,0.0002
16553.0,35.0,0.01469710748642683,0.0002
16554.0,35.0,0.012919971719384193,0.0002
16555.0,35.0,0.013533774763345718,0.0002
16556.0,35.0,0.01804179511964321,0.0002
16557.0,35.0,0.014735536649823189,0.0002
16558.0,35.0,0.016885843127965927,0.0002
16559.0,35.0,0.016643712297081947,0.0002
16560.0,35.0,0.016324732452630997,0.0002
16561.0,35.0,0.014193703420460224,0.0002
16562.0,35.0,0.01633194275200367,0.0002
16563.0,35.0,0.01389393862336874,0.0002
16564.0,35.0,0.012136628851294518,0.0002
16565.0,35.0,0.018072189763188362,0.0002
16566.0,35.0,0.014368883334100246,0.0002
16567.0,35.0,0.01565665751695633,0.0002
16568.0,35.0,0.01504547894001007,0.0002
16569.0,35.0,0.01532754860818386,0.0002
16570.0,35.0,0.015723073855042458,0.0002
16571.0,35.0,0.012257210910320282,0.0002
16572.0,35.0,0.015010800212621689,0.0002
16573.0,35.0,0.017075156792998314,0.0002
16574.0,35.0,0.019074542447924614,0.0002
16575.0,35.0,0.010908410884439945,0.0002
16576.0,35.0,0.014235865324735641,0.0002
16577.0,35.0,0.014914007857441902,0.0002
16578.0,35.0,0.013394086621701717,0.0002
16579.0,35.0,0.01641993597149849,0.0002
16580.0,35.0,0.01764775812625885,0.0002
16581.0,35.0,0.014883891679346561,0.0002
16582.0,35.0,0.01701553538441658,0.0002
16583.0,35.0,0.014180993661284447,0.0002
16584.0,35.0,0.016860011965036392,0.0002
16585.0,35.0,0.01628922112286091,0.0002
16586.0,35.0,0.013776985928416252,0.0002
16587.0,35.0,0.01727578043937683,0.0002
16588.0,35.0,0.015928111970424652,0.0002
16589.0,35.0,0.016435693949460983,0.0002
16590.0,35.0,0.011231989599764347,0.0002
16591.0,35.0,0.013992931693792343,0.0002
16592.0,35.0,0.01856660097837448,0.0002
16593.0,35.0,0.016729986295104027,0.0002
16594.0,35.0,0.011581558734178543,0.0002
16595.0,35.0,0.015896093100309372,0.0002
16596.0,35.0,0.014595229178667068,0.0002
16597.0,35.0,0.012732349336147308,0.0002
16598.0,35.0,0.016931835561990738,0.0002
16599.0,35.0,0.016253413632512093,0.0002
16600.0,35.0,0.016983572393655777,0.0002
16601.0,35.0,0.016207877546548843,0.0002
16602.0,35.0,0.016722001135349274,0.0002
16603.0,35.0,0.01440899446606636,0.0002
16604.0,35.0,0.015680940821766853,0.0002
16605.0,35.0,0.014289777725934982,0.0002
16606.0,35.0,0.017674285918474197,0.0002
16607.0,35.0,0.014164015650749207,0.0002
16608.0,35.0,0.015286505222320557,0.0002
16609.0,35.0,0.017774932086467743,0.0002
16610.0,35.0,0.015455485321581364,0.0002
16611.0,35.0,0.016617219895124435,0.0002
16612.0,35.0,0.012740975245833397,0.0002
16613.0,35.0,0.01431274600327015,0.0002
16614.0,35.0,0.01662353426218033,0.0002
16615.0,35.0,0.014947653748095036,0.0002
16616.0,35.0,0.014960127882659435,0.0002
16617.0,35.0,0.014789741486310959,0.0002
16618.0,35.0,0.015682000666856766,0.0002
16619.0,35.0,0.018826644867658615,0.0002
16620.0,35.0,0.014279987663030624,0.0002
16621.0,35.0,0.019921978935599327,0.0002
16622.0,35.0,0.014884286560118198,0.0002
16623.0,35.0,0.015379201620817184,0.0002
16624.0,35.0,0.014954854734241962,0.0002
16625.0,35.0,0.013612345792353153,0.0002
16626.0,35.0,0.016389980912208557,0.0002
16627.0,35.0,0.013148067519068718,0.0002
16628.0,35.0,0.01753104105591774,0.0002
16629.0,35.0,0.015770696103572845,0.0002
16630.0,35.0,0.014364629983901978,0.0002
16631.0,35.0,0.013955976814031601,0.0002
16632.0,35.0,0.012522629462182522,0.0002
16633.0,35.0,0.013469605706632137,0.0002
16634.0,35.0,0.014524256810545921,0.0002
16635.0,35.0,0.012270765379071236,0.0002
16636.0,35.0,0.015465710312128067,0.0002
16637.0,35.0,0.011230537667870522,0.0002
16638.0,35.0,0.014629023149609566,0.0002
16639.0,35.0,0.0110721904784441,0.0002
16640.0,35.0,0.01409975066781044,0.0002
16641.0,35.0,0.013767093420028687,0.0002
16642.0,35.0,0.011187389492988586,0.0002
16643.0,35.0,0.016622938215732574,0.0002
16644.0,35.0,0.01724708452820778,0.0002
16645.0,35.0,0.015460075810551643,0.0002
16646.0,35.0,0.013072885572910309,0.0002
16647.0,35.0,0.012567291036248207,0.0002
16648.0,35.0,0.01315886527299881,0.0002
16649.0,35.0,0.015761811286211014,0.0002
16650.0,35.0,0.019142812117934227,0.0002
16651.0,35.0,0.01698397658765316,0.0002
16652.0,35.0,0.01409086398780346,0.0002
16653.0,35.0,0.01709912344813347,0.0002
16654.0,35.0,0.0167697686702013,0.0002
16655.0,35.0,0.012748758308589458,0.0002
16656.0,35.0,0.01334729790687561,0.0002
16657.0,35.0,0.015492243692278862,0.0002
16658.0,35.0,0.014875213615596294,0.0002
16659.0,35.0,0.013970423489809036,0.0002
16660.0,35.0,0.010866719298064709,0.0002
16661.0,35.0,0.015069659799337387,0.0002
16662.0,35.0,0.016210947185754776,0.0002
16663.0,35.0,0.015453891828656197,0.0002
16664.0,35.0,0.012813226319849491,0.0002
16665.0,35.0,0.019076447933912277,0.0002
16666.0,35.0,0.013226442039012909,0.0002
16667.0,35.0,0.012501304037868977,0.0002
16668.0,35.0,0.017489952966570854,0.0002
16669.0,35.0,0.01415456272661686,0.0002
16670.0,35.0,0.012227116152644157,0.0002
16671.0,35.0,0.01433491799980402,0.0002
16672.0,35.0,0.014524009078741074,0.0002
16673.0,35.0,0.013456151820719242,0.0002
16674.0,35.0,0.012152105569839478,0.0002
16675.0,35.0,0.017513634636998177,0.0002
16676.0,35.0,0.012449732050299644,0.0002
16677.0,35.0,0.014159423299133778,0.0002
16678.0,35.0,0.014270786195993423,0.0002
16679.0,35.0,0.01552166510373354,0.0002
16680.0,35.0,0.016747958958148956,0.0002
16681.0,35.0,0.013923035934567451,0.0002
16682.0,35.0,0.01604383997619152,0.0002
16683.0,35.0,0.015094093047082424,0.0002
16684.0,35.0,0.01585514284670353,0.0002
16685.0,35.0,0.013208389282226562,0.0002
16686.0,35.0,0.014321567490696907,0.0002
16687.0,35.0,0.014754774048924446,0.0002
16688.0,35.0,0.015633150935173035,0.0002
16689.0,35.0,0.014821474440395832,0.0002
16690.0,35.0,0.021883714944124222,0.0002
16691.0,35.0,0.012244497425854206,0.0002
16692.0,35.0,0.015744291245937347,0.0002
16693.0,35.0,0.016139473766088486,0.0002
16694.0,35.0,0.015506363473832607,0.0002
16695.0,35.0,0.016856666654348373,0.0002
16696.0,35.0,0.018189823254942894,0.0002
16697.0,35.0,0.015027574263513088,0.0002
16698.0,35.0,0.0138850137591362,0.0002
16699.0,35.0,0.01353778038173914,0.0002
16700.0,35.0,0.015958398580551147,0.0002
16701.0,35.0,0.01390653382986784,0.0002
16702.0,35.0,0.016887541860342026,0.0002
16703.0,35.0,0.017245767638087273,0.0002
16704.0,35.0,0.0123970415443182,0.0002
16705.0,35.0,0.013967599719762802,0.0002
16706.0,35.0,0.015129704028367996,0.0002
16707.0,35.0,0.013107547536492348,0.0002
16708.0,35.0,0.015595335513353348,0.0002
16709.0,35.0,0.014206262305378914,0.0002
16710.0,35.0,0.013929996639490128,0.0002
16711.0,35.0,0.013820698484778404,0.0002
16712.0,35.0,0.012768750078976154,0.0002
16713.0,35.0,0.015446623787283897,0.0002
16714.0,35.0,0.016068492084741592,0.0002
16715.0,35.0,0.014686874113976955,0.0002
16716.0,35.0,0.014370332472026348,0.0002
16717.0,35.0,0.015960555523633957,0.0002
16718.0,35.0,0.012243032455444336,0.0002
16719.0,35.0,0.013888840563595295,0.0002
16720.0,35.0,0.016073647886514664,0.0002
16721.0,35.0,0.012493744492530823,0.0002
16722.0,35.0,0.013584538362920284,0.0002
16723.0,35.0,0.015554394572973251,0.0002
16724.0,35.0,0.014961378648877144,0.0002
16725.0,35.0,0.01489657536149025,0.0002
16726.0,35.0,0.014120366424322128,0.0002
16727.0,35.0,0.0164332278072834,0.0002
16728.0,35.0,0.01564343459904194,0.0002
16729.0,35.0,0.014937293715775013,0.0002
16730.0,35.0,0.013729299418628216,0.0002
16731.0,35.0,0.014650814235210419,0.0002
16732.0,35.0,0.018074238672852516,0.0002
16733.0,35.0,0.014989521354436874,0.0002
16734.0,35.0,0.016742046922445297,0.0002
16735.0,35.0,0.01638501137495041,0.0002
16736.0,35.0,0.019067753106355667,0.0002
16737.0,35.0,0.015145808458328247,0.0002
16738.0,35.0,0.0180400051176548,0.0002
16739.0,35.0,0.014398060739040375,0.0002
16740.0,35.0,0.014676859602332115,0.0002
16741.0,35.0,0.015103166922926903,0.0002
16742.0,35.0,0.014481602236628532,0.0002
16743.0,35.0,0.011877872049808502,0.0002
16744.0,35.0,0.012733815237879753,0.0002
16745.0,35.0,0.011782496236264706,0.0002
16746.0,35.0,0.012747752480208874,0.0002
16747.0,35.0,0.012222429737448692,0.0002
16748.0,35.0,0.017333239316940308,0.0002
16749.0,35.0,0.01556174736469984,0.0002
16750.0,35.0,0.01699543185532093,0.0002
16751.0,35.0,0.014041160233318806,0.0002
16752.0,35.0,0.01336553506553173,0.0002
16753.0,35.0,0.014958521351218224,0.0002
16754.0,35.0,0.015458996407687664,0.0002
16755.0,35.0,0.01328270137310028,0.0002
16756.0,35.0,0.013263491913676262,0.0002
16757.0,35.0,0.016201214864850044,0.0002
16758.0,35.0,0.013036152347922325,0.0002
16759.0,35.0,0.016725527122616768,0.0002
16760.0,35.0,0.012534249573946,0.0002
16761.0,35.0,0.017527425661683083,0.0002
16762.0,35.0,0.014519790187478065,0.0002
16763.0,35.0,0.013661207631230354,0.0002
16764.0,35.0,0.01681191846728325,0.0002
16765.0,35.0,0.012813879176974297,0.0002
16766.0,35.0,0.013673694804310799,0.0002
16767.0,35.0,0.014001697301864624,0.0002
16768.0,35.0,0.01665058173239231,0.0002
16769.0,35.0,0.015243545174598694,0.0002
16770.0,35.0,0.014646877534687519,0.0002
16771.0,35.0,0.016941606998443604,0.0002
16772.0,35.0,0.018837612122297287,0.0002
16773.0,35.0,0.016778524965047836,0.0002
16774.0,35.0,0.014161715283989906,0.0002
16775.0,35.0,0.012043621391057968,0.0002
16776.0,35.0,0.014845799654722214,0.0002
16777.0,35.0,0.013289193622767925,0.0002
16778.0,35.0,0.012796925380825996,0.0002
16779.0,35.0,0.01414358988404274,0.0002
16780.0,35.0,0.015250702388584614,0.0002
16781.0,35.0,0.014169443398714066,0.0002
16782.0,35.0,0.01615290716290474,0.0002
16783.0,35.0,0.013616449199616909,0.0002
16784.0,35.0,0.016056180000305176,0.0002
16785.0,35.0,0.01564943790435791,0.0002
16786.0,35.0,0.01994321495294571,0.0002
16787.0,35.0,0.018086576834321022,0.0002
16788.0,35.0,0.01659342087805271,0.0002
16789.0,35.0,0.013006042689085007,0.0002
16790.0,35.0,0.016527999192476273,0.0002
16791.0,35.0,0.014409410767257214,0.0002
16792.0,35.0,0.014706403948366642,0.0002
16793.0,35.0,0.013069503009319305,0.0002
16794.0,35.0,0.012894066981971264,0.0002
16795.0,35.0,0.0144450468942523,0.0002
16796.0,35.0,0.018401313573122025,0.0002
16797.0,35.0,0.015190241858363152,0.0002
16798.0,35.0,0.014739780686795712,0.0002
16799.0,35.0,0.016566000878810883,0.0002
16800.0,35.0,0.016553740948438644,0.0002
16801.0,35.0,0.0146013293415308,0.0002
16802.0,35.0,0.019191985949873924,0.0002
16803.0,35.0,0.015338955447077751,0.0002
16804.0,35.0,0.016963208094239235,0.0002
16805.0,35.0,0.014313628897070885,0.0002
16806.0,35.0,0.01201147772371769,0.0002
16807.0,35.0,0.014084267430007458,0.0002
16808.0,35.0,0.017079103738069534,0.0002
16809.0,35.0,0.018065251410007477,0.0002
16810.0,35.0,0.014410017058253288,0.0002
16811.0,35.0,0.014450985938310623,0.0002
16812.0,35.0,0.014293225482106209,0.0002
16813.0,35.0,0.015444206073880196,0.0002
16814.0,35.0,0.01689969375729561,0.0002
16815.0,35.0,0.016709469258785248,0.0002
16816.0,35.0,0.019236307591199875,0.0002
16817.0,35.0,0.016605574637651443,0.0002
16818.0,35.0,0.01581624150276184,0.0002
16819.0,35.0,0.019209351390600204,0.0002
16820.0,35.0,0.013567730784416199,0.0002
16821.0,35.0,0.012140513397753239,0.0002
16822.0,35.0,0.015989035367965698,0.0002
16823.0,35.0,0.012115724384784698,0.0002
16824.0,35.0,0.01372438296675682,0.0002
16825.0,35.0,0.015791215002536774,0.0002
16826.0,35.0,0.01475132629275322,0.0002
16827.0,35.0,0.01809091866016388,0.0002
16828.0,35.0,0.014925035648047924,0.0002
16829.0,35.0,0.015395702794194221,0.0002
16830.0,35.0,0.019210942089557648,0.0002
16831.0,35.0,0.016083452850580215,0.0002
16832.0,35.0,0.012310391291975975,0.0002
16833.0,35.0,0.012983690947294235,0.0002
16834.0,35.0,0.015235766768455505,0.0002
16835.0,35.0,0.016492199152708054,0.0002
16836.0,35.0,0.014235645532608032,0.0002
16837.0,35.0,0.0196752417832613,0.0002
16838.0,35.0,0.01520790345966816,0.0002
16839.0,35.0,0.018535833805799484,0.0002
16840.0,35.0,0.015035043470561504,0.0002
16841.0,35.0,0.011893799528479576,0.0002
16842.0,35.0,0.012423601001501083,0.0002
16843.0,35.0,0.014269975945353508,0.0002
16844.0,35.0,0.017205797135829926,0.0002
16845.0,35.0,0.015959858894348145,0.0002
16846.0,35.0,0.015633273869752884,0.0002
16847.0,35.0,0.015781907364726067,0.0002
16848.0,35.0,0.014566353522241116,0.0002
16849.0,36.0,0.01580399088561535,0.0002
16850.0,36.0,0.015287208370864391,0.0002
16851.0,36.0,0.016877243295311928,0.0002
16852.0,36.0,0.011945974081754684,0.0002
16853.0,36.0,0.016486506909132004,0.0002
16854.0,36.0,0.01759028248488903,0.0002
16855.0,36.0,0.016430996358394623,0.0002
16856.0,36.0,0.013194961473345757,0.0002
16857.0,36.0,0.014685112982988358,0.0002
16858.0,36.0,0.015224210917949677,0.0002
16859.0,36.0,0.01466444693505764,0.0002
16860.0,36.0,0.01555301621556282,0.0002
16861.0,36.0,0.014117700979113579,0.0002
16862.0,36.0,0.014225509949028492,0.0002
16863.0,36.0,0.015725186094641685,0.0002
16864.0,36.0,0.01639389991760254,0.0002
16865.0,36.0,0.0159536711871624,0.0002
16866.0,36.0,0.019709177315235138,0.0002
16867.0,36.0,0.012045620009303093,0.0002
16868.0,36.0,0.012788448482751846,0.0002
16869.0,36.0,0.017087697982788086,0.0002
16870.0,36.0,0.013490758836269379,0.0002
16871.0,36.0,0.01495581865310669,0.0002
16872.0,36.0,0.017305027693510056,0.0002
16873.0,36.0,0.01273546926677227,0.0002
16874.0,36.0,0.014757759869098663,0.0002
16875.0,36.0,0.016794806346297264,0.0002
16876.0,36.0,0.015545450150966644,0.0002
16877.0,36.0,0.013632753863930702,0.0002
16878.0,36.0,0.016021620482206345,0.0002
16879.0,36.0,0.01578293740749359,0.0002
16880.0,36.0,0.016117112711071968,0.0002
16881.0,36.0,0.017095331102609634,0.0002
16882.0,36.0,0.016243726015090942,0.0002
16883.0,36.0,0.012679279781877995,0.0002
16884.0,36.0,0.012916125357151031,0.0002
16885.0,36.0,0.016732189804315567,0.0002
16886.0,36.0,0.0160001702606678,0.0002
16887.0,36.0,0.016082560643553734,0.0002
16888.0,36.0,0.016461990773677826,0.0002
16889.0,36.0,0.015019726008176804,0.0002
16890.0,36.0,0.018347885459661484,0.0002
16891.0,36.0,0.013597878627479076,0.0002
16892.0,36.0,0.01866101287305355,0.0002
16893.0,36.0,0.017173288390040398,0.0002
16894.0,36.0,0.013074349611997604,0.0002
16895.0,36.0,0.015333529561758041,0.0002
16896.0,36.0,0.014493278227746487,0.0002
16897.0,36.0,0.018697017803788185,0.0002
16898.0,36.0,0.01616627350449562,0.0002
16899.0,36.0,0.013639451004564762,0.0002
16900.0,36.0,0.01813489943742752,0.0002
16901.0,36.0,0.015465060248970985,0.0002
16902.0,36.0,0.017043646425008774,0.0002
16903.0,36.0,0.014996466226875782,0.0002
16904.0,36.0,0.017050346359610558,0.0002
16905.0,36.0,0.0178818479180336,0.0002
16906.0,36.0,0.014497308991849422,0.0002
16907.0,36.0,0.013993490487337112,0.0002
16908.0,36.0,0.012126946821808815,0.0002
16909.0,36.0,0.01733430102467537,0.0002
16910.0,36.0,0.013200631365180016,0.0002
16911.0,36.0,0.016286779195070267,0.0002
16912.0,36.0,0.013391257263720036,0.0002
16913.0,36.0,0.013232681900262833,0.0002
16914.0,36.0,0.015814922749996185,0.0002
16915.0,36.0,0.013450104743242264,0.0002
16916.0,36.0,0.013560425490140915,0.0002
16917.0,36.0,0.01810206100344658,0.0002
16918.0,36.0,0.015552408061921597,0.0002
16919.0,36.0,0.013796801678836346,0.0002
16920.0,36.0,0.016686037182807922,0.0002
16921.0,36.0,0.018851548433303833,0.0002
16922.0,36.0,0.016552459448575974,0.0002
16923.0,36.0,0.013440243899822235,0.0002
16924.0,36.0,0.012147227302193642,0.0002
16925.0,36.0,0.014030266553163528,0.0002
16926.0,36.0,0.015845201909542084,0.0002
16927.0,36.0,0.015513841062784195,0.0002
16928.0,36.0,0.01631118357181549,0.0002
16929.0,36.0,0.013727397657930851,0.0002
16930.0,36.0,0.013626563362777233,0.0002
16931.0,36.0,0.012978245504200459,0.0002
16932.0,36.0,0.01578904315829277,0.0002
16933.0,36.0,0.011095551773905754,0.0002
16934.0,36.0,0.017038946971297264,0.0002
16935.0,36.0,0.0173787921667099,0.0002
16936.0,36.0,0.01678803749382496,0.0002
16937.0,36.0,0.012582953087985516,0.0002
16938.0,36.0,0.01519567146897316,0.0002
16939.0,36.0,0.017632322385907173,0.0002
16940.0,36.0,0.0173479076474905,0.0002
16941.0,36.0,0.014746968634426594,0.0002
16942.0,36.0,0.01395227387547493,0.0002
16943.0,36.0,0.014814184978604317,0.0002
16944.0,36.0,0.01462186872959137,0.0002
16945.0,36.0,0.0147184357047081,0.0002
16946.0,36.0,0.012698590755462646,0.0002
16947.0,36.0,0.014843195676803589,0.0002
16948.0,36.0,0.014796296134591103,0.0002
16949.0,36.0,0.015395009890198708,0.0002
16950.0,36.0,0.014384912326931953,0.0002
16951.0,36.0,0.01565498486161232,0.0002
16952.0,36.0,0.01687246933579445,0.0002
16953.0,36.0,0.015923764556646347,0.0002
16954.0,36.0,0.014497704803943634,0.0002
16955.0,36.0,0.014547016471624374,0.0002
16956.0,36.0,0.01555628702044487,0.0002
16957.0,36.0,0.01587091200053692,0.0002
16958.0,36.0,0.01424660999327898,0.0002
16959.0,36.0,0.01661982201039791,0.0002
16960.0,36.0,0.015101879835128784,0.0002
16961.0,36.0,0.01884433627128601,0.0002
16962.0,36.0,0.01639433577656746,0.0002
16963.0,36.0,0.017113471403717995,0.0002
16964.0,36.0,0.017544321715831757,0.0002
16965.0,36.0,0.017102928832173347,0.0002
16966.0,36.0,0.01219747494906187,0.0002
16967.0,36.0,0.015088088810443878,0.0002
16968.0,36.0,0.015318763442337513,0.0002
16969.0,36.0,0.016291383653879166,0.0002
16970.0,36.0,0.011244825087487698,0.0002
16971.0,36.0,0.016506627202033997,0.0002
16972.0,36.0,0.017095420509576797,0.0002
16973.0,36.0,0.01944425329566002,0.0002
16974.0,36.0,0.015057177282869816,0.0002
16975.0,36.0,0.011280727572739124,0.0002
16976.0,36.0,0.01397137064486742,0.0002
16977.0,36.0,0.0130070261657238,0.0002
16978.0,36.0,0.014530997723340988,0.0002
16979.0,36.0,0.01599322259426117,0.0002
16980.0,36.0,0.015262124128639698,0.0002
16981.0,36.0,0.019207635894417763,0.0002
16982.0,36.0,0.012411579489707947,0.0002
16983.0,36.0,0.016407467424869537,0.0002
16984.0,36.0,0.013102689757943153,0.0002
16985.0,36.0,0.01625625230371952,0.0002
16986.0,36.0,0.011412281543016434,0.0002
16987.0,36.0,0.014983910135924816,0.0002
16988.0,36.0,0.016376454383134842,0.0002
16989.0,36.0,0.015547450631856918,0.0002
16990.0,36.0,0.013047924265265465,0.0002
16991.0,36.0,0.01508321426808834,0.0002
16992.0,36.0,0.01622018590569496,0.0002
16993.0,36.0,0.015758641064167023,0.0002
16994.0,36.0,0.012825841084122658,0.0002
16995.0,36.0,0.015838105231523514,0.0002
16996.0,36.0,0.015763673931360245,0.0002
16997.0,36.0,0.017830558121204376,0.0002
16998.0,36.0,0.013674961403012276,0.0002
16999.0,36.0,0.012816961854696274,0.0002
17000.0,36.0,0.013798588886857033,0.0002
17001.0,36.0,0.012802734971046448,0.0002
17002.0,36.0,0.018294397741556168,0.0002
17003.0,36.0,0.015927646309137344,0.0002
17004.0,36.0,0.01708168163895607,0.0002
17005.0,36.0,0.014606839045882225,0.0002
17006.0,36.0,0.017341449856758118,0.0002
17007.0,36.0,0.01614140160381794,0.0002
17008.0,36.0,0.01211174763739109,0.0002
17009.0,36.0,0.013746537268161774,0.0002
17010.0,36.0,0.011566486209630966,0.0002
17011.0,36.0,0.015353213995695114,0.0002
17012.0,36.0,0.015987863764166832,0.0002
17013.0,36.0,0.017817460000514984,0.0002
17014.0,36.0,0.012613574042916298,0.0002
17015.0,36.0,0.01317485049366951,0.0002
17016.0,36.0,0.012383360415697098,0.0002
17017.0,36.0,0.01172633096575737,0.0002
17018.0,36.0,0.015150207094848156,0.0002
17019.0,36.0,0.01284056343138218,0.0002
17020.0,36.0,0.015017792582511902,0.0002
17021.0,36.0,0.013617003336548805,0.0002
17022.0,36.0,0.015001369640231133,0.0002
17023.0,36.0,0.011060994118452072,0.0002
17024.0,36.0,0.017594145610928535,0.0002
17025.0,36.0,0.014619261026382446,0.0002
17026.0,36.0,0.013110820204019547,0.0002
17027.0,36.0,0.017742004245519638,0.0002
17028.0,36.0,0.014019912108778954,0.0002
17029.0,36.0,0.012858806177973747,0.0002
17030.0,36.0,0.015103406272828579,0.0002
17031.0,36.0,0.014677440747618675,0.0002
17032.0,36.0,0.013704154640436172,0.0002
17033.0,36.0,0.014709831215441227,0.0002
17034.0,36.0,0.015369974076747894,0.0002
17035.0,36.0,0.013980463147163391,0.0002
17036.0,36.0,0.01598723977804184,0.0002
17037.0,36.0,0.020691849291324615,0.0002
17038.0,36.0,0.01281120628118515,0.0002
17039.0,36.0,0.01308415550738573,0.0002
17040.0,36.0,0.01621129736304283,0.0002
17041.0,36.0,0.012725784443318844,0.0002
17042.0,36.0,0.014442753046751022,0.0002
17043.0,36.0,0.01581122912466526,0.0002
17044.0,36.0,0.011211074888706207,0.0002
17045.0,36.0,0.014383090659976006,0.0002
17046.0,36.0,0.012744390405714512,0.0002
17047.0,36.0,0.015526564791798592,0.0002
17048.0,36.0,0.015605316497385502,0.0002
17049.0,36.0,0.017051100730895996,0.0002
17050.0,36.0,0.01692899316549301,0.0002
17051.0,36.0,0.013900106772780418,0.0002
17052.0,36.0,0.014096041209995747,0.0002
17053.0,36.0,0.01682887226343155,0.0002
17054.0,36.0,0.01608387753367424,0.0002
17055.0,36.0,0.01620025373995304,0.0002
17056.0,36.0,0.014804719015955925,0.0002
17057.0,36.0,0.012601597234606743,0.0002
17058.0,36.0,0.017959091812372208,0.0002
17059.0,36.0,0.01621263474225998,0.0002
17060.0,36.0,0.013037500903010368,0.0002
17061.0,36.0,0.013824451714754105,0.0002
17062.0,36.0,0.018795274198055267,0.0002
17063.0,36.0,0.014605354517698288,0.0002
17064.0,36.0,0.013989439234137535,0.0002
17065.0,36.0,0.01640266925096512,0.0002
17066.0,36.0,0.015401065349578857,0.0002
17067.0,36.0,0.014873050153255463,0.0002
17068.0,36.0,0.014357537031173706,0.0002
17069.0,36.0,0.009644482284784317,0.0002
17070.0,36.0,0.016223600134253502,0.0002
17071.0,36.0,0.012153083458542824,0.0002
17072.0,36.0,0.01762836053967476,0.0002
17073.0,36.0,0.016533125191926956,0.0002
17074.0,36.0,0.016182146966457367,0.0002
17075.0,36.0,0.012486211955547333,0.0002
17076.0,36.0,0.01914301887154579,0.0002
17077.0,36.0,0.01697506010532379,0.0002
17078.0,36.0,0.018560200929641724,0.0002
17079.0,36.0,0.01612093299627304,0.0002
17080.0,36.0,0.016027161851525307,0.0002
17081.0,36.0,0.015891041606664658,0.0002
17082.0,36.0,0.0147868562489748,0.0002
17083.0,36.0,0.013090886175632477,0.0002
17084.0,36.0,0.013457446359097958,0.0002
17085.0,36.0,0.015263611450791359,0.0002
17086.0,36.0,0.012194176204502583,0.0002
17087.0,36.0,0.01284930668771267,0.0002
17088.0,36.0,0.012047570198774338,0.0002
17089.0,36.0,0.01731129363179207,0.0002
17090.0,36.0,0.015685776248574257,0.0002
17091.0,36.0,0.015327725559473038,0.0002
17092.0,36.0,0.01657761260867119,0.0002
17093.0,36.0,0.015408311039209366,0.0002
17094.0,36.0,0.016141824424266815,0.0002
17095.0,36.0,0.013783399015665054,0.0002
17096.0,36.0,0.015421507880091667,0.0002
17097.0,36.0,0.01645435392856598,0.0002
17098.0,36.0,0.015545515343546867,0.0002
17099.0,36.0,0.010301089845597744,0.0002
17100.0,36.0,0.01647602766752243,0.0002
17101.0,36.0,0.019548529759049416,0.0002
17102.0,36.0,0.015889447182416916,0.0002
17103.0,36.0,0.013840272091329098,0.0002
17104.0,36.0,0.017969179898500443,0.0002
17105.0,36.0,0.014108146540820599,0.0002
17106.0,36.0,0.015175748616456985,0.0002
17107.0,36.0,0.020901959389448166,0.0002
17108.0,36.0,0.013793187215924263,0.0002
17109.0,36.0,0.015426909551024437,0.0002
17110.0,36.0,0.01441308856010437,0.0002
17111.0,36.0,0.021986965090036392,0.0002
17112.0,36.0,0.013126451522111893,0.0002
17113.0,36.0,0.014891587197780609,0.0002
17114.0,36.0,0.011779606342315674,0.0002
17115.0,36.0,0.016871806234121323,0.0002
17116.0,36.0,0.016369348391890526,0.0002
17117.0,36.0,0.018178360536694527,0.0002
17118.0,36.0,0.011534160934388638,0.0002
17119.0,36.0,0.011918480508029461,0.0002
17120.0,36.0,0.015247232280671597,0.0002
17121.0,36.0,0.016526060178875923,0.0002
17122.0,36.0,0.013861154206097126,0.0002
17123.0,36.0,0.014630179852247238,0.0002
17124.0,36.0,0.01772335171699524,0.0002
17125.0,36.0,0.01562541536986828,0.0002
17126.0,36.0,0.0169186070561409,0.0002
17127.0,36.0,0.017697663977742195,0.0002
17128.0,36.0,0.017519701272249222,0.0002
17129.0,36.0,0.017046991735696793,0.0002
17130.0,36.0,0.01784299500286579,0.0002
17131.0,36.0,0.015840547159314156,0.0002
17132.0,36.0,0.01918814331293106,0.0002
17133.0,36.0,0.012793395668268204,0.0002
17134.0,36.0,0.01779247261583805,0.0002
17135.0,36.0,0.011356435716152191,0.0002
17136.0,36.0,0.018037473782896996,0.0002
17137.0,36.0,0.013049723580479622,0.0002
17138.0,36.0,0.015285683795809746,0.0002
17139.0,36.0,0.016504714265465736,0.0002
17140.0,36.0,0.013637765310704708,0.0002
17141.0,36.0,0.014467470347881317,0.0002
17142.0,36.0,0.014670239761471748,0.0002
17143.0,36.0,0.015470921993255615,0.0002
17144.0,36.0,0.01570664346218109,0.0002
17145.0,36.0,0.019814694300293922,0.0002
17146.0,36.0,0.018327999860048294,0.0002
17147.0,36.0,0.012565474957227707,0.0002
17148.0,36.0,0.012188766151666641,0.0002
17149.0,36.0,0.015569183975458145,0.0002
17150.0,36.0,0.013112520799040794,0.0002
17151.0,36.0,0.01760147511959076,0.0002
17152.0,36.0,0.01612481102347374,0.0002
17153.0,36.0,0.014212150126695633,0.0002
17154.0,36.0,0.014124210923910141,0.0002
17155.0,36.0,0.018659526482224464,0.0002
17156.0,36.0,0.014129077084362507,0.0002
17157.0,36.0,0.0165628083050251,0.0002
17158.0,36.0,0.01340344175696373,0.0002
17159.0,36.0,0.015742158517241478,0.0002
17160.0,36.0,0.016374759376049042,0.0002
17161.0,36.0,0.0168161541223526,0.0002
17162.0,36.0,0.016310006380081177,0.0002
17163.0,36.0,0.017230767756700516,0.0002
17164.0,36.0,0.014426435343921185,0.0002
17165.0,36.0,0.016575820744037628,0.0002
17166.0,36.0,0.014051280915737152,0.0002
17167.0,36.0,0.01637488231062889,0.0002
17168.0,36.0,0.015968959778547287,0.0002
17169.0,36.0,0.015621423721313477,0.0002
17170.0,36.0,0.011795567348599434,0.0002
17171.0,36.0,0.013790437951683998,0.0002
17172.0,36.0,0.013255269266664982,0.0002
17173.0,36.0,0.013671460561454296,0.0002
17174.0,36.0,0.012310763821005821,0.0002
17175.0,36.0,0.018514610826969147,0.0002
17176.0,36.0,0.012535374611616135,0.0002
17177.0,36.0,0.01664108596742153,0.0002
17178.0,36.0,0.0126703642308712,0.0002
17179.0,36.0,0.014008418656885624,0.0002
17180.0,36.0,0.014413811266422272,0.0002
17181.0,36.0,0.017597157508134842,0.0002
17182.0,36.0,0.016240790486335754,0.0002
17183.0,36.0,0.011980296112596989,0.0002
17184.0,36.0,0.014023059979081154,0.0002
17185.0,36.0,0.015091238543391228,0.0002
17186.0,36.0,0.01560421846807003,0.0002
17187.0,36.0,0.014080298133194447,0.0002
17188.0,36.0,0.014882737770676613,0.0002
17189.0,36.0,0.018096044659614563,0.0002
17190.0,36.0,0.015525976195931435,0.0002
17191.0,36.0,0.013545320369303226,0.0002
17192.0,36.0,0.01465683989226818,0.0002
17193.0,36.0,0.014280667528510094,0.0002
17194.0,36.0,0.01558774895966053,0.0002
17195.0,36.0,0.017923641949892044,0.0002
17196.0,36.0,0.017419904470443726,0.0002
17197.0,36.0,0.014339262619614601,0.0002
17198.0,36.0,0.015446063131093979,0.0002
17199.0,36.0,0.011287568137049675,0.0002
17200.0,36.0,0.014407371170818806,0.0002
17201.0,36.0,0.014229459688067436,0.0002
17202.0,36.0,0.017832111567258835,0.0002
17203.0,36.0,0.01224640291184187,0.0002
17204.0,36.0,0.014650717377662659,0.0002
17205.0,36.0,0.013284437358379364,0.0002
17206.0,36.0,0.01569894701242447,0.0002
17207.0,36.0,0.013999173417687416,0.0002
17208.0,36.0,0.014628462493419647,0.0002
17209.0,36.0,0.01896757073700428,0.0002
17210.0,36.0,0.01516659650951624,0.0002
17211.0,36.0,0.01209375448524952,0.0002
17212.0,36.0,0.01297863107174635,0.0002
17213.0,36.0,0.015908751636743546,0.0002
17214.0,36.0,0.01537018921226263,0.0002
17215.0,36.0,0.015774020925164223,0.0002
17216.0,36.0,0.015972930938005447,0.0002
17217.0,36.0,0.012962304055690765,0.0002
17218.0,36.0,0.014093400910496712,0.0002
17219.0,36.0,0.015772823244333267,0.0002
17220.0,36.0,0.012133801355957985,0.0002
17221.0,36.0,0.012819127179682255,0.0002
17222.0,36.0,0.018567677587270737,0.0002
17223.0,36.0,0.015931878238916397,0.0002
17224.0,36.0,0.01638055592775345,0.0002
17225.0,36.0,0.014604976400732994,0.0002
17226.0,36.0,0.015434129163622856,0.0002
17227.0,36.0,0.014055570587515831,0.0002
17228.0,36.0,0.011235061101615429,0.0002
17229.0,36.0,0.0119826290756464,0.0002
17230.0,36.0,0.01418848056346178,0.0002
17231.0,36.0,0.017421115189790726,0.0002
17232.0,36.0,0.014007406309247017,0.0002
17233.0,36.0,0.013187827542424202,0.0002
17234.0,36.0,0.014678227715194225,0.0002
17235.0,36.0,0.014153127558529377,0.0002
17236.0,36.0,0.015839839354157448,0.0002
17237.0,36.0,0.015249551273882389,0.0002
17238.0,36.0,0.013209808617830276,0.0002
17239.0,36.0,0.01474667526781559,0.0002
17240.0,36.0,0.017359692603349686,0.0002
17241.0,36.0,0.01453991699963808,0.0002
17242.0,36.0,0.014114730060100555,0.0002
17243.0,36.0,0.014053985476493835,0.0002
17244.0,36.0,0.011166054755449295,0.0002
17245.0,36.0,0.013704503886401653,0.0002
17246.0,36.0,0.016551118344068527,0.0002
17247.0,36.0,0.013924852013587952,0.0002
17248.0,36.0,0.018406569957733154,0.0002
17249.0,36.0,0.015246749855577946,0.0002
17250.0,36.0,0.012248747982084751,0.0002
17251.0,36.0,0.015776287764310837,0.0002
17252.0,36.0,0.01782892271876335,0.0002
17253.0,36.0,0.016152922064065933,0.0002
17254.0,36.0,0.013526267372071743,0.0002
17255.0,36.0,0.010327025316655636,0.0002
17256.0,36.0,0.014152159914374352,0.0002
17257.0,36.0,0.016267765313386917,0.0002
17258.0,36.0,0.01167646050453186,0.0002
17259.0,36.0,0.014507238753139973,0.0002
17260.0,36.0,0.012706201523542404,0.0002
17261.0,36.0,0.013274794444441795,0.0002
17262.0,36.0,0.012400809675455093,0.0002
17263.0,36.0,0.01573359966278076,0.0002
17264.0,36.0,0.014315539970993996,0.0002
17265.0,36.0,0.01396103110164404,0.0002
17266.0,36.0,0.015108151361346245,0.0002
17267.0,36.0,0.013415228575468063,0.0002
17268.0,36.0,0.015542304143309593,0.0002
17269.0,36.0,0.01582016609609127,0.0002
17270.0,36.0,0.01376243494451046,0.0002
17271.0,36.0,0.015375815331935883,0.0002
17272.0,36.0,0.01669658161699772,0.0002
17273.0,36.0,0.01546277292072773,0.0002
17274.0,36.0,0.013058369979262352,0.0002
17275.0,36.0,0.014646070078015327,0.0002
17276.0,36.0,0.016096696257591248,0.0002
17277.0,36.0,0.010580779984593391,0.0002
17278.0,36.0,0.015135187655687332,0.0002
17279.0,36.0,0.017471957951784134,0.0002
17280.0,36.0,0.019561341032385826,0.0002
17281.0,36.0,0.017219001427292824,0.0002
17282.0,36.0,0.01445403415709734,0.0002
17283.0,36.0,0.016617093235254288,0.0002
17284.0,36.0,0.0139510752633214,0.0002
17285.0,36.0,0.015447570011019707,0.0002
17286.0,36.0,0.016408100724220276,0.0002
17287.0,36.0,0.016820136457681656,0.0002
17288.0,36.0,0.014781670644879341,0.0002
17289.0,36.0,0.012492310255765915,0.0002
17290.0,36.0,0.016155825927853584,0.0002
17291.0,36.0,0.01986801251769066,0.0002
17292.0,36.0,0.015496468171477318,0.0002
17293.0,36.0,0.01564987562596798,0.0002
17294.0,36.0,0.019762689247727394,0.0002
17295.0,36.0,0.012149231508374214,0.0002
17296.0,36.0,0.014992181211709976,0.0002
17297.0,36.0,0.015910428017377853,0.0002
17298.0,36.0,0.016612816601991653,0.0002
17299.0,36.0,0.015893951058387756,0.0002
17300.0,36.0,0.017377054318785667,0.0002
17301.0,36.0,0.013051202520728111,0.0002
17302.0,36.0,0.013682647608220577,0.0002
17303.0,36.0,0.015018175356090069,0.0002
17304.0,36.0,0.014806486666202545,0.0002
17305.0,36.0,0.018071703612804413,0.0002
17306.0,36.0,0.01954563334584236,0.0002
17307.0,36.0,0.01614362746477127,0.0002
17308.0,36.0,0.016989313066005707,0.0002
17309.0,36.0,0.01702648401260376,0.0002
17310.0,36.0,0.012093037366867065,0.0002
17311.0,36.0,0.012672215700149536,0.0002
17312.0,36.0,0.014683445915579796,0.0002
17313.0,36.0,0.015588188543915749,0.0002
17314.0,36.0,0.01703585311770439,0.0002
17315.0,36.0,0.01475653238594532,0.0002
17316.0,36.0,0.014695687219500542,0.0002
17317.0,37.0,0.01880563423037529,0.0002
17318.0,37.0,0.015197832137346268,0.0002
17319.0,37.0,0.011451205238699913,0.0002
17320.0,37.0,0.011087361723184586,0.0002
17321.0,37.0,0.018581373617053032,0.0002
17322.0,37.0,0.012954358011484146,0.0002
17323.0,37.0,0.013949450105428696,0.0002
17324.0,37.0,0.01663341373205185,0.0002
17325.0,37.0,0.015252619050443172,0.0002
17326.0,37.0,0.014461438171565533,0.0002
17327.0,37.0,0.017956670373678207,0.0002
17328.0,37.0,0.016703180968761444,0.0002
17329.0,37.0,0.016273289918899536,0.0002
17330.0,37.0,0.01603056490421295,0.0002
17331.0,37.0,0.014284849166870117,0.0002
17332.0,37.0,0.01932624913752079,0.0002
17333.0,37.0,0.015613006427884102,0.0002
17334.0,37.0,0.011352346278727055,0.0002
17335.0,37.0,0.013715462759137154,0.0002
17336.0,37.0,0.017480764538049698,0.0002
17337.0,37.0,0.013657793402671814,0.0002
17338.0,37.0,0.01580961048603058,0.0002
17339.0,37.0,0.01574832573533058,0.0002
17340.0,37.0,0.016823992133140564,0.0002
17341.0,37.0,0.01452698465436697,0.0002
17342.0,37.0,0.016326861456036568,0.0002
17343.0,37.0,0.013501705601811409,0.0002
17344.0,37.0,0.02047288417816162,0.0002
17345.0,37.0,0.018235722556710243,0.0002
17346.0,37.0,0.014678752049803734,0.0002
17347.0,37.0,0.018070105463266373,0.0002
17348.0,37.0,0.012456309050321579,0.0002
17349.0,37.0,0.01442151702940464,0.0002
17350.0,37.0,0.017807727679610252,0.0002
17351.0,37.0,0.015306450426578522,0.0002
17352.0,37.0,0.017626632004976273,0.0002
17353.0,37.0,0.015656396746635437,0.0002
17354.0,37.0,0.01333607453852892,0.0002
17355.0,37.0,0.015339821577072144,0.0002
17356.0,37.0,0.016427893191576004,0.0002
17357.0,37.0,0.014988391660153866,0.0002
17358.0,37.0,0.012960502877831459,0.0002
17359.0,37.0,0.013822831213474274,0.0002
17360.0,37.0,0.015792008489370346,0.0002
17361.0,37.0,0.017281297594308853,0.0002
17362.0,37.0,0.01767146587371826,0.0002
17363.0,37.0,0.016066022217273712,0.0002
17364.0,37.0,0.01358182355761528,0.0002
17365.0,37.0,0.01941375434398651,0.0002
17366.0,37.0,0.015444215387105942,0.0002
17367.0,37.0,0.013835160061717033,0.0002
17368.0,37.0,0.01588042825460434,0.0002
17369.0,37.0,0.013875002041459084,0.0002
17370.0,37.0,0.014269855804741383,0.0002
17371.0,37.0,0.018454542383551598,0.0002
17372.0,37.0,0.015139973722398281,0.0002
17373.0,37.0,0.018324144184589386,0.0002
17374.0,37.0,0.014259960502386093,0.0002
17375.0,37.0,0.012664621695876122,0.0002
17376.0,37.0,0.01660318300127983,0.0002
17377.0,37.0,0.01578206568956375,0.0002
17378.0,37.0,0.014895464293658733,0.0002
17379.0,37.0,0.011507339775562286,0.0002
17380.0,37.0,0.016686605289578438,0.0002
17381.0,37.0,0.01265354547649622,0.0002
17382.0,37.0,0.014129618182778358,0.0002
17383.0,37.0,0.016984667629003525,0.0002
17384.0,37.0,0.015401136130094528,0.0002
17385.0,37.0,0.017152652144432068,0.0002
17386.0,37.0,0.01610426977276802,0.0002
17387.0,37.0,0.012574096210300922,0.0002
17388.0,37.0,0.013998186215758324,0.0002
17389.0,37.0,0.014705760404467583,0.0002
17390.0,37.0,0.017049694433808327,0.0002
17391.0,37.0,0.012647494673728943,0.0002
17392.0,37.0,0.013359179720282555,0.0002
17393.0,37.0,0.013651685789227486,0.0002
17394.0,37.0,0.0160452201962471,0.0002
17395.0,37.0,0.011640372686088085,0.0002
17396.0,37.0,0.01329018548130989,0.0002
17397.0,37.0,0.015669094398617744,0.0002
17398.0,37.0,0.01575968787074089,0.0002
17399.0,37.0,0.01565675064921379,0.0002
17400.0,37.0,0.014335110783576965,0.0002
17401.0,37.0,0.013494865037500858,0.0002
17402.0,37.0,0.012574282474815845,0.0002
17403.0,37.0,0.012844955548644066,0.0002
17404.0,37.0,0.013279004953801632,0.0002
17405.0,37.0,0.01901935786008835,0.0002
17406.0,37.0,0.013082195073366165,0.0002
17407.0,37.0,0.01665683463215828,0.0002
17408.0,37.0,0.013910717330873013,0.0002
17409.0,37.0,0.0159292072057724,0.0002
17410.0,37.0,0.016597818583250046,0.0002
17411.0,37.0,0.010899318382143974,0.0002
17412.0,37.0,0.014544213190674782,0.0002
17413.0,37.0,0.013371896930038929,0.0002
17414.0,37.0,0.017229732125997543,0.0002
17415.0,37.0,0.017334632575511932,0.0002
17416.0,37.0,0.01668984442949295,0.0002
17417.0,37.0,0.015293841250240803,0.0002
17418.0,37.0,0.01590735651552677,0.0002
17419.0,37.0,0.015345058403909206,0.0002
17420.0,37.0,0.015383313409984112,0.0002
17421.0,37.0,0.01403384655714035,0.0002
17422.0,37.0,0.015161817893385887,0.0002
17423.0,37.0,0.018375806510448456,0.0002
17424.0,37.0,0.014105244539678097,0.0002
17425.0,37.0,0.01621527597308159,0.0002
17426.0,37.0,0.011687392368912697,0.0002
17427.0,37.0,0.018100369721651077,0.0002
17428.0,37.0,0.013478100299835205,0.0002
17429.0,37.0,0.013405089266598225,0.0002
17430.0,37.0,0.017121775075793266,0.0002
17431.0,37.0,0.014914330095052719,0.0002
17432.0,37.0,0.014432631433010101,0.0002
17433.0,37.0,0.014182099141180515,0.0002
17434.0,37.0,0.01569245010614395,0.0002
17435.0,37.0,0.011393817141652107,0.0002
17436.0,37.0,0.014359589666128159,0.0002
17437.0,37.0,0.014346221461892128,0.0002
17438.0,37.0,0.011384760960936546,0.0002
17439.0,37.0,0.015585267916321754,0.0002
17440.0,37.0,0.0157028641551733,0.0002
17441.0,37.0,0.015982892364263535,0.0002
17442.0,37.0,0.017529800534248352,0.0002
17443.0,37.0,0.015734480693936348,0.0002
17444.0,37.0,0.015995042398571968,0.0002
17445.0,37.0,0.013379192911088467,0.0002
17446.0,37.0,0.015505664050579071,0.0002
17447.0,37.0,0.013543438166379929,0.0002
17448.0,37.0,0.010390771552920341,0.0002
17449.0,37.0,0.014629466459155083,0.0002
17450.0,37.0,0.01685398444533348,0.0002
17451.0,37.0,0.015621640719473362,0.0002
17452.0,37.0,0.01776277646422386,0.0002
17453.0,37.0,0.014736492186784744,0.0002
17454.0,37.0,0.014156212098896503,0.0002
17455.0,37.0,0.017043430358171463,0.0002
17456.0,37.0,0.010791933164000511,0.0002
17457.0,37.0,0.016613386571407318,0.0002
17458.0,37.0,0.016933120787143707,0.0002
17459.0,37.0,0.017553776502609253,0.0002
17460.0,37.0,0.016071537509560585,0.0002
17461.0,37.0,0.013963879086077213,0.0002
17462.0,37.0,0.014867087826132774,0.0002
17463.0,37.0,0.013754446059465408,0.0002
17464.0,37.0,0.013769919984042645,0.0002
17465.0,37.0,0.016719602048397064,0.0002
17466.0,37.0,0.015685483813285828,0.0002
17467.0,37.0,0.015293292701244354,0.0002
17468.0,37.0,0.012013294734060764,0.0002
17469.0,37.0,0.017405718564987183,0.0002
17470.0,37.0,0.01614457741379738,0.0002
17471.0,37.0,0.014423185959458351,0.0002
17472.0,37.0,0.016507292166352272,0.0002
17473.0,37.0,0.014234399423003197,0.0002
17474.0,37.0,0.014360340312123299,0.0002
17475.0,37.0,0.01271339412778616,0.0002
17476.0,37.0,0.019069550558924675,0.0002
17477.0,37.0,0.014940465800464153,0.0002
17478.0,37.0,0.012824938632547855,0.0002
17479.0,37.0,0.014594970270991325,0.0002
17480.0,37.0,0.013454040512442589,0.0002
17481.0,37.0,0.015260457061231136,0.0002
17482.0,37.0,0.013973236083984375,0.0002
17483.0,37.0,0.013037780299782753,0.0002
17484.0,37.0,0.0160612054169178,0.0002
17485.0,37.0,0.015223306603729725,0.0002
17486.0,37.0,0.012646922841668129,0.0002
17487.0,37.0,0.016895122826099396,0.0002
17488.0,37.0,0.011963523924350739,0.0002
17489.0,37.0,0.016957566142082214,0.0002
17490.0,37.0,0.016705596819519997,0.0002
17491.0,37.0,0.016586728394031525,0.0002
17492.0,37.0,0.01410815492272377,0.0002
17493.0,37.0,0.017387473955750465,0.0002
17494.0,37.0,0.017826024442911148,0.0002
17495.0,37.0,0.013683700002729893,0.0002
17496.0,37.0,0.018794655799865723,0.0002
17497.0,37.0,0.013566086068749428,0.0002
17498.0,37.0,0.012998824939131737,0.0002
17499.0,37.0,0.01821918413043022,0.0002
17500.0,37.0,0.01706894114613533,0.0002
17501.0,37.0,0.015192706137895584,0.0002
17502.0,37.0,0.012279444374144077,0.0002
17503.0,37.0,0.012611513026058674,0.0002
17504.0,37.0,0.01393519714474678,0.0002
17505.0,37.0,0.016201458871364594,0.0002
17506.0,37.0,0.012971391901373863,0.0002
17507.0,37.0,0.015467211604118347,0.0002
17508.0,37.0,0.01706681028008461,0.0002
17509.0,37.0,0.015291962772607803,0.0002
17510.0,37.0,0.017748519778251648,0.0002
17511.0,37.0,0.017419327050447464,0.0002
17512.0,37.0,0.014437579549849033,0.0002
17513.0,37.0,0.01377483457326889,0.0002
17514.0,37.0,0.016948143020272255,0.0002
17515.0,37.0,0.015124551020562649,0.0002
17516.0,37.0,0.015807583928108215,0.0002
17517.0,37.0,0.014845343306660652,0.0002
17518.0,37.0,0.015259398147463799,0.0002
17519.0,37.0,0.013725068420171738,0.0002
17520.0,37.0,0.014094623737037182,0.0002
17521.0,37.0,0.014394561760127544,0.0002
17522.0,37.0,0.01279998105019331,0.0002
17523.0,37.0,0.014459388330578804,0.0002
17524.0,37.0,0.015326634049415588,0.0002
17525.0,37.0,0.015290693379938602,0.0002
17526.0,37.0,0.018470652401447296,0.0002
17527.0,37.0,0.014823079109191895,0.0002
17528.0,37.0,0.017429634928703308,0.0002
17529.0,37.0,0.01610662415623665,0.0002
17530.0,37.0,0.01496047805994749,0.0002
17531.0,37.0,0.017026908695697784,0.0002
17532.0,37.0,0.014829437248408794,0.0002
17533.0,37.0,0.01469917967915535,0.0002
17534.0,37.0,0.013724289834499359,0.0002
17535.0,37.0,0.015740681439638138,0.0002
17536.0,37.0,0.013029543682932854,0.0002
17537.0,37.0,0.016118410974740982,0.0002
17538.0,37.0,0.014085263013839722,0.0002
17539.0,37.0,0.013162841089069843,0.0002
17540.0,37.0,0.01201591081917286,0.0002
17541.0,37.0,0.015479321591556072,0.0002
17542.0,37.0,0.017307493835687637,0.0002
17543.0,37.0,0.017203764989972115,0.0002
17544.0,37.0,0.012161992490291595,0.0002
17545.0,37.0,0.015115750953555107,0.0002
17546.0,37.0,0.014225170016288757,0.0002
17547.0,37.0,0.014480826444923878,0.0002
17548.0,37.0,0.014566097408533096,0.0002
17549.0,37.0,0.012753835879266262,0.0002
17550.0,37.0,0.014189072884619236,0.0002
17551.0,37.0,0.02008756250143051,0.0002
17552.0,37.0,0.013208887539803982,0.0002
17553.0,37.0,0.018458275124430656,0.0002
17554.0,37.0,0.013206598348915577,0.0002
17555.0,37.0,0.01531478576362133,0.0002
17556.0,37.0,0.012354768812656403,0.0002
17557.0,37.0,0.014837386086583138,0.0002
17558.0,37.0,0.013410115614533424,0.0002
17559.0,37.0,0.015376463532447815,0.0002
17560.0,37.0,0.014896899461746216,0.0002
17561.0,37.0,0.01245432160794735,0.0002
17562.0,37.0,0.017771288752555847,0.0002
17563.0,37.0,0.013210728764533997,0.0002
17564.0,37.0,0.016138792037963867,0.0002
17565.0,37.0,0.016399208456277847,0.0002
17566.0,37.0,0.01536976732313633,0.0002
17567.0,37.0,0.016096647828817368,0.0002
17568.0,37.0,0.014440533705055714,0.0002
17569.0,37.0,0.01706157810986042,0.0002
17570.0,37.0,0.017574775964021683,0.0002
17571.0,37.0,0.015134845860302448,0.0002
17572.0,37.0,0.012431920506060123,0.0002
17573.0,37.0,0.017073381692171097,0.0002
17574.0,37.0,0.016699429601430893,0.0002
17575.0,37.0,0.015206187963485718,0.0002
17576.0,37.0,0.018108051270246506,0.0002
17577.0,37.0,0.01259581558406353,0.0002
17578.0,37.0,0.014107361435890198,0.0002
17579.0,37.0,0.012882701121270657,0.0002
17580.0,37.0,0.01784185692667961,0.0002
17581.0,37.0,0.012207557447254658,0.0002
17582.0,37.0,0.017223402857780457,0.0002
17583.0,37.0,0.017523953691124916,0.0002
17584.0,37.0,0.014992806129157543,0.0002
17585.0,37.0,0.013987721875309944,0.0002
17586.0,37.0,0.01936473697423935,0.0002
17587.0,37.0,0.014672704972326756,0.0002
17588.0,37.0,0.01834467425942421,0.0002
17589.0,37.0,0.015006677247583866,0.0002
17590.0,37.0,0.01415911316871643,0.0002
17591.0,37.0,0.013191860169172287,0.0002
17592.0,37.0,0.01532161608338356,0.0002
17593.0,37.0,0.01777251809835434,0.0002
17594.0,37.0,0.013289816677570343,0.0002
17595.0,37.0,0.01475266832858324,0.0002
17596.0,37.0,0.015330123715102673,0.0002
17597.0,37.0,0.019390951842069626,0.0002
17598.0,37.0,0.01194041222333908,0.0002
17599.0,37.0,0.016755905002355576,0.0002
17600.0,37.0,0.01420376356691122,0.0002
17601.0,37.0,0.015525473281741142,0.0002
17602.0,37.0,0.0129476897418499,0.0002
17603.0,37.0,0.014502804726362228,0.0002
17604.0,37.0,0.011938700452446938,0.0002
17605.0,37.0,0.013831104151904583,0.0002
17606.0,37.0,0.01548275351524353,0.0002
17607.0,37.0,0.015941329300403595,0.0002
17608.0,37.0,0.016803434118628502,0.0002
17609.0,37.0,0.016689784824848175,0.0002
17610.0,37.0,0.012749461457133293,0.0002
17611.0,37.0,0.01626039668917656,0.0002
17612.0,37.0,0.016477257013320923,0.0002
17613.0,37.0,0.01702515035867691,0.0002
17614.0,37.0,0.011560020968317986,0.0002
17615.0,37.0,0.013507850468158722,0.0002
17616.0,37.0,0.01718619465827942,0.0002
17617.0,37.0,0.012355830520391464,0.0002
17618.0,37.0,0.012812016531825066,0.0002
17619.0,37.0,0.016103258356451988,0.0002
17620.0,37.0,0.014142557047307491,0.0002
17621.0,37.0,0.014312248677015305,0.0002
17622.0,37.0,0.02099350094795227,0.0002
17623.0,37.0,0.01694379188120365,0.0002
17624.0,37.0,0.011797579005360603,0.0002
17625.0,37.0,0.013638865202665329,0.0002
17626.0,37.0,0.011715814471244812,0.0002
17627.0,37.0,0.018018726259469986,0.0002
17628.0,37.0,0.0177466981112957,0.0002
17629.0,37.0,0.0175115168094635,0.0002
17630.0,37.0,0.015262560918927193,0.0002
17631.0,37.0,0.016197146847844124,0.0002
17632.0,37.0,0.012989167124032974,0.0002
17633.0,37.0,0.014349800534546375,0.0002
17634.0,37.0,0.01777808740735054,0.0002
17635.0,37.0,0.015416957437992096,0.0002
17636.0,37.0,0.015850838273763657,0.0002
17637.0,37.0,0.015800466760993004,0.0002
17638.0,37.0,0.019350187852978706,0.0002
17639.0,37.0,0.01502345222979784,0.0002
17640.0,37.0,0.014155073091387749,0.0002
17641.0,37.0,0.013331657275557518,0.0002
17642.0,37.0,0.017953021451830864,0.0002
17643.0,37.0,0.01530032604932785,0.0002
17644.0,37.0,0.014267905615270138,0.0002
17645.0,37.0,0.012875257059931755,0.0002
17646.0,37.0,0.013924241065979004,0.0002
17647.0,37.0,0.014712024480104446,0.0002
17648.0,37.0,0.015981407836079597,0.0002
17649.0,37.0,0.01598319783806801,0.0002
17650.0,37.0,0.016273243352770805,0.0002
17651.0,37.0,0.01354801282286644,0.0002
17652.0,37.0,0.015740234404802322,0.0002
17653.0,37.0,0.018573865294456482,0.0002
17654.0,37.0,0.01650918647646904,0.0002
17655.0,37.0,0.015002201311290264,0.0002
17656.0,37.0,0.014079928398132324,0.0002
17657.0,37.0,0.017459848895668983,0.0002
17658.0,37.0,0.01676161028444767,0.0002
17659.0,37.0,0.015946343541145325,0.0002
17660.0,37.0,0.015910504385828972,0.0002
17661.0,37.0,0.014826948754489422,0.0002
17662.0,37.0,0.015456989407539368,0.0002
17663.0,37.0,0.01697252318263054,0.0002
17664.0,37.0,0.01651056483387947,0.0002
17665.0,37.0,0.018350135535001755,0.0002
17666.0,37.0,0.012564493343234062,0.0002
17667.0,37.0,0.015515211969614029,0.0002
17668.0,37.0,0.017409728839993477,0.0002
17669.0,37.0,0.01765754446387291,0.0002
17670.0,37.0,0.014159074984490871,0.0002
17671.0,37.0,0.012786083854734898,0.0002
17672.0,37.0,0.018141355365514755,0.0002
17673.0,37.0,0.012589126825332642,0.0002
17674.0,37.0,0.013242313638329506,0.0002
17675.0,37.0,0.014105256646871567,0.0002
17676.0,37.0,0.01677951216697693,0.0002
17677.0,37.0,0.015344593673944473,0.0002
17678.0,37.0,0.016856778413057327,0.0002
17679.0,37.0,0.016905318945646286,0.0002
17680.0,37.0,0.010937483981251717,0.0002
17681.0,37.0,0.01624433323740959,0.0002
17682.0,37.0,0.01464755181223154,0.0002
17683.0,37.0,0.013433439657092094,0.0002
17684.0,37.0,0.016749300062656403,0.0002
17685.0,37.0,0.014021439477801323,0.0002
17686.0,37.0,0.01250418834388256,0.0002
17687.0,37.0,0.013413947075605392,0.0002
17688.0,37.0,0.015977222472429276,0.0002
17689.0,37.0,0.01419922336935997,0.0002
17690.0,37.0,0.014651209115982056,0.0002
17691.0,37.0,0.014825943857431412,0.0002
17692.0,37.0,0.013889288529753685,0.0002
17693.0,37.0,0.012387525290250778,0.0002
17694.0,37.0,0.015016166493296623,0.0002
17695.0,37.0,0.012256098911166191,0.0002
17696.0,37.0,0.014886578544974327,0.0002
17697.0,37.0,0.01871219463646412,0.0002
17698.0,37.0,0.016456246376037598,0.0002
17699.0,37.0,0.014441758394241333,0.0002
17700.0,37.0,0.01784110814332962,0.0002
17701.0,37.0,0.015250204131007195,0.0002
17702.0,37.0,0.013219076208770275,0.0002
17703.0,37.0,0.017513113096356392,0.0002
17704.0,37.0,0.012616838328540325,0.0002
17705.0,37.0,0.0131214065477252,0.0002
17706.0,37.0,0.021011196076869965,0.0002
17707.0,37.0,0.018932409584522247,0.0002
17708.0,37.0,0.017115361988544464,0.0002
17709.0,37.0,0.01242351159453392,0.0002
17710.0,37.0,0.016421815380454063,0.0002
17711.0,37.0,0.01308196596801281,0.0002
17712.0,37.0,0.016132626682519913,0.0002
17713.0,37.0,0.01336587406694889,0.0002
17714.0,37.0,0.01263272762298584,0.0002
17715.0,37.0,0.0174300167709589,0.0002
17716.0,37.0,0.013678379356861115,0.0002
17717.0,37.0,0.01803598925471306,0.0002
17718.0,37.0,0.012285733595490456,0.0002
17719.0,37.0,0.016303276643157005,0.0002
17720.0,37.0,0.013384902849793434,0.0002
17721.0,37.0,0.017504025250673294,0.0002
17722.0,37.0,0.01820405200123787,0.0002
17723.0,37.0,0.013019733130931854,0.0002
17724.0,37.0,0.015464694239199162,0.0002
17725.0,37.0,0.015104210004210472,0.0002
17726.0,37.0,0.014616768807172775,0.0002
17727.0,37.0,0.014511717483401299,0.0002
17728.0,37.0,0.013163064606487751,0.0002
17729.0,37.0,0.014587265439331532,0.0002
17730.0,37.0,0.016185052692890167,0.0002
17731.0,37.0,0.016334187239408493,0.0002
17732.0,37.0,0.01891246810555458,0.0002
17733.0,37.0,0.014763089828193188,0.0002
17734.0,37.0,0.01423523761332035,0.0002
17735.0,37.0,0.016040492802858353,0.0002
17736.0,37.0,0.012217728421092033,0.0002
17737.0,37.0,0.016038179397583008,0.0002
17738.0,37.0,0.01292681135237217,0.0002
17739.0,37.0,0.013165176846086979,0.0002
17740.0,37.0,0.015831347554922104,0.0002
17741.0,37.0,0.014817561022937298,0.0002
17742.0,37.0,0.01867642253637314,0.0002
17743.0,37.0,0.014642853289842606,0.0002
17744.0,37.0,0.018521878868341446,0.0002
17745.0,37.0,0.01809411495923996,0.0002
17746.0,37.0,0.020673038437962532,0.0002
17747.0,37.0,0.013721010647714138,0.0002
17748.0,37.0,0.018196940422058105,0.0002
17749.0,37.0,0.014009706676006317,0.0002
17750.0,37.0,0.01585935615003109,0.0002
17751.0,37.0,0.012833797372877598,0.0002
17752.0,37.0,0.014335484243929386,0.0002
17753.0,37.0,0.01849270984530449,0.0002
17754.0,37.0,0.012158013880252838,0.0002
17755.0,37.0,0.014494371600449085,0.0002
17756.0,37.0,0.013669084757566452,0.0002
17757.0,37.0,0.016391273587942123,0.0002
17758.0,37.0,0.013865882530808449,0.0002
17759.0,37.0,0.014719272963702679,0.0002
17760.0,37.0,0.013432178646326065,0.0002
17761.0,37.0,0.013630151748657227,0.0002
17762.0,37.0,0.01622534915804863,0.0002
17763.0,37.0,0.01639661379158497,0.0002
17764.0,37.0,0.01583785004913807,0.0002
17765.0,37.0,0.013880008831620216,0.0002
17766.0,37.0,0.014461146667599678,0.0002
17767.0,37.0,0.016211628913879395,0.0002
17768.0,37.0,0.017386533319950104,0.0002
17769.0,37.0,0.01603386178612709,0.0002
17770.0,37.0,0.01075427234172821,0.0002
17771.0,37.0,0.014362839981913567,0.0002
17772.0,37.0,0.014406291767954826,0.0002
17773.0,37.0,0.016870804131031036,0.0002
17774.0,37.0,0.0154893072322011,0.0002
17775.0,37.0,0.015100425109267235,0.0002
17776.0,37.0,0.014876012690365314,0.0002
17777.0,37.0,0.013983525335788727,0.0002
17778.0,37.0,0.014077955856919289,0.0002
17779.0,37.0,0.014623580500483513,0.0002
17780.0,37.0,0.017481211572885513,0.0002
17781.0,37.0,0.01262710988521576,0.0002
17782.0,37.0,0.016490917652845383,0.0002
17783.0,37.0,0.013967640697956085,0.0002
17784.0,37.0,0.012396903708577156,0.0002
17785.0,38.0,0.012423809617757797,0.0002
17786.0,38.0,0.01467027049511671,0.0002
17787.0,38.0,0.017623981460928917,0.0002
17788.0,38.0,0.012910506688058376,0.0002
17789.0,38.0,0.016678331419825554,0.0002
17790.0,38.0,0.016791535541415215,0.0002
17791.0,38.0,0.015684576705098152,0.0002
17792.0,38.0,0.0143976341933012,0.0002
17793.0,38.0,0.018458086997270584,0.0002
17794.0,38.0,0.016446489840745926,0.0002
17795.0,38.0,0.013681288808584213,0.0002
17796.0,38.0,0.01607525907456875,0.0002
17797.0,38.0,0.013580289669334888,0.0002
17798.0,38.0,0.016296997666358948,0.0002
17799.0,38.0,0.013458829373121262,0.0002
17800.0,38.0,0.013689406216144562,0.0002
17801.0,38.0,0.017938362434506416,0.0002
17802.0,38.0,0.016499333083629608,0.0002
17803.0,38.0,0.015874316915869713,0.0002
17804.0,38.0,0.01425041351467371,0.0002
17805.0,38.0,0.015376772731542587,0.0002
17806.0,38.0,0.013536392711102962,0.0002
17807.0,38.0,0.016698244959115982,0.0002
17808.0,38.0,0.016749000176787376,0.0002
17809.0,38.0,0.013213634490966797,0.0002
17810.0,38.0,0.011920491233468056,0.0002
17811.0,38.0,0.01826580986380577,0.0002
17812.0,38.0,0.019436610862612724,0.0002
17813.0,38.0,0.015189079567790031,0.0002
17814.0,38.0,0.01456327736377716,0.0002
17815.0,38.0,0.017734277993440628,0.0002
17816.0,38.0,0.01602308079600334,0.0002
17817.0,38.0,0.013704059645533562,0.0002
17818.0,38.0,0.016549715772271156,0.0002
17819.0,38.0,0.014163024723529816,0.0002
17820.0,38.0,0.015135884284973145,0.0002
17821.0,38.0,0.01370817981660366,0.0002
17822.0,38.0,0.018054073676466942,0.0002
17823.0,38.0,0.010590721853077412,0.0002
17824.0,38.0,0.01594746857881546,0.0002
17825.0,38.0,0.01480542216449976,0.0002
17826.0,38.0,0.013915859162807465,0.0002
17827.0,38.0,0.014093056321144104,0.0002
17828.0,38.0,0.015297401696443558,0.0002
17829.0,38.0,0.014790431596338749,0.0002
17830.0,38.0,0.011499888263642788,0.0002
17831.0,38.0,0.014591822400689125,0.0002
17832.0,38.0,0.016841460019350052,0.0002
17833.0,38.0,0.010808383114635944,0.0002
17834.0,38.0,0.013748930767178535,0.0002
17835.0,38.0,0.015416612848639488,0.0002
17836.0,38.0,0.021047290414571762,0.0002
17837.0,38.0,0.01409287191927433,0.0002
17838.0,38.0,0.015705756843090057,0.0002
17839.0,38.0,0.01505349762737751,0.0002
17840.0,38.0,0.016978047788143158,0.0002
17841.0,38.0,0.01399926282465458,0.0002
17842.0,38.0,0.01579838991165161,0.0002
17843.0,38.0,0.012945130467414856,0.0002
17844.0,38.0,0.013034429401159286,0.0002
17845.0,38.0,0.01652996614575386,0.0002
17846.0,38.0,0.01566983386874199,0.0002
17847.0,38.0,0.01438956893980503,0.0002
17848.0,38.0,0.017384745180606842,0.0002
17849.0,38.0,0.01682519167661667,0.0002
17850.0,38.0,0.014794893562793732,0.0002
17851.0,38.0,0.01683579944074154,0.0002
17852.0,38.0,0.01049794815480709,0.0002
17853.0,38.0,0.013457953929901123,0.0002
17854.0,38.0,0.015897605568170547,0.0002
17855.0,38.0,0.017749253660440445,0.0002
17856.0,38.0,0.010239038616418839,0.0002
17857.0,38.0,0.01649768278002739,0.0002
17858.0,38.0,0.013974828645586967,0.0002
17859.0,38.0,0.012939809821546078,0.0002
17860.0,38.0,0.021203890442848206,0.0002
17861.0,38.0,0.012959458865225315,0.0002
17862.0,38.0,0.01635223999619484,0.0002
17863.0,38.0,0.012410437688231468,0.0002
17864.0,38.0,0.011977268382906914,0.0002
17865.0,38.0,0.01579468324780464,0.0002
17866.0,38.0,0.013568448834121227,0.0002
17867.0,38.0,0.01798088662326336,0.0002
17868.0,38.0,0.013034773990511894,0.0002
17869.0,38.0,0.015853503718972206,0.0002
17870.0,38.0,0.017087362706661224,0.0002
17871.0,38.0,0.015475673601031303,0.0002
17872.0,38.0,0.015119734220206738,0.0002
17873.0,38.0,0.01365608163177967,0.0002
17874.0,38.0,0.01254095695912838,0.0002
17875.0,38.0,0.015235677361488342,0.0002
17876.0,38.0,0.019233549013733864,0.0002
17877.0,38.0,0.01621815375983715,0.0002
17878.0,38.0,0.01716066151857376,0.0002
17879.0,38.0,0.016096225008368492,0.0002
17880.0,38.0,0.01645471155643463,0.0002
17881.0,38.0,0.017855484038591385,0.0002
17882.0,38.0,0.014232160523533821,0.0002
17883.0,38.0,0.013327169232070446,0.0002
17884.0,38.0,0.017506400123238564,0.0002
17885.0,38.0,0.013979258015751839,0.0002
17886.0,38.0,0.014024384319782257,0.0002
17887.0,38.0,0.014181021600961685,0.0002
17888.0,38.0,0.014942919835448265,0.0002
17889.0,38.0,0.017049862071871758,0.0002
17890.0,38.0,0.01620250754058361,0.0002
17891.0,38.0,0.01295751053839922,0.0002
17892.0,38.0,0.01743892952799797,0.0002
17893.0,38.0,0.012110114097595215,0.0002
17894.0,38.0,0.015105566941201687,0.0002
17895.0,38.0,0.015088989399373531,0.0002
17896.0,38.0,0.013159539550542831,0.0002
17897.0,38.0,0.01453467272222042,0.0002
17898.0,38.0,0.016367055475711823,0.0002
17899.0,38.0,0.01563970558345318,0.0002
17900.0,38.0,0.011223401874303818,0.0002
17901.0,38.0,0.01787840947508812,0.0002
17902.0,38.0,0.016828006133437157,0.0002
17903.0,38.0,0.013401897624135017,0.0002
17904.0,38.0,0.012050352059304714,0.0002
17905.0,38.0,0.015407988801598549,0.0002
17906.0,38.0,0.013831598684191704,0.0002
17907.0,38.0,0.014964967034757137,0.0002
17908.0,38.0,0.017919965088367462,0.0002
17909.0,38.0,0.01631941646337509,0.0002
17910.0,38.0,0.01571563258767128,0.0002
17911.0,38.0,0.01788809522986412,0.0002
17912.0,38.0,0.015961680561304092,0.0002
17913.0,38.0,0.0133452657610178,0.0002
17914.0,38.0,0.017353206872940063,0.0002
17915.0,38.0,0.013261090032756329,0.0002
17916.0,38.0,0.01591349020600319,0.0002
17917.0,38.0,0.014358410611748695,0.0002
17918.0,38.0,0.012872543185949326,0.0002
17919.0,38.0,0.016835689544677734,0.0002
17920.0,38.0,0.015988502651453018,0.0002
17921.0,38.0,0.016064677387475967,0.0002
17922.0,38.0,0.012878690846264362,0.0002
17923.0,38.0,0.012497907504439354,0.0002
17924.0,38.0,0.016572970896959305,0.0002
17925.0,38.0,0.016228679567575455,0.0002
17926.0,38.0,0.013463071547448635,0.0002
17927.0,38.0,0.017215795814990997,0.0002
17928.0,38.0,0.015558305196464062,0.0002
17929.0,38.0,0.013981015421450138,0.0002
17930.0,38.0,0.013127393089234829,0.0002
17931.0,38.0,0.014753943309187889,0.0002
17932.0,38.0,0.01596612110733986,0.0002
17933.0,38.0,0.01535562053322792,0.0002
17934.0,38.0,0.014684287831187248,0.0002
17935.0,38.0,0.018345845863223076,0.0002
17936.0,38.0,0.014865648001432419,0.0002
17937.0,38.0,0.0130931306630373,0.0002
17938.0,38.0,0.013466881588101387,0.0002
17939.0,38.0,0.017339374870061874,0.0002
17940.0,38.0,0.014508663676679134,0.0002
17941.0,38.0,0.014921535737812519,0.0002
17942.0,38.0,0.017589611932635307,0.0002
17943.0,38.0,0.014076151885092258,0.0002
17944.0,38.0,0.012259174138307571,0.0002
17945.0,38.0,0.013955190777778625,0.0002
17946.0,38.0,0.012355973944067955,0.0002
17947.0,38.0,0.016183624044060707,0.0002
17948.0,38.0,0.012622743844985962,0.0002
17949.0,38.0,0.014806123450398445,0.0002
17950.0,38.0,0.01843230426311493,0.0002
17951.0,38.0,0.014272879809141159,0.0002
17952.0,38.0,0.01779858209192753,0.0002
17953.0,38.0,0.01650705374777317,0.0002
17954.0,38.0,0.01342067215591669,0.0002
17955.0,38.0,0.017042849212884903,0.0002
17956.0,38.0,0.018025629222393036,0.0002
17957.0,38.0,0.01600067690014839,0.0002
17958.0,38.0,0.015169407241046429,0.0002
17959.0,38.0,0.01131985243409872,0.0002
17960.0,38.0,0.018547503277659416,0.0002
17961.0,38.0,0.012294931337237358,0.0002
17962.0,38.0,0.016471754759550095,0.0002
17963.0,38.0,0.01209812331944704,0.0002
17964.0,38.0,0.014613190665841103,0.0002
17965.0,38.0,0.016406722366809845,0.0002
17966.0,38.0,0.013975812122225761,0.0002
17967.0,38.0,0.014620045199990273,0.0002
17968.0,38.0,0.013302681967616081,0.0002
17969.0,38.0,0.015524638816714287,0.0002
17970.0,38.0,0.015048610046505928,0.0002
17971.0,38.0,0.01592959836125374,0.0002
17972.0,38.0,0.014626918360590935,0.0002
17973.0,38.0,0.01645049639046192,0.0002
17974.0,38.0,0.01590059883892536,0.0002
17975.0,38.0,0.016603469848632812,0.0002
17976.0,38.0,0.015534216538071632,0.0002
17977.0,38.0,0.013993453234434128,0.0002
17978.0,38.0,0.014244083315134048,0.0002
17979.0,38.0,0.018496857956051826,0.0002
17980.0,38.0,0.013349299319088459,0.0002
17981.0,38.0,0.014381462708115578,0.0002
17982.0,38.0,0.013255356810986996,0.0002
17983.0,38.0,0.014619347639381886,0.0002
17984.0,38.0,0.015557922422885895,0.0002
17985.0,38.0,0.015876755118370056,0.0002
17986.0,38.0,0.017485514283180237,0.0002
17987.0,38.0,0.013577308505773544,0.0002
17988.0,38.0,0.015393572859466076,0.0002
17989.0,38.0,0.017941927537322044,0.0002
17990.0,38.0,0.013981216587126255,0.0002
17991.0,38.0,0.014154421165585518,0.0002
17992.0,38.0,0.016795679926872253,0.0002
17993.0,38.0,0.015139956027269363,0.0002
17994.0,38.0,0.01444428414106369,0.0002
17995.0,38.0,0.012743351981043816,0.0002
17996.0,38.0,0.01274621021002531,0.0002
17997.0,38.0,0.016919981688261032,0.0002
17998.0,38.0,0.012420522049069405,0.0002
17999.0,38.0,0.01321905106306076,0.0002
18000.0,38.0,0.014443507418036461,0.0002
18001.0,38.0,0.016083568334579468,0.0002
18002.0,38.0,0.014349542558193207,0.0002
18003.0,38.0,0.015257530845701694,0.0002
18004.0,38.0,0.014361664652824402,0.0002
18005.0,38.0,0.01667160913348198,0.0002
18006.0,38.0,0.012765847146511078,0.0002
18007.0,38.0,0.01486608199775219,0.0002
18008.0,38.0,0.014280078932642937,0.0002
18009.0,38.0,0.013706596568226814,0.0002
18010.0,38.0,0.017647067084908485,0.0002
18011.0,38.0,0.011178893968462944,0.0002
18012.0,38.0,0.018615711480379105,0.0002
18013.0,38.0,0.011482040397822857,0.0002
18014.0,38.0,0.011689726263284683,0.0002
18015.0,38.0,0.01544476579874754,0.0002
18016.0,38.0,0.015225758776068687,0.0002
18017.0,38.0,0.012205492705106735,0.0002
18018.0,38.0,0.01595182716846466,0.0002
18019.0,38.0,0.01679084450006485,0.0002
18020.0,38.0,0.016482489183545113,0.0002
18021.0,38.0,0.01961752399802208,0.0002
18022.0,38.0,0.015984302386641502,0.0002
18023.0,38.0,0.012734804302453995,0.0002
18024.0,38.0,0.01453043520450592,0.0002
18025.0,38.0,0.015369311906397343,0.0002
18026.0,38.0,0.01884176954627037,0.0002
18027.0,38.0,0.015087487176060677,0.0002
18028.0,38.0,0.01689489185810089,0.0002
18029.0,38.0,0.01638241857290268,0.0002
18030.0,38.0,0.017050858587026596,0.0002
18031.0,38.0,0.012539805844426155,0.0002
18032.0,38.0,0.013273125514388084,0.0002
18033.0,38.0,0.014105664566159248,0.0002
18034.0,38.0,0.014838816598057747,0.0002
18035.0,38.0,0.014741994440555573,0.0002
18036.0,38.0,0.012953019700944424,0.0002
18037.0,38.0,0.010856404900550842,0.0002
18038.0,38.0,0.01956873945891857,0.0002
18039.0,38.0,0.014755921438336372,0.0002
18040.0,38.0,0.01682908460497856,0.0002
18041.0,38.0,0.015964720398187637,0.0002
18042.0,38.0,0.020481478422880173,0.0002
18043.0,38.0,0.016259239986538887,0.0002
18044.0,38.0,0.015720250084996223,0.0002
18045.0,38.0,0.013682398945093155,0.0002
18046.0,38.0,0.013674605637788773,0.0002
18047.0,38.0,0.018736843019723892,0.0002
18048.0,38.0,0.013679522089660168,0.0002
18049.0,38.0,0.012172040529549122,0.0002
18050.0,38.0,0.01529343705624342,0.0002
18051.0,38.0,0.019859233871102333,0.0002
18052.0,38.0,0.016702814027667046,0.0002
18053.0,38.0,0.015521951019763947,0.0002
18054.0,38.0,0.013232261873781681,0.0002
18055.0,38.0,0.01952388696372509,0.0002
18056.0,38.0,0.017666738480329514,0.0002
18057.0,38.0,0.01985044963657856,0.0002
18058.0,38.0,0.016163982450962067,0.0002
18059.0,38.0,0.01766236685216427,0.0002
18060.0,38.0,0.018166325986385345,0.0002
18061.0,38.0,0.014302318915724754,0.0002
18062.0,38.0,0.015439323149621487,0.0002
18063.0,38.0,0.012192822992801666,0.0002
18064.0,38.0,0.013588646426796913,0.0002
18065.0,38.0,0.014368606731295586,0.0002
18066.0,38.0,0.015524390153586864,0.0002
18067.0,38.0,0.011696087196469307,0.0002
18068.0,38.0,0.01566263660788536,0.0002
18069.0,38.0,0.013173863291740417,0.0002
18070.0,38.0,0.015791624784469604,0.0002
18071.0,38.0,0.014486485160887241,0.0002
18072.0,38.0,0.015998512506484985,0.0002
18073.0,38.0,0.013915838673710823,0.0002
18074.0,38.0,0.013652876950800419,0.0002
18075.0,38.0,0.014237307012081146,0.0002
18076.0,38.0,0.014514194801449776,0.0002
18077.0,38.0,0.01661069691181183,0.0002
18078.0,38.0,0.016618192195892334,0.0002
18079.0,38.0,0.014513816684484482,0.0002
18080.0,38.0,0.013775082305073738,0.0002
18081.0,38.0,0.017983846366405487,0.0002
18082.0,38.0,0.017838114872574806,0.0002
18083.0,38.0,0.014497701078653336,0.0002
18084.0,38.0,0.014010937884449959,0.0002
18085.0,38.0,0.015751570463180542,0.0002
18086.0,38.0,0.01636163331568241,0.0002
18087.0,38.0,0.013394711539149284,0.0002
18088.0,38.0,0.0175657719373703,0.0002
18089.0,38.0,0.014193461276590824,0.0002
18090.0,38.0,0.013843710534274578,0.0002
18091.0,38.0,0.016378939151763916,0.0002
18092.0,38.0,0.012048885226249695,0.0002
18093.0,38.0,0.014291474595665932,0.0002
18094.0,38.0,0.016170455142855644,0.0002
18095.0,38.0,0.016096893697977066,0.0002
18096.0,38.0,0.014977224171161652,0.0002
18097.0,38.0,0.010956590995192528,0.0002
18098.0,38.0,0.018597658723592758,0.0002
18099.0,38.0,0.015632111579179764,0.0002
18100.0,38.0,0.014588361606001854,0.0002
18101.0,38.0,0.018112076446413994,0.0002
18102.0,38.0,0.016599657014012337,0.0002
18103.0,38.0,0.01439698040485382,0.0002
18104.0,38.0,0.013792306184768677,0.0002
18105.0,38.0,0.014234894886612892,0.0002
18106.0,38.0,0.01409933716058731,0.0002
18107.0,38.0,0.01295547466725111,0.0002
18108.0,38.0,0.014060420915484428,0.0002
18109.0,38.0,0.015238026157021523,0.0002
18110.0,38.0,0.016071852296590805,0.0002
18111.0,38.0,0.012073922902345657,0.0002
18112.0,38.0,0.017129797488451004,0.0002
18113.0,38.0,0.016758330166339874,0.0002
18114.0,38.0,0.015344984829425812,0.0002
18115.0,38.0,0.01179245300590992,0.0002
18116.0,38.0,0.013593882322311401,0.0002
18117.0,38.0,0.013910675421357155,0.0002
18118.0,38.0,0.016602277755737305,0.0002
18119.0,38.0,0.017105501145124435,0.0002
18120.0,38.0,0.014478272758424282,0.0002
18121.0,38.0,0.01653941534459591,0.0002
18122.0,38.0,0.011746056377887726,0.0002
18123.0,38.0,0.013256693258881569,0.0002
18124.0,38.0,0.014850178733468056,0.0002
18125.0,38.0,0.013686208985745907,0.0002
18126.0,38.0,0.015526428818702698,0.0002
18127.0,38.0,0.015710273757576942,0.0002
18128.0,38.0,0.01574130542576313,0.0002
18129.0,38.0,0.012733211740851402,0.0002
18130.0,38.0,0.013383121229708195,0.0002
18131.0,38.0,0.016938673332333565,0.0002
18132.0,38.0,0.01694854348897934,0.0002
18133.0,38.0,0.015481924638152122,0.0002
18134.0,38.0,0.013594070449471474,0.0002
18135.0,38.0,0.01689464971423149,0.0002
18136.0,38.0,0.014414465054869652,0.0002
18137.0,38.0,0.01670321263372898,0.0002
18138.0,38.0,0.018427427858114243,0.0002
18139.0,38.0,0.013174820691347122,0.0002
18140.0,38.0,0.01761661469936371,0.0002
18141.0,38.0,0.015121442265808582,0.0002
18142.0,38.0,0.013768648728728294,0.0002
18143.0,38.0,0.015073968097567558,0.0002
18144.0,38.0,0.013892987743020058,0.0002
18145.0,38.0,0.017663078382611275,0.0002
18146.0,38.0,0.01686801016330719,0.0002
18147.0,38.0,0.014753947965800762,0.0002
18148.0,38.0,0.019523385912179947,0.0002
18149.0,38.0,0.020007777959108353,0.0002
18150.0,38.0,0.017321880906820297,0.0002
18151.0,38.0,0.01169934868812561,0.0002
18152.0,38.0,0.01593019813299179,0.0002
18153.0,38.0,0.01347140409052372,0.0002
18154.0,38.0,0.014771807007491589,0.0002
18155.0,38.0,0.015354602597653866,0.0002
18156.0,38.0,0.01231171190738678,0.0002
18157.0,38.0,0.017907485365867615,0.0002
18158.0,38.0,0.010582979768514633,0.0002
18159.0,38.0,0.016145285218954086,0.0002
18160.0,38.0,0.016029953956604004,0.0002
18161.0,38.0,0.014003979042172432,0.0002
18162.0,38.0,0.01763656549155712,0.0002
18163.0,38.0,0.015865633264183998,0.0002
18164.0,38.0,0.015071270056068897,0.0002
18165.0,38.0,0.01593143865466118,0.0002
18166.0,38.0,0.01671774312853813,0.0002
18167.0,38.0,0.017992671579122543,0.0002
18168.0,38.0,0.013311482965946198,0.0002
18169.0,38.0,0.014428501948714256,0.0002
18170.0,38.0,0.01562302652746439,0.0002
18171.0,38.0,0.015660153701901436,0.0002
18172.0,38.0,0.014035345986485481,0.0002
18173.0,38.0,0.016190659254789352,0.0002
18174.0,38.0,0.012618775479495525,0.0002
18175.0,38.0,0.017085736617445946,0.0002
18176.0,38.0,0.011020993813872337,0.0002
18177.0,38.0,0.015375078655779362,0.0002
18178.0,38.0,0.0148682352155447,0.0002
18179.0,38.0,0.012758538126945496,0.0002
18180.0,38.0,0.014187058433890343,0.0002
18181.0,38.0,0.01531294360756874,0.0002
18182.0,38.0,0.018064964562654495,0.0002
18183.0,38.0,0.014888424426317215,0.0002
18184.0,38.0,0.014148681424558163,0.0002
18185.0,38.0,0.0151468301191926,0.0002
18186.0,38.0,0.012894511222839355,0.0002
18187.0,38.0,0.013137937523424625,0.0002
18188.0,38.0,0.014798839576542377,0.0002
18189.0,38.0,0.015935661271214485,0.0002
18190.0,38.0,0.017335381358861923,0.0002
18191.0,38.0,0.01304138544946909,0.0002
18192.0,38.0,0.013726931065320969,0.0002
18193.0,38.0,0.01485726609826088,0.0002
18194.0,38.0,0.014058799482882023,0.0002
18195.0,38.0,0.01614030823111534,0.0002
18196.0,38.0,0.013433290645480156,0.0002
18197.0,38.0,0.013685005716979504,0.0002
18198.0,38.0,0.01306266337633133,0.0002
18199.0,38.0,0.017565861344337463,0.0002
18200.0,38.0,0.014760125428438187,0.0002
18201.0,38.0,0.016952333971858025,0.0002
18202.0,38.0,0.018467918038368225,0.0002
18203.0,38.0,0.013540444895625114,0.0002
18204.0,38.0,0.013064182363450527,0.0002
18205.0,38.0,0.014399584382772446,0.0002
18206.0,38.0,0.014879953116178513,0.0002
18207.0,38.0,0.013237285427749157,0.0002
18208.0,38.0,0.015309901908040047,0.0002
18209.0,38.0,0.013182280585169792,0.0002
18210.0,38.0,0.01558355987071991,0.0002
18211.0,38.0,0.014628160744905472,0.0002
18212.0,38.0,0.016281485557556152,0.0002
18213.0,38.0,0.011953074485063553,0.0002
18214.0,38.0,0.01401706226170063,0.0002
18215.0,38.0,0.015024056658148766,0.0002
18216.0,38.0,0.017235051840543747,0.0002
18217.0,38.0,0.015755798667669296,0.0002
18218.0,38.0,0.013177821412682533,0.0002
18219.0,38.0,0.01797482743859291,0.0002
18220.0,38.0,0.013484037481248379,0.0002
18221.0,38.0,0.015347707085311413,0.0002
18222.0,38.0,0.014788211323320866,0.0002
18223.0,38.0,0.014095403254032135,0.0002
18224.0,38.0,0.013467000797390938,0.0002
18225.0,38.0,0.015299449674785137,0.0002
18226.0,38.0,0.013396874070167542,0.0002
18227.0,38.0,0.01637309044599533,0.0002
18228.0,38.0,0.017486009746789932,0.0002
18229.0,38.0,0.0177014097571373,0.0002
18230.0,38.0,0.015072556212544441,0.0002
18231.0,38.0,0.014814727008342743,0.0002
18232.0,38.0,0.0178219024091959,0.0002
18233.0,38.0,0.012880124151706696,0.0002
18234.0,38.0,0.011599681340157986,0.0002
18235.0,38.0,0.014930469915270805,0.0002
18236.0,38.0,0.01452566310763359,0.0002
18237.0,38.0,0.01569102331995964,0.0002
18238.0,38.0,0.011202934198081493,0.0002
18239.0,38.0,0.012017684057354927,0.0002
18240.0,38.0,0.013974618166685104,0.0002
18241.0,38.0,0.011642125435173512,0.0002
18242.0,38.0,0.018079521134495735,0.0002
18243.0,38.0,0.013571633026003838,0.0002
18244.0,38.0,0.012614302337169647,0.0002
18245.0,38.0,0.015497507527470589,0.0002
18246.0,38.0,0.015180266462266445,0.0002
18247.0,38.0,0.016607433557510376,0.0002
18248.0,38.0,0.012861414812505245,0.0002
18249.0,38.0,0.014080537483096123,0.0002
18250.0,38.0,0.016990214586257935,0.0002
18251.0,38.0,0.011863460764288902,0.0002
18252.0,38.0,0.015333404764533043,0.0002
18253.0,39.0,0.012753746472299099,0.0002
18254.0,39.0,0.013517512008547783,0.0002
18255.0,39.0,0.01496078260242939,0.0002
18256.0,39.0,0.014934903010725975,0.0002
18257.0,39.0,0.018727846443653107,0.0002
18258.0,39.0,0.01498337835073471,0.0002
18259.0,39.0,0.012461616657674313,0.0002
18260.0,39.0,0.014598160050809383,0.0002
18261.0,39.0,0.013864238746464252,0.0002
18262.0,39.0,0.013701410964131355,0.0002
18263.0,39.0,0.014153537340462208,0.0002
18264.0,39.0,0.01592663861811161,0.0002
18265.0,39.0,0.01569545641541481,0.0002
18266.0,39.0,0.014883956871926785,0.0002
18267.0,39.0,0.016236063092947006,0.0002
18268.0,39.0,0.01574503257870674,0.0002
18269.0,39.0,0.012554297223687172,0.0002
18270.0,39.0,0.01459997333586216,0.0002
18271.0,39.0,0.010693144053220749,0.0002
18272.0,39.0,0.018168453127145767,0.0002
18273.0,39.0,0.013139622285962105,0.0002
18274.0,39.0,0.01109143067151308,0.0002
18275.0,39.0,0.014699221588671207,0.0002
18276.0,39.0,0.012765444815158844,0.0002
18277.0,39.0,0.01580709032714367,0.0002
18278.0,39.0,0.014507163316011429,0.0002
18279.0,39.0,0.016538269817829132,0.0002
18280.0,39.0,0.016089461743831635,0.0002
18281.0,39.0,0.012783885933458805,0.0002
18282.0,39.0,0.012476140633225441,0.0002
18283.0,39.0,0.01711225137114525,0.0002
18284.0,39.0,0.013749461621046066,0.0002
18285.0,39.0,0.017470568418502808,0.0002
18286.0,39.0,0.013498730957508087,0.0002
18287.0,39.0,0.012321632355451584,0.0002
18288.0,39.0,0.013390732929110527,0.0002
18289.0,39.0,0.013832040131092072,0.0002
18290.0,39.0,0.01488172821700573,0.0002
18291.0,39.0,0.0141745675355196,0.0002
18292.0,39.0,0.014702587388455868,0.0002
18293.0,39.0,0.01623500883579254,0.0002
18294.0,39.0,0.014629798009991646,0.0002
18295.0,39.0,0.01299984473735094,0.0002
18296.0,39.0,0.015383831225335598,0.0002
18297.0,39.0,0.014302058145403862,0.0002
18298.0,39.0,0.014449423179030418,0.0002
18299.0,39.0,0.01146711315959692,0.0002
18300.0,39.0,0.016917074099183083,0.0002
18301.0,39.0,0.015122788958251476,0.0002
18302.0,39.0,0.015382980927824974,0.0002
18303.0,39.0,0.017421187832951546,0.0002
18304.0,39.0,0.014995619654655457,0.0002
18305.0,39.0,0.017925722524523735,0.0002
18306.0,39.0,0.013434171676635742,0.0002
18307.0,39.0,0.016239330172538757,0.0002
18308.0,39.0,0.013164260424673557,0.0002
18309.0,39.0,0.013700692914426327,0.0002
18310.0,39.0,0.015917133539915085,0.0002
18311.0,39.0,0.014032159000635147,0.0002
18312.0,39.0,0.01735241897404194,0.0002
18313.0,39.0,0.016468755900859833,0.0002
18314.0,39.0,0.01372733898460865,0.0002
18315.0,39.0,0.015596030279994011,0.0002
18316.0,39.0,0.013159858994185925,0.0002
18317.0,39.0,0.016964949667453766,0.0002
18318.0,39.0,0.013606983236968517,0.0002
18319.0,39.0,0.01662040501832962,0.0002
18320.0,39.0,0.015255090780556202,0.0002
18321.0,39.0,0.01192433200776577,0.0002
18322.0,39.0,0.01425684429705143,0.0002
18323.0,39.0,0.017849519848823547,0.0002
18324.0,39.0,0.013852216303348541,0.0002
18325.0,39.0,0.01540483720600605,0.0002
18326.0,39.0,0.01374492421746254,0.0002
18327.0,39.0,0.014702309854328632,0.0002
18328.0,39.0,0.010392474010586739,0.0002
18329.0,39.0,0.015735173597931862,0.0002
18330.0,39.0,0.014093943871557713,0.0002
18331.0,39.0,0.014078336767852306,0.0002
18332.0,39.0,0.014460630714893341,0.0002
18333.0,39.0,0.015163608826696873,0.0002
18334.0,39.0,0.011779834516346455,0.0002
18335.0,39.0,0.019414011389017105,0.0002
18336.0,39.0,0.01575673744082451,0.0002
18337.0,39.0,0.01322212815284729,0.0002
18338.0,39.0,0.014977519400417805,0.0002
18339.0,39.0,0.013738865032792091,0.0002
18340.0,39.0,0.014320055022835732,0.0002
18341.0,39.0,0.013503408059477806,0.0002
18342.0,39.0,0.016605541110038757,0.0002
18343.0,39.0,0.015086585655808449,0.0002
18344.0,39.0,0.018116917461156845,0.0002
18345.0,39.0,0.016296591609716415,0.0002
18346.0,39.0,0.01268574595451355,0.0002
18347.0,39.0,0.014973863027989864,0.0002
18348.0,39.0,0.011898042634129524,0.0002
18349.0,39.0,0.013872587122023106,0.0002
18350.0,39.0,0.011706606484949589,0.0002
18351.0,39.0,0.018840592354536057,0.0002
18352.0,39.0,0.013069544918835163,0.0002
18353.0,39.0,0.012635976076126099,0.0002
18354.0,39.0,0.01581379771232605,0.0002
18355.0,39.0,0.013195030391216278,0.0002
18356.0,39.0,0.013073733076453209,0.0002
18357.0,39.0,0.015918545424938202,0.0002
18358.0,39.0,0.01618465594947338,0.0002
18359.0,39.0,0.016978759318590164,0.0002
18360.0,39.0,0.0159784983843565,0.0002
18361.0,39.0,0.012119073420763016,0.0002
18362.0,39.0,0.018649710342288017,0.0002
18363.0,39.0,0.013228993862867355,0.0002
18364.0,39.0,0.015832941979169846,0.0002
18365.0,39.0,0.014631099998950958,0.0002
18366.0,39.0,0.016106588765978813,0.0002
18367.0,39.0,0.016237659379839897,0.0002
18368.0,39.0,0.012727361172437668,0.0002
18369.0,39.0,0.016027450561523438,0.0002
18370.0,39.0,0.014251817017793655,0.0002
18371.0,39.0,0.01244422048330307,0.0002
18372.0,39.0,0.012524334713816643,0.0002
18373.0,39.0,0.014240935444831848,0.0002
18374.0,39.0,0.015548160299658775,0.0002
18375.0,39.0,0.01596013456583023,0.0002
18376.0,39.0,0.014306309632956982,0.0002
18377.0,39.0,0.015120560303330421,0.0002
18378.0,39.0,0.014114685356616974,0.0002
18379.0,39.0,0.012130019254982471,0.0002
18380.0,39.0,0.01668909750878811,0.0002
18381.0,39.0,0.014506468549370766,0.0002
18382.0,39.0,0.01593686453998089,0.0002
18383.0,39.0,0.015690935775637627,0.0002
18384.0,39.0,0.016370300203561783,0.0002
18385.0,39.0,0.013869121670722961,0.0002
18386.0,39.0,0.019647369161248207,0.0002
18387.0,39.0,0.017098721116781235,0.0002
18388.0,39.0,0.015632417052984238,0.0002
18389.0,39.0,0.013566023670136929,0.0002
18390.0,39.0,0.01673039421439171,0.0002
18391.0,39.0,0.01753171533346176,0.0002
18392.0,39.0,0.016081999987363815,0.0002
18393.0,39.0,0.018916526809334755,0.0002
18394.0,39.0,0.01713688299059868,0.0002
18395.0,39.0,0.014313671737909317,0.0002
18396.0,39.0,0.012692224234342575,0.0002
18397.0,39.0,0.015398360788822174,0.0002
18398.0,39.0,0.014164053834974766,0.0002
18399.0,39.0,0.014966115355491638,0.0002
18400.0,39.0,0.014595125801861286,0.0002
18401.0,39.0,0.012607155367732048,0.0002
18402.0,39.0,0.01678064465522766,0.0002
18403.0,39.0,0.01960344985127449,0.0002
18404.0,39.0,0.014590544626116753,0.0002
18405.0,39.0,0.017021575942635536,0.0002
18406.0,39.0,0.015032920986413956,0.0002
18407.0,39.0,0.016319476068019867,0.0002
18408.0,39.0,0.015248570591211319,0.0002
18409.0,39.0,0.016755597665905952,0.0002
18410.0,39.0,0.015318668447434902,0.0002
18411.0,39.0,0.01413954421877861,0.0002
18412.0,39.0,0.01097507867962122,0.0002
18413.0,39.0,0.014137426391243935,0.0002
18414.0,39.0,0.011549288406968117,0.0002
18415.0,39.0,0.013243090361356735,0.0002
18416.0,39.0,0.01811899244785309,0.0002
18417.0,39.0,0.012784388847649097,0.0002
18418.0,39.0,0.01369160134345293,0.0002
18419.0,39.0,0.01627071015536785,0.0002
18420.0,39.0,0.013169297017157078,0.0002
18421.0,39.0,0.013377335853874683,0.0002
18422.0,39.0,0.015236719511449337,0.0002
18423.0,39.0,0.013940305449068546,0.0002
18424.0,39.0,0.017747431993484497,0.0002
18425.0,39.0,0.016324806958436966,0.0002
18426.0,39.0,0.012636477127671242,0.0002
18427.0,39.0,0.011934684589505196,0.0002
18428.0,39.0,0.013003157451748848,0.0002
18429.0,39.0,0.01321345940232277,0.0002
18430.0,39.0,0.013760624453425407,0.0002
18431.0,39.0,0.014694580808281898,0.0002
18432.0,39.0,0.01587173342704773,0.0002
18433.0,39.0,0.013861915096640587,0.0002
18434.0,39.0,0.015498763881623745,0.0002
18435.0,39.0,0.016716107726097107,0.0002
18436.0,39.0,0.014937699772417545,0.0002
18437.0,39.0,0.014237606897950172,0.0002
18438.0,39.0,0.013955775648355484,0.0002
18439.0,39.0,0.011915042996406555,0.0002
18440.0,39.0,0.012671162374317646,0.0002
18441.0,39.0,0.01838165707886219,0.0002
18442.0,39.0,0.019912883639335632,0.0002
18443.0,39.0,0.014840235002338886,0.0002
18444.0,39.0,0.013215534389019012,0.0002
18445.0,39.0,0.015198864042758942,0.0002
18446.0,39.0,0.014725147746503353,0.0002
18447.0,39.0,0.01721850410103798,0.0002
18448.0,39.0,0.019082389771938324,0.0002
18449.0,39.0,0.012803394347429276,0.0002
18450.0,39.0,0.015673495829105377,0.0002
18451.0,39.0,0.017154410481452942,0.0002
18452.0,39.0,0.016009584069252014,0.0002
18453.0,39.0,0.016311556100845337,0.0002
18454.0,39.0,0.017174039036035538,0.0002
18455.0,39.0,0.013494407758116722,0.0002
18456.0,39.0,0.014798720367252827,0.0002
18457.0,39.0,0.016286125406622887,0.0002
18458.0,39.0,0.01479679811745882,0.0002
18459.0,39.0,0.013570155948400497,0.0002
18460.0,39.0,0.014039065688848495,0.0002
18461.0,39.0,0.0191943421959877,0.0002
18462.0,39.0,0.01723153330385685,0.0002
18463.0,39.0,0.014834824949502945,0.0002
18464.0,39.0,0.017103802412748337,0.0002
18465.0,39.0,0.012682364322245121,0.0002
18466.0,39.0,0.013557475060224533,0.0002
18467.0,39.0,0.015294124372303486,0.0002
18468.0,39.0,0.014939973130822182,0.0002
18469.0,39.0,0.014988087117671967,0.0002
18470.0,39.0,0.015714146196842194,0.0002
18471.0,39.0,0.01682891510426998,0.0002
18472.0,39.0,0.012679524719715118,0.0002
18473.0,39.0,0.013124117627739906,0.0002
18474.0,39.0,0.014501340687274933,0.0002
18475.0,39.0,0.01730131357908249,0.0002
18476.0,39.0,0.015721268951892853,0.0002
18477.0,39.0,0.01367022842168808,0.0002
18478.0,39.0,0.01515926979482174,0.0002
18479.0,39.0,0.01859193667769432,0.0002
18480.0,39.0,0.01466276589781046,0.0002
18481.0,39.0,0.013571370393037796,0.0002
18482.0,39.0,0.01156335324048996,0.0002
18483.0,39.0,0.013412585482001305,0.0002
18484.0,39.0,0.01496286503970623,0.0002
18485.0,39.0,0.016061000525951385,0.0002
18486.0,39.0,0.012518435716629028,0.0002
18487.0,39.0,0.01631779968738556,0.0002
18488.0,39.0,0.014106528833508492,0.0002
18489.0,39.0,0.016912151128053665,0.0002
18490.0,39.0,0.01176606398075819,0.0002
18491.0,39.0,0.012746276333928108,0.0002
18492.0,39.0,0.0136681217700243,0.0002
18493.0,39.0,0.017060060054063797,0.0002
18494.0,39.0,0.012732697650790215,0.0002
18495.0,39.0,0.014584077522158623,0.0002
18496.0,39.0,0.010994658805429935,0.0002
18497.0,39.0,0.01727614738047123,0.0002
18498.0,39.0,0.016358695924282074,0.0002
18499.0,39.0,0.014120161533355713,0.0002
18500.0,39.0,0.01551838219165802,0.0002
18501.0,39.0,0.01696433126926422,0.0002
18502.0,39.0,0.013474212028086185,0.0002
18503.0,39.0,0.015026409178972244,0.0002
18504.0,39.0,0.014319132082164288,0.0002
18505.0,39.0,0.014935892075300217,0.0002
18506.0,39.0,0.01491306722164154,0.0002
18507.0,39.0,0.014192025177180767,0.0002
18508.0,39.0,0.015353630296885967,0.0002
18509.0,39.0,0.015135737136006355,0.0002
18510.0,39.0,0.014998557046055794,0.0002
18511.0,39.0,0.015368875116109848,0.0002
18512.0,39.0,0.018791528418660164,0.0002
18513.0,39.0,0.01132454164326191,0.0002
18514.0,39.0,0.014983714558184147,0.0002
18515.0,39.0,0.012519185431301594,0.0002
18516.0,39.0,0.015813041478395462,0.0002
18517.0,39.0,0.018983615562319756,0.0002
18518.0,39.0,0.013619905337691307,0.0002
18519.0,39.0,0.014883377589285374,0.0002
18520.0,39.0,0.014590056613087654,0.0002
18521.0,39.0,0.013766247779130936,0.0002
18522.0,39.0,0.014288793317973614,0.0002
18523.0,39.0,0.014070678502321243,0.0002
18524.0,39.0,0.011915378272533417,0.0002
18525.0,39.0,0.014766594395041466,0.0002
18526.0,39.0,0.014684733934700489,0.0002
18527.0,39.0,0.015996867790818214,0.0002
18528.0,39.0,0.016467221081256866,0.0002
18529.0,39.0,0.0164707750082016,0.0002
18530.0,39.0,0.012763099744915962,0.0002
18531.0,39.0,0.016220809891819954,0.0002
18532.0,39.0,0.01932019554078579,0.0002
18533.0,39.0,0.019366256892681122,0.0002
18534.0,39.0,0.014845491386950016,0.0002
18535.0,39.0,0.013735396787524223,0.0002
18536.0,39.0,0.019429784268140793,0.0002
18537.0,39.0,0.014364024624228477,0.0002
18538.0,39.0,0.015554837882518768,0.0002
18539.0,39.0,0.014163501560688019,0.0002
18540.0,39.0,0.017655981704592705,0.0002
18541.0,39.0,0.01279076375067234,0.0002
18542.0,39.0,0.018413934856653214,0.0002
18543.0,39.0,0.016022011637687683,0.0002
18544.0,39.0,0.012946752831339836,0.0002
18545.0,39.0,0.01334802620112896,0.0002
18546.0,39.0,0.01192442886531353,0.0002
18547.0,39.0,0.016145676374435425,0.0002
18548.0,39.0,0.01565193012356758,0.0002
18549.0,39.0,0.013103121891617775,0.0002
18550.0,39.0,0.018403826281428337,0.0002
18551.0,39.0,0.015588153153657913,0.0002
18552.0,39.0,0.014205137267708778,0.0002
18553.0,39.0,0.0145460469648242,0.0002
18554.0,39.0,0.01542056817561388,0.0002
18555.0,39.0,0.016005415469408035,0.0002
18556.0,39.0,0.014704514294862747,0.0002
18557.0,39.0,0.01616533286869526,0.0002
18558.0,39.0,0.01381633710116148,0.0002
18559.0,39.0,0.014972980134189129,0.0002
18560.0,39.0,0.014058618806302547,0.0002
18561.0,39.0,0.013224277645349503,0.0002
18562.0,39.0,0.01891796849668026,0.0002
18563.0,39.0,0.015015341341495514,0.0002
18564.0,39.0,0.014609713107347488,0.0002
18565.0,39.0,0.01620545983314514,0.0002
18566.0,39.0,0.017181331291794777,0.0002
18567.0,39.0,0.013154730200767517,0.0002
18568.0,39.0,0.015353210270404816,0.0002
18569.0,39.0,0.014203041791915894,0.0002
18570.0,39.0,0.015579739585518837,0.0002
18571.0,39.0,0.016388453543186188,0.0002
18572.0,39.0,0.017969628795981407,0.0002
18573.0,39.0,0.014993474818766117,0.0002
18574.0,39.0,0.015434990637004375,0.0002
18575.0,39.0,0.01640753448009491,0.0002
18576.0,39.0,0.017558444291353226,0.0002
18577.0,39.0,0.017932137474417686,0.0002
18578.0,39.0,0.013211427256464958,0.0002
18579.0,39.0,0.013392934575676918,0.0002
18580.0,39.0,0.014287617057561874,0.0002
18581.0,39.0,0.016538070514798164,0.0002
18582.0,39.0,0.013205209746956825,0.0002
18583.0,39.0,0.01715974323451519,0.0002
18584.0,39.0,0.015573738142848015,0.0002
18585.0,39.0,0.016774460673332214,0.0002
18586.0,39.0,0.013423006981611252,0.0002
18587.0,39.0,0.017794325947761536,0.0002
18588.0,39.0,0.011757129803299904,0.0002
18589.0,39.0,0.013952108100056648,0.0002
18590.0,39.0,0.014324226416647434,0.0002
18591.0,39.0,0.015852877870202065,0.0002
18592.0,39.0,0.015790928155183792,0.0002
18593.0,39.0,0.013144154101610184,0.0002
18594.0,39.0,0.014372983947396278,0.0002
18595.0,39.0,0.015455440618097782,0.0002
18596.0,39.0,0.017207009717822075,0.0002
18597.0,39.0,0.013849742710590363,0.0002
18598.0,39.0,0.014230774715542793,0.0002
18599.0,39.0,0.013720111921429634,0.0002
18600.0,39.0,0.015519816428422928,0.0002
18601.0,39.0,0.01425967924296856,0.0002
18602.0,39.0,0.014427699148654938,0.0002
18603.0,39.0,0.012673994526267052,0.0002
18604.0,39.0,0.01733945868909359,0.0002
18605.0,39.0,0.012049025855958462,0.0002
18606.0,39.0,0.019357526674866676,0.0002
18607.0,39.0,0.0150686614215374,0.0002
18608.0,39.0,0.016944359987974167,0.0002
18609.0,39.0,0.013541942462325096,0.0002
18610.0,39.0,0.014321031048893929,0.0002
18611.0,39.0,0.015033366158604622,0.0002
18612.0,39.0,0.013491654768586159,0.0002
18613.0,39.0,0.013061903417110443,0.0002
18614.0,39.0,0.01737115904688835,0.0002
18615.0,39.0,0.013816362246870995,0.0002
18616.0,39.0,0.014525470323860645,0.0002
18617.0,39.0,0.014995005913078785,0.0002
18618.0,39.0,0.013839037157595158,0.0002
18619.0,39.0,0.018169846385717392,0.0002
18620.0,39.0,0.012729332782328129,0.0002
18621.0,39.0,0.015829099342226982,0.0002
18622.0,39.0,0.01351579837501049,0.0002
18623.0,39.0,0.012599429115653038,0.0002
18624.0,39.0,0.017652953043580055,0.0002
18625.0,39.0,0.013162640854716301,0.0002
18626.0,39.0,0.015547556802630424,0.0002
18627.0,39.0,0.010302430018782616,0.0002
18628.0,39.0,0.014784438535571098,0.0002
18629.0,39.0,0.01920687034726143,0.0002
18630.0,39.0,0.011991896666586399,0.0002
18631.0,39.0,0.012477708049118519,0.0002
18632.0,39.0,0.015184085816144943,0.0002
18633.0,39.0,0.013654278591275215,0.0002
18634.0,39.0,0.015893112868070602,0.0002
18635.0,39.0,0.01377878524363041,0.0002
18636.0,39.0,0.013304289430379868,0.0002
18637.0,39.0,0.014159223064780235,0.0002
18638.0,39.0,0.01892251893877983,0.0002
18639.0,39.0,0.01004334818571806,0.0002
18640.0,39.0,0.01832609251141548,0.0002
18641.0,39.0,0.012519964016973972,0.0002
18642.0,39.0,0.016271090134978294,0.0002
18643.0,39.0,0.01672433502972126,0.0002
18644.0,39.0,0.014785153791308403,0.0002
18645.0,39.0,0.013809267431497574,0.0002
18646.0,39.0,0.015131575986742973,0.0002
18647.0,39.0,0.019094519317150116,0.0002
18648.0,39.0,0.01664569042623043,0.0002
18649.0,39.0,0.01290220022201538,0.0002
18650.0,39.0,0.011685773730278015,0.0002
18651.0,39.0,0.014964396134018898,0.0002
18652.0,39.0,0.013897586613893509,0.0002
18653.0,39.0,0.014865444973111153,0.0002
18654.0,39.0,0.015989702194929123,0.0002
18655.0,39.0,0.015536011196672916,0.0002
18656.0,39.0,0.014544558711349964,0.0002
18657.0,39.0,0.013836599886417389,0.0002
18658.0,39.0,0.013657727278769016,0.0002
18659.0,39.0,0.015489005483686924,0.0002
18660.0,39.0,0.013757498934864998,0.0002
18661.0,39.0,0.013172277249395847,0.0002
18662.0,39.0,0.014317670837044716,0.0002
18663.0,39.0,0.016316596418619156,0.0002
18664.0,39.0,0.01556015107780695,0.0002
18665.0,39.0,0.015012279152870178,0.0002
18666.0,39.0,0.01565033197402954,0.0002
18667.0,39.0,0.014186426997184753,0.0002
18668.0,39.0,0.015082014724612236,0.0002
18669.0,39.0,0.012490318156778812,0.0002
18670.0,39.0,0.01564534567296505,0.0002
18671.0,39.0,0.012438781559467316,0.0002
18672.0,39.0,0.01463763602077961,0.0002
18673.0,39.0,0.01493348740041256,0.0002
18674.0,39.0,0.014270969666540623,0.0002
18675.0,39.0,0.014019065536558628,0.0002
18676.0,39.0,0.020880069583654404,0.0002
18677.0,39.0,0.018196403980255127,0.0002
18678.0,39.0,0.014260437339544296,0.0002
18679.0,39.0,0.018671339377760887,0.0002
18680.0,39.0,0.012355385348200798,0.0002
18681.0,39.0,0.021554943174123764,0.0002
18682.0,39.0,0.015475386753678322,0.0002
18683.0,39.0,0.019593974575400352,0.0002
18684.0,39.0,0.013638668693602085,0.0002
18685.0,39.0,0.015233996324241161,0.0002
18686.0,39.0,0.013910293579101562,0.0002
18687.0,39.0,0.014480741694569588,0.0002
18688.0,39.0,0.015734050422906876,0.0002
18689.0,39.0,0.015292800031602383,0.0002
18690.0,39.0,0.016472287476062775,0.0002
18691.0,39.0,0.016338568180799484,0.0002
18692.0,39.0,0.017158888280391693,0.0002
18693.0,39.0,0.014424541965126991,0.0002
18694.0,39.0,0.01586594618856907,0.0002
18695.0,39.0,0.012365531176328659,0.0002
18696.0,39.0,0.010811174288392067,0.0002
18697.0,39.0,0.015887485817074776,0.0002
18698.0,39.0,0.014953821897506714,0.0002
18699.0,39.0,0.01651802286505699,0.0002
18700.0,39.0,0.0203913114964962,0.0002
18701.0,39.0,0.011442992836236954,0.0002
18702.0,39.0,0.013759799301624298,0.0002
18703.0,39.0,0.015330206602811813,0.0002
18704.0,39.0,0.01461746171116829,0.0002
18705.0,39.0,0.012913241982460022,0.0002
18706.0,39.0,0.013726811856031418,0.0002
18707.0,39.0,0.01395469531416893,0.0002
18708.0,39.0,0.01568479649722576,0.0002
18709.0,39.0,0.01629433035850525,0.0002
18710.0,39.0,0.013284435495734215,0.0002
18711.0,39.0,0.012075807899236679,0.0002
18712.0,39.0,0.013111534528434277,0.0002
18713.0,39.0,0.017062507569789886,0.0002
18714.0,39.0,0.013455508276820183,0.0002
18715.0,39.0,0.018447181209921837,0.0002
18716.0,39.0,0.01020121295005083,0.0002
18717.0,39.0,0.01362086832523346,0.0002
18718.0,39.0,0.014122724533081055,0.0002
18719.0,39.0,0.017101449891924858,0.0002
18720.0,39.0,0.01821109652519226,0.0002
18721.0,40.0,0.014366423711180687,0.0002
18722.0,40.0,0.01110762357711792,0.0002
18723.0,40.0,0.01764972321689129,0.0002
18724.0,40.0,0.012725260108709335,0.0002
18725.0,40.0,0.013962673023343086,0.0002
18726.0,40.0,0.015716148540377617,0.0002
18727.0,40.0,0.01340457983314991,0.0002
18728.0,40.0,0.017208490520715714,0.0002
18729.0,40.0,0.014000535011291504,0.0002
18730.0,40.0,0.016101587563753128,0.0002
18731.0,40.0,0.015213905833661556,0.0002
18732.0,40.0,0.01292500365525484,0.0002
18733.0,40.0,0.016257179901003838,0.0002
18734.0,40.0,0.01361055113375187,0.0002
18735.0,40.0,0.012936372309923172,0.0002
18736.0,40.0,0.01610472984611988,0.0002
18737.0,40.0,0.014055784791707993,0.0002
18738.0,40.0,0.016342276707291603,0.0002
18739.0,40.0,0.011461813002824783,0.0002
18740.0,40.0,0.013432454317808151,0.0002
18741.0,40.0,0.01476580835878849,0.0002
18742.0,40.0,0.013788637705147266,0.0002
18743.0,40.0,0.018772553652524948,0.0002
18744.0,40.0,0.014672685414552689,0.0002
18745.0,40.0,0.0163554809987545,0.0002
18746.0,40.0,0.014039497822523117,0.0002
18747.0,40.0,0.012354214675724506,0.0002
18748.0,40.0,0.014833888038992882,0.0002
18749.0,40.0,0.01419108733534813,0.0002
18750.0,40.0,0.012554544024169445,0.0002
18751.0,40.0,0.015266843140125275,0.0002
18752.0,40.0,0.017343301326036453,0.0002
18753.0,40.0,0.015167076140642166,0.0002
18754.0,40.0,0.016640406101942062,0.0002
18755.0,40.0,0.016029566526412964,0.0002
18756.0,40.0,0.014756605960428715,0.0002
18757.0,40.0,0.014727538451552391,0.0002
18758.0,40.0,0.012516065500676632,0.0002
18759.0,40.0,0.016940917819738388,0.0002
18760.0,40.0,0.014005403965711594,0.0002
18761.0,40.0,0.014593849889934063,0.0002
18762.0,40.0,0.010961317457258701,0.0002
18763.0,40.0,0.01604999601840973,0.0002
18764.0,40.0,0.01870233193039894,0.0002
18765.0,40.0,0.015616435557603836,0.0002
18766.0,40.0,0.016866061836481094,0.0002
18767.0,40.0,0.013895101845264435,0.0002
18768.0,40.0,0.015027031302452087,0.0002
18769.0,40.0,0.013408200815320015,0.0002
18770.0,40.0,0.013216294348239899,0.0002
18771.0,40.0,0.01622285321354866,0.0002
18772.0,40.0,0.014652437530457973,0.0002
18773.0,40.0,0.016414064913988113,0.0002
18774.0,40.0,0.01172669604420662,0.0002
18775.0,40.0,0.015024324879050255,0.0002
18776.0,40.0,0.018502550199627876,0.0002
18777.0,40.0,0.014083986170589924,0.0002
18778.0,40.0,0.01505191344767809,0.0002
18779.0,40.0,0.014665237627923489,0.0002
18780.0,40.0,0.012364392168819904,0.0002
18781.0,40.0,0.013895277865231037,0.0002
18782.0,40.0,0.01773323118686676,0.0002
18783.0,40.0,0.013347853906452656,0.0002
18784.0,40.0,0.01698644459247589,0.0002
18785.0,40.0,0.02073650434613228,0.0002
18786.0,40.0,0.012075810693204403,0.0002
18787.0,40.0,0.018288031220436096,0.0002
18788.0,40.0,0.01520812138915062,0.0002
18789.0,40.0,0.013955891132354736,0.0002
18790.0,40.0,0.011391932144761086,0.0002
18791.0,40.0,0.01210203766822815,0.0002
18792.0,40.0,0.014139324426651001,0.0002
18793.0,40.0,0.015215960331261158,0.0002
18794.0,40.0,0.016749795526266098,0.0002
18795.0,40.0,0.015339229255914688,0.0002
18796.0,40.0,0.013856845907866955,0.0002
18797.0,40.0,0.01305170264095068,0.0002
18798.0,40.0,0.015306796878576279,0.0002
18799.0,40.0,0.013552280142903328,0.0002
18800.0,40.0,0.014069253578782082,0.0002
18801.0,40.0,0.009466024115681648,0.0002
18802.0,40.0,0.013005966320633888,0.0002
18803.0,40.0,0.015376485884189606,0.0002
18804.0,40.0,0.016841363161802292,0.0002
18805.0,40.0,0.01308509148657322,0.0002
18806.0,40.0,0.013929693028330803,0.0002
18807.0,40.0,0.012768450193107128,0.0002
18808.0,40.0,0.015872564166784286,0.0002
18809.0,40.0,0.015854468569159508,0.0002
18810.0,40.0,0.0155539121478796,0.0002
18811.0,40.0,0.015767984092235565,0.0002
18812.0,40.0,0.018346987664699554,0.0002
18813.0,40.0,0.013243518769741058,0.0002
18814.0,40.0,0.014728626236319542,0.0002
18815.0,40.0,0.0162451583892107,0.0002
18816.0,40.0,0.013165361247956753,0.0002
18817.0,40.0,0.01479078084230423,0.0002
18818.0,40.0,0.014303170144557953,0.0002
18819.0,40.0,0.014906004071235657,0.0002
18820.0,40.0,0.014547346159815788,0.0002
18821.0,40.0,0.013472645543515682,0.0002
18822.0,40.0,0.012947168201208115,0.0002
18823.0,40.0,0.018351787701249123,0.0002
18824.0,40.0,0.012683538720011711,0.0002
18825.0,40.0,0.016803888604044914,0.0002
18826.0,40.0,0.012961475178599358,0.0002
18827.0,40.0,0.015188147313892841,0.0002
18828.0,40.0,0.012990283779799938,0.0002
18829.0,40.0,0.014477663673460484,0.0002
18830.0,40.0,0.015331248752772808,0.0002
18831.0,40.0,0.015084415674209595,0.0002
18832.0,40.0,0.013497710227966309,0.0002
18833.0,40.0,0.014970237389206886,0.0002
18834.0,40.0,0.016344012692570686,0.0002
18835.0,40.0,0.015978319570422173,0.0002
18836.0,40.0,0.013467506505548954,0.0002
18837.0,40.0,0.015688763931393623,0.0002
18838.0,40.0,0.01564699038863182,0.0002
18839.0,40.0,0.015973594039678574,0.0002
18840.0,40.0,0.013215930201113224,0.0002
18841.0,40.0,0.013340264558792114,0.0002
18842.0,40.0,0.013621240854263306,0.0002
18843.0,40.0,0.013015534728765488,0.0002
18844.0,40.0,0.014969363808631897,0.0002
18845.0,40.0,0.012897545471787453,0.0002
18846.0,40.0,0.013385092839598656,0.0002
18847.0,40.0,0.011885153129696846,0.0002
18848.0,40.0,0.015895690768957138,0.0002
18849.0,40.0,0.013676278293132782,0.0002
18850.0,40.0,0.0169394351541996,0.0002
18851.0,40.0,0.013111626729369164,0.0002
18852.0,40.0,0.015707552433013916,0.0002
18853.0,40.0,0.015996482223272324,0.0002
18854.0,40.0,0.01502151321619749,0.0002
18855.0,40.0,0.01464060042053461,0.0002
18856.0,40.0,0.01590154692530632,0.0002
18857.0,40.0,0.012313601560890675,0.0002
18858.0,40.0,0.012339580804109573,0.0002
18859.0,40.0,0.011594163253903389,0.0002
18860.0,40.0,0.013046707957983017,0.0002
18861.0,40.0,0.01300058513879776,0.0002
18862.0,40.0,0.012541154399514198,0.0002
18863.0,40.0,0.016013579443097115,0.0002
18864.0,40.0,0.013672778382897377,0.0002
18865.0,40.0,0.016270440071821213,0.0002
18866.0,40.0,0.012020262889564037,0.0002
18867.0,40.0,0.016552558168768883,0.0002
18868.0,40.0,0.010623736307024956,0.0002
18869.0,40.0,0.015988387167453766,0.0002
18870.0,40.0,0.012801759876310825,0.0002
18871.0,40.0,0.017801599577069283,0.0002
18872.0,40.0,0.012193497270345688,0.0002
18873.0,40.0,0.01521710678935051,0.0002
18874.0,40.0,0.016367502510547638,0.0002
18875.0,40.0,0.013097687624394894,0.0002
18876.0,40.0,0.014142937026917934,0.0002
18877.0,40.0,0.012883041054010391,0.0002
18878.0,40.0,0.016580358147621155,0.0002
18879.0,40.0,0.01588210090994835,0.0002
18880.0,40.0,0.014299893751740456,0.0002
18881.0,40.0,0.01343944575637579,0.0002
18882.0,40.0,0.01377420499920845,0.0002
18883.0,40.0,0.017254335805773735,0.0002
18884.0,40.0,0.012725165113806725,0.0002
18885.0,40.0,0.01490061916410923,0.0002
18886.0,40.0,0.017353273928165436,0.0002
18887.0,40.0,0.009977397508919239,0.0002
18888.0,40.0,0.01262827217578888,0.0002
18889.0,40.0,0.015288999304175377,0.0002
18890.0,40.0,0.012078427709639072,0.0002
18891.0,40.0,0.014297149144113064,0.0002
18892.0,40.0,0.015510328114032745,0.0002
18893.0,40.0,0.016320571303367615,0.0002
18894.0,40.0,0.01507369615137577,0.0002
18895.0,40.0,0.015524029731750488,0.0002
18896.0,40.0,0.011931078508496284,0.0002
18897.0,40.0,0.013741022907197475,0.0002
18898.0,40.0,0.016363024711608887,0.0002
18899.0,40.0,0.017290111631155014,0.0002
18900.0,40.0,0.011555754579603672,0.0002
18901.0,40.0,0.014648864045739174,0.0002
18902.0,40.0,0.013789189979434013,0.0002
18903.0,40.0,0.014463907107710838,0.0002
18904.0,40.0,0.01631547138094902,0.0002
18905.0,40.0,0.016786688938736916,0.0002
18906.0,40.0,0.015301525592803955,0.0002
18907.0,40.0,0.013904673978686333,0.0002
18908.0,40.0,0.016676615923643112,0.0002
18909.0,40.0,0.014205053448677063,0.0002
18910.0,40.0,0.015188117511570454,0.0002
18911.0,40.0,0.01543586328625679,0.0002
18912.0,40.0,0.015948325395584106,0.0002
18913.0,40.0,0.013526041060686111,0.0002
18914.0,40.0,0.015813888981938362,0.0002
18915.0,40.0,0.015469281002879143,0.0002
18916.0,40.0,0.011973818764090538,0.0002
18917.0,40.0,0.013199327513575554,0.0002
18918.0,40.0,0.018852580338716507,0.0002
18919.0,40.0,0.013453865423798561,0.0002
18920.0,40.0,0.014339023269712925,0.0002
18921.0,40.0,0.011704477481544018,0.0002
18922.0,40.0,0.013703269883990288,0.0002
18923.0,40.0,0.01436126884073019,0.0002
18924.0,40.0,0.01389837171882391,0.0002
18925.0,40.0,0.013240178115665913,0.0002
18926.0,40.0,0.012013680301606655,0.0002
18927.0,40.0,0.013353964313864708,0.0002
18928.0,40.0,0.014792942441999912,0.0002
18929.0,40.0,0.01608464866876602,0.0002
18930.0,40.0,0.01587359793484211,0.0002
18931.0,40.0,0.011921724304556847,0.0002
18932.0,40.0,0.017140202224254608,0.0002
18933.0,40.0,0.013743034563958645,0.0002
18934.0,40.0,0.013697466813027859,0.0002
18935.0,40.0,0.012705031782388687,0.0002
18936.0,40.0,0.010818127542734146,0.0002
18937.0,40.0,0.010672753676772118,0.0002
18938.0,40.0,0.014818406663835049,0.0002
18939.0,40.0,0.01579551212489605,0.0002
18940.0,40.0,0.016840681433677673,0.0002
18941.0,40.0,0.01209576427936554,0.0002
18942.0,40.0,0.019782014191150665,0.0002
18943.0,40.0,0.013628717511892319,0.0002
18944.0,40.0,0.014287996105849743,0.0002
18945.0,40.0,0.014136025682091713,0.0002
18946.0,40.0,0.010723480954766273,0.0002
18947.0,40.0,0.016198519617319107,0.0002
18948.0,40.0,0.014435132965445518,0.0002
18949.0,40.0,0.01584682986140251,0.0002
18950.0,40.0,0.015688925981521606,0.0002
18951.0,40.0,0.015993842855095863,0.0002
18952.0,40.0,0.012185771018266678,0.0002
18953.0,40.0,0.016911368817090988,0.0002
18954.0,40.0,0.015860624611377716,0.0002
18955.0,40.0,0.011357116512954235,0.0002
18956.0,40.0,0.015301921404898167,0.0002
18957.0,40.0,0.014933974482119083,0.0002
18958.0,40.0,0.011706512421369553,0.0002
18959.0,40.0,0.012558139860630035,0.0002
18960.0,40.0,0.017825013026595116,0.0002
18961.0,40.0,0.017554812133312225,0.0002
18962.0,40.0,0.014666721224784851,0.0002
18963.0,40.0,0.01602569781243801,0.0002
18964.0,40.0,0.014613237231969833,0.0002
18965.0,40.0,0.014657901600003242,0.0002
18966.0,40.0,0.010580860078334808,0.0002
18967.0,40.0,0.014609952457249165,0.0002
18968.0,40.0,0.01610003411769867,0.0002
18969.0,40.0,0.015271713957190514,0.0002
18970.0,40.0,0.013078716583549976,0.0002
18971.0,40.0,0.013987195678055286,0.0002
18972.0,40.0,0.011991812847554684,0.0002
18973.0,40.0,0.017198679968714714,0.0002
18974.0,40.0,0.013406625017523766,0.0002
18975.0,40.0,0.01662997156381607,0.0002
18976.0,40.0,0.017084982246160507,0.0002
18977.0,40.0,0.015260549262166023,0.0002
18978.0,40.0,0.01570822298526764,0.0002
18979.0,40.0,0.01619032211601734,0.0002
18980.0,40.0,0.013526981696486473,0.0002
18981.0,40.0,0.013094693422317505,0.0002
18982.0,40.0,0.01538099255412817,0.0002
18983.0,40.0,0.011324528604745865,0.0002
18984.0,40.0,0.013639669865369797,0.0002
18985.0,40.0,0.013156761415302753,0.0002
18986.0,40.0,0.015523424372076988,0.0002
18987.0,40.0,0.014693250879645348,0.0002
18988.0,40.0,0.01578819379210472,0.0002
18989.0,40.0,0.015753697603940964,0.0002
18990.0,40.0,0.016741957515478134,0.0002
18991.0,40.0,0.015332290902733803,0.0002
18992.0,40.0,0.014713052660226822,0.0002
18993.0,40.0,0.016632888466119766,0.0002
18994.0,40.0,0.01447196863591671,0.0002
18995.0,40.0,0.011794601567089558,0.0002
18996.0,40.0,0.013256430625915527,0.0002
18997.0,40.0,0.014606766402721405,0.0002
18998.0,40.0,0.014535494148731232,0.0002
18999.0,40.0,0.012281457893550396,0.0002
19000.0,40.0,0.011238488368690014,0.0002
19001.0,40.0,0.016430730000138283,0.0002
19002.0,40.0,0.013017228804528713,0.0002
19003.0,40.0,0.014290304854512215,0.0002
19004.0,40.0,0.013188001699745655,0.0002
19005.0,40.0,0.01244463212788105,0.0002
19006.0,40.0,0.017094947397708893,0.0002
19007.0,40.0,0.01526731438934803,0.0002
19008.0,40.0,0.015878932550549507,0.0002
19009.0,40.0,0.01459918450564146,0.0002
19010.0,40.0,0.016257835552096367,0.0002
19011.0,40.0,0.016736552119255066,0.0002
19012.0,40.0,0.01613539457321167,0.0002
19013.0,40.0,0.01984880492091179,0.0002
19014.0,40.0,0.014569946564733982,0.0002
19015.0,40.0,0.01331919152289629,0.0002
19016.0,40.0,0.011951562948524952,0.0002
19017.0,40.0,0.015205630101263523,0.0002
19018.0,40.0,0.017725598067045212,0.0002
19019.0,40.0,0.01747434213757515,0.0002
19020.0,40.0,0.013681492768228054,0.0002
19021.0,40.0,0.012951923534274101,0.0002
19022.0,40.0,0.015381688252091408,0.0002
19023.0,40.0,0.015454895794391632,0.0002
19024.0,40.0,0.014050147496163845,0.0002
19025.0,40.0,0.015292257070541382,0.0002
19026.0,40.0,0.015280192717909813,0.0002
19027.0,40.0,0.016261916607618332,0.0002
19028.0,40.0,0.014554295688867569,0.0002
19029.0,40.0,0.014015527442097664,0.0002
19030.0,40.0,0.012208210304379463,0.0002
19031.0,40.0,0.015954285860061646,0.0002
19032.0,40.0,0.021474609151482582,0.0002
19033.0,40.0,0.016139980405569077,0.0002
19034.0,40.0,0.01610429398715496,0.0002
19035.0,40.0,0.018448729068040848,0.0002
19036.0,40.0,0.01674783043563366,0.0002
19037.0,40.0,0.014726970344781876,0.0002
19038.0,40.0,0.013817325234413147,0.0002
19039.0,40.0,0.016601841896772385,0.0002
19040.0,40.0,0.017566721886396408,0.0002
19041.0,40.0,0.014604808762669563,0.0002
19042.0,40.0,0.013490800745785236,0.0002
19043.0,40.0,0.01769137755036354,0.0002
19044.0,40.0,0.016796156764030457,0.0002
19045.0,40.0,0.015868477523326874,0.0002
19046.0,40.0,0.015793681144714355,0.0002
19047.0,40.0,0.01594071462750435,0.0002
19048.0,40.0,0.013644661754369736,0.0002
19049.0,40.0,0.014985563233494759,0.0002
19050.0,40.0,0.018852239474654198,0.0002
19051.0,40.0,0.015157676301896572,0.0002
19052.0,40.0,0.014519689604640007,0.0002
19053.0,40.0,0.016069989651441574,0.0002
19054.0,40.0,0.014245832338929176,0.0002
19055.0,40.0,0.01571526937186718,0.0002
19056.0,40.0,0.01731911674141884,0.0002
19057.0,40.0,0.015863075852394104,0.0002
19058.0,40.0,0.014366760849952698,0.0002
19059.0,40.0,0.01726146787405014,0.0002
19060.0,40.0,0.011671984568238258,0.0002
19061.0,40.0,0.01637917011976242,0.0002
19062.0,40.0,0.0161190927028656,0.0002
19063.0,40.0,0.015491489320993423,0.0002
19064.0,40.0,0.015267623588442802,0.0002
19065.0,40.0,0.01162046380341053,0.0002
19066.0,40.0,0.017240097746253014,0.0002
19067.0,40.0,0.014710742980241776,0.0002
19068.0,40.0,0.013381189666688442,0.0002
19069.0,40.0,0.013587389141321182,0.0002
19070.0,40.0,0.014662379398941994,0.0002
19071.0,40.0,0.013341335579752922,0.0002
19072.0,40.0,0.015286336652934551,0.0002
19073.0,40.0,0.016318542882800102,0.0002
19074.0,40.0,0.0152658149600029,0.0002
19075.0,40.0,0.016916988417506218,0.0002
19076.0,40.0,0.011018728837370872,0.0002
19077.0,40.0,0.013504330068826675,0.0002
19078.0,40.0,0.0156952366232872,0.0002
19079.0,40.0,0.015148239210247993,0.0002
19080.0,40.0,0.01522508729249239,0.0002
19081.0,40.0,0.010297903791069984,0.0002
19082.0,40.0,0.013107230886816978,0.0002
19083.0,40.0,0.01448002178221941,0.0002
19084.0,40.0,0.01315878052264452,0.0002
19085.0,40.0,0.015878766775131226,0.0002
19086.0,40.0,0.014228543266654015,0.0002
19087.0,40.0,0.014485666528344154,0.0002
19088.0,40.0,0.013482294976711273,0.0002
19089.0,40.0,0.016268733888864517,0.0002
19090.0,40.0,0.020430974662303925,0.0002
19091.0,40.0,0.01798207499086857,0.0002
19092.0,40.0,0.01655382663011551,0.0002
19093.0,40.0,0.016595177352428436,0.0002
19094.0,40.0,0.013868620619177818,0.0002
19095.0,40.0,0.012366981245577335,0.0002
19096.0,40.0,0.01405822392553091,0.0002
19097.0,40.0,0.015288176015019417,0.0002
19098.0,40.0,0.014071323908865452,0.0002
19099.0,40.0,0.01561853475868702,0.0002
19100.0,40.0,0.015112930908799171,0.0002
19101.0,40.0,0.01640433445572853,0.0002
19102.0,40.0,0.015210170298814774,0.0002
19103.0,40.0,0.01624452695250511,0.0002
19104.0,40.0,0.015777520835399628,0.0002
19105.0,40.0,0.011992818675935268,0.0002
19106.0,40.0,0.01431709062308073,0.0002
19107.0,40.0,0.015845082700252533,0.0002
19108.0,40.0,0.012280238792300224,0.0002
19109.0,40.0,0.017275666818022728,0.0002
19110.0,40.0,0.010968685150146484,0.0002
19111.0,40.0,0.010830624029040337,0.0002
19112.0,40.0,0.0157671719789505,0.0002
19113.0,40.0,0.014883534051477909,0.0002
19114.0,40.0,0.01725298911333084,0.0002
19115.0,40.0,0.015300326980650425,0.0002
19116.0,40.0,0.016824766993522644,0.0002
19117.0,40.0,0.015159583650529385,0.0002
19118.0,40.0,0.019397689029574394,0.0002
19119.0,40.0,0.01620371639728546,0.0002
19120.0,40.0,0.014112995006144047,0.0002
19121.0,40.0,0.012531130574643612,0.0002
19122.0,40.0,0.016859780997037888,0.0002
19123.0,40.0,0.017271175980567932,0.0002
19124.0,40.0,0.013198032043874264,0.0002
19125.0,40.0,0.012073353864252567,0.0002
19126.0,40.0,0.015981242060661316,0.0002
19127.0,40.0,0.017730779945850372,0.0002
19128.0,40.0,0.011273200623691082,0.0002
19129.0,40.0,0.01541694812476635,0.0002
19130.0,40.0,0.014814904890954494,0.0002
19131.0,40.0,0.01445017009973526,0.0002
19132.0,40.0,0.01557330321520567,0.0002
19133.0,40.0,0.01384247187525034,0.0002
19134.0,40.0,0.014711812138557434,0.0002
19135.0,40.0,0.017030559480190277,0.0002
19136.0,40.0,0.017226744443178177,0.0002
19137.0,40.0,0.016134420409798622,0.0002
19138.0,40.0,0.016467060893774033,0.0002
19139.0,40.0,0.01643393374979496,0.0002
19140.0,40.0,0.014569232240319252,0.0002
19141.0,40.0,0.013867244124412537,0.0002
19142.0,40.0,0.01607687398791313,0.0002
19143.0,40.0,0.011527237482368946,0.0002
19144.0,40.0,0.019582103937864304,0.0002
19145.0,40.0,0.015309865586459637,0.0002
19146.0,40.0,0.015689916908740997,0.0002
19147.0,40.0,0.016316767781972885,0.0002
19148.0,40.0,0.01287503819912672,0.0002
19149.0,40.0,0.012817015871405602,0.0002
19150.0,40.0,0.015142304822802544,0.0002
19151.0,40.0,0.01681709475815296,0.0002
19152.0,40.0,0.013879168778657913,0.0002
19153.0,40.0,0.014469265006482601,0.0002
19154.0,40.0,0.015302013605833054,0.0002
19155.0,40.0,0.013075977563858032,0.0002
19156.0,40.0,0.015920449048280716,0.0002
19157.0,40.0,0.015908699482679367,0.0002
19158.0,40.0,0.014843965880572796,0.0002
19159.0,40.0,0.014635558240115643,0.0002
19160.0,40.0,0.014420239254832268,0.0002
19161.0,40.0,0.01614963635802269,0.0002
19162.0,40.0,0.017377503216266632,0.0002
19163.0,40.0,0.016141371801495552,0.0002
19164.0,40.0,0.02189061790704727,0.0002
19165.0,40.0,0.014146523550152779,0.0002
19166.0,40.0,0.014726202003657818,0.0002
19167.0,40.0,0.015282224863767624,0.0002
19168.0,40.0,0.016801651567220688,0.0002
19169.0,40.0,0.01371840201318264,0.0002
19170.0,40.0,0.013726134784519672,0.0002
19171.0,40.0,0.013954343274235725,0.0002
19172.0,40.0,0.01592968963086605,0.0002
19173.0,40.0,0.012347584590315819,0.0002
19174.0,40.0,0.01339600421488285,0.0002
19175.0,40.0,0.01178811490535736,0.0002
19176.0,40.0,0.01714417338371277,0.0002
19177.0,40.0,0.018945787101984024,0.0002
19178.0,40.0,0.014594117179512978,0.0002
19179.0,40.0,0.015549876727163792,0.0002
19180.0,40.0,0.014653623104095459,0.0002
19181.0,40.0,0.012461860664188862,0.0002
19182.0,40.0,0.015241631306707859,0.0002
19183.0,40.0,0.011340465396642685,0.0002
19184.0,40.0,0.013627735897898674,0.0002
19185.0,40.0,0.013503101654350758,0.0002
19186.0,40.0,0.015389308333396912,0.0002
19187.0,40.0,0.012182912789285183,0.0002
19188.0,40.0,0.017064061015844345,0.0002
19189.0,41.0,0.016063563525676727,0.0002
19190.0,41.0,0.014404413290321827,0.0002
19191.0,41.0,0.016398880630731583,0.0002
19192.0,41.0,0.012598198838531971,0.0002
19193.0,41.0,0.014974125660955906,0.0002
19194.0,41.0,0.014801139011979103,0.0002
19195.0,41.0,0.016904640942811966,0.0002
19196.0,41.0,0.014356361702084541,0.0002
19197.0,41.0,0.015581393614411354,0.0002
19198.0,41.0,0.016017818823456764,0.0002
19199.0,41.0,0.013064930215477943,0.0002
19200.0,41.0,0.016125906258821487,0.0002
19201.0,41.0,0.017334841191768646,0.0002
19202.0,41.0,0.010669002309441566,0.0002
19203.0,41.0,0.01609545201063156,0.0002
19204.0,41.0,0.012456173077225685,0.0002
19205.0,41.0,0.01378390658646822,0.0002
19206.0,41.0,0.012739419937133789,0.0002
19207.0,41.0,0.01428250689059496,0.0002
19208.0,41.0,0.01640941947698593,0.0002
19209.0,41.0,0.012363788671791553,0.0002
19210.0,41.0,0.014345796778798103,0.0002
19211.0,41.0,0.014731782488524914,0.0002
19212.0,41.0,0.01362820528447628,0.0002
19213.0,41.0,0.01645643077790737,0.0002
19214.0,41.0,0.013893645256757736,0.0002
19215.0,41.0,0.016877271234989166,0.0002
19216.0,41.0,0.01484812144190073,0.0002
19217.0,41.0,0.01394844613969326,0.0002
19218.0,41.0,0.013707490637898445,0.0002
19219.0,41.0,0.01474836841225624,0.0002
19220.0,41.0,0.01409650593996048,0.0002
19221.0,41.0,0.01199217140674591,0.0002
19222.0,41.0,0.015734679996967316,0.0002
19223.0,41.0,0.01716495305299759,0.0002
19224.0,41.0,0.01617901772260666,0.0002
19225.0,41.0,0.021591104567050934,0.0002
19226.0,41.0,0.015746958553791046,0.0002
19227.0,41.0,0.01799129880964756,0.0002
19228.0,41.0,0.014364507049322128,0.0002
19229.0,41.0,0.012360271997749805,0.0002
19230.0,41.0,0.014150372706353664,0.0002
19231.0,41.0,0.016768474131822586,0.0002
19232.0,41.0,0.01734052784740925,0.0002
19233.0,41.0,0.013912920840084553,0.0002
19234.0,41.0,0.015074467286467552,0.0002
19235.0,41.0,0.01665985956788063,0.0002
19236.0,41.0,0.01838291808962822,0.0002
19237.0,41.0,0.014563904143869877,0.0002
19238.0,41.0,0.014158803969621658,0.0002
19239.0,41.0,0.013881970196962357,0.0002
19240.0,41.0,0.01336956862360239,0.0002
19241.0,41.0,0.011255839839577675,0.0002
19242.0,41.0,0.012974865734577179,0.0002
19243.0,41.0,0.017164107412099838,0.0002
19244.0,41.0,0.01404458750039339,0.0002
19245.0,41.0,0.017148129642009735,0.0002
19246.0,41.0,0.016467880457639694,0.0002
19247.0,41.0,0.015330333262681961,0.0002
19248.0,41.0,0.014564826153218746,0.0002
19249.0,41.0,0.016298159956932068,0.0002
19250.0,41.0,0.012038607150316238,0.0002
19251.0,41.0,0.017925333231687546,0.0002
19252.0,41.0,0.014364022761583328,0.0002
19253.0,41.0,0.014142245054244995,0.0002
19254.0,41.0,0.014224231243133545,0.0002
19255.0,41.0,0.018555916845798492,0.0002
19256.0,41.0,0.017590923234820366,0.0002
19257.0,41.0,0.01463821716606617,0.0002
19258.0,41.0,0.017961367964744568,0.0002
19259.0,41.0,0.016496773809194565,0.0002
19260.0,41.0,0.017316821962594986,0.0002
19261.0,41.0,0.014431526884436607,0.0002
19262.0,41.0,0.013893011957406998,0.0002
19263.0,41.0,0.01800570636987686,0.0002
19264.0,41.0,0.013506780378520489,0.0002
19265.0,41.0,0.011284221895039082,0.0002
19266.0,41.0,0.012013896368443966,0.0002
19267.0,41.0,0.013159623369574547,0.0002
19268.0,41.0,0.016395224258303642,0.0002
19269.0,41.0,0.016616160050034523,0.0002
19270.0,41.0,0.014665268361568451,0.0002
19271.0,41.0,0.014920312911272049,0.0002
19272.0,41.0,0.013063102960586548,0.0002
19273.0,41.0,0.017337486147880554,0.0002
19274.0,41.0,0.01571183279156685,0.0002
19275.0,41.0,0.01383676566183567,0.0002
19276.0,41.0,0.013821287080645561,0.0002
19277.0,41.0,0.015165635384619236,0.0002
19278.0,41.0,0.014109447598457336,0.0002
19279.0,41.0,0.014854863286018372,0.0002
19280.0,41.0,0.01753843203186989,0.0002
19281.0,41.0,0.01613575592637062,0.0002
19282.0,41.0,0.015202874317765236,0.0002
19283.0,41.0,0.014789346605539322,0.0002
19284.0,41.0,0.01681259647011757,0.0002
19285.0,41.0,0.015064449980854988,0.0002
19286.0,41.0,0.018977325409650803,0.0002
19287.0,41.0,0.01272907666862011,0.0002
19288.0,41.0,0.014167540706694126,0.0002
19289.0,41.0,0.014604822732508183,0.0002
19290.0,41.0,0.014347987249493599,0.0002
19291.0,41.0,0.011854766868054867,0.0002
19292.0,41.0,0.01343057956546545,0.0002
19293.0,41.0,0.016757939010858536,0.0002
19294.0,41.0,0.01774824969470501,0.0002
19295.0,41.0,0.012535100802779198,0.0002
19296.0,41.0,0.014066876843571663,0.0002
19297.0,41.0,0.011775970458984375,0.0002
19298.0,41.0,0.014173515141010284,0.0002
19299.0,41.0,0.014055176638066769,0.0002
19300.0,41.0,0.013991235755383968,0.0002
19301.0,41.0,0.016631264239549637,0.0002
19302.0,41.0,0.012887825258076191,0.0002
19303.0,41.0,0.017853038385510445,0.0002
19304.0,41.0,0.016937635838985443,0.0002
19305.0,41.0,0.017636680975556374,0.0002
19306.0,41.0,0.013583590276539326,0.0002
19307.0,41.0,0.015910325571894646,0.0002
19308.0,41.0,0.01408577710390091,0.0002
19309.0,41.0,0.01355320867151022,0.0002
19310.0,41.0,0.018407069146633148,0.0002
19311.0,41.0,0.017004897817969322,0.0002
19312.0,41.0,0.0160721056163311,0.0002
19313.0,41.0,0.014685306698083878,0.0002
19314.0,41.0,0.02105485275387764,0.0002
19315.0,41.0,0.011916477233171463,0.0002
19316.0,41.0,0.014867870137095451,0.0002
19317.0,41.0,0.014099007472395897,0.0002
19318.0,41.0,0.014913470484316349,0.0002
19319.0,41.0,0.014016736298799515,0.0002
19320.0,41.0,0.014580254442989826,0.0002
19321.0,41.0,0.014915073290467262,0.0002
19322.0,41.0,0.015060021542012691,0.0002
19323.0,41.0,0.014225218445062637,0.0002
19324.0,41.0,0.013270024210214615,0.0002
19325.0,41.0,0.015536831691861153,0.0002
19326.0,41.0,0.016023961827158928,0.0002
19327.0,41.0,0.015928881242871284,0.0002
19328.0,41.0,0.013239454478025436,0.0002
19329.0,41.0,0.013380127027630806,0.0002
19330.0,41.0,0.015314748510718346,0.0002
19331.0,41.0,0.013626841828227043,0.0002
19332.0,41.0,0.016170118004083633,0.0002
19333.0,41.0,0.01491897739470005,0.0002
19334.0,41.0,0.013684067875146866,0.0002
19335.0,41.0,0.018250443041324615,0.0002
19336.0,41.0,0.013428252190351486,0.0002
19337.0,41.0,0.011264266446232796,0.0002
19338.0,41.0,0.01780165545642376,0.0002
19339.0,41.0,0.021473191678524017,0.0002
19340.0,41.0,0.016961771994829178,0.0002
19341.0,41.0,0.01536584459245205,0.0002
19342.0,41.0,0.016604255884885788,0.0002
19343.0,41.0,0.01222146674990654,0.0002
19344.0,41.0,0.014554806053638458,0.0002
19345.0,41.0,0.014921597205102444,0.0002
19346.0,41.0,0.013983004726469517,0.0002
19347.0,41.0,0.010595032945275307,0.0002
19348.0,41.0,0.012210048735141754,0.0002
19349.0,41.0,0.01296366285532713,0.0002
19350.0,41.0,0.014668955467641354,0.0002
19351.0,41.0,0.01443227007985115,0.0002
19352.0,41.0,0.015444916673004627,0.0002
19353.0,41.0,0.011954765766859055,0.0002
19354.0,41.0,0.0165511853992939,0.0002
19355.0,41.0,0.018733344972133636,0.0002
19356.0,41.0,0.010823872871696949,0.0002
19357.0,41.0,0.014535326510667801,0.0002
19358.0,41.0,0.01662955805659294,0.0002
19359.0,41.0,0.014123985543847084,0.0002
19360.0,41.0,0.01441139355301857,0.0002
19361.0,41.0,0.014229850843548775,0.0002
19362.0,41.0,0.013053115457296371,0.0002
19363.0,41.0,0.014378582127392292,0.0002
19364.0,41.0,0.016958143562078476,0.0002
19365.0,41.0,0.012887604534626007,0.0002
19366.0,41.0,0.01731090061366558,0.0002
19367.0,41.0,0.016544919461011887,0.0002
19368.0,41.0,0.016672438010573387,0.0002
19369.0,41.0,0.013544678688049316,0.0002
19370.0,41.0,0.015856971964240074,0.0002
19371.0,41.0,0.016611240804195404,0.0002
19372.0,41.0,0.015529305674135685,0.0002
19373.0,41.0,0.019042063504457474,0.0002
19374.0,41.0,0.014253088273108006,0.0002
19375.0,41.0,0.01275390200316906,0.0002
19376.0,41.0,0.01731535792350769,0.0002
19377.0,41.0,0.01545771025121212,0.0002
19378.0,41.0,0.014020904898643494,0.0002
19379.0,41.0,0.013220949098467827,0.0002
19380.0,41.0,0.012948314659297466,0.0002
19381.0,41.0,0.015004009008407593,0.0002
19382.0,41.0,0.0141372662037611,0.0002
19383.0,41.0,0.013081812299787998,0.0002
19384.0,41.0,0.012113647535443306,0.0002
19385.0,41.0,0.015814565122127533,0.0002
19386.0,41.0,0.013191617093980312,0.0002
19387.0,41.0,0.015626054257154465,0.0002
19388.0,41.0,0.013093896210193634,0.0002
19389.0,41.0,0.017409218475222588,0.0002
19390.0,41.0,0.016616003587841988,0.0002
19391.0,41.0,0.013700241222977638,0.0002
19392.0,41.0,0.014950263313949108,0.0002
19393.0,41.0,0.01351692620664835,0.0002
19394.0,41.0,0.013988949358463287,0.0002
19395.0,41.0,0.014830527827143669,0.0002
19396.0,41.0,0.013211208395659924,0.0002
19397.0,41.0,0.013654371723532677,0.0002
19398.0,41.0,0.014209982939064503,0.0002
19399.0,41.0,0.013668069615960121,0.0002
19400.0,41.0,0.0125791160389781,0.0002
19401.0,41.0,0.015293201431632042,0.0002
19402.0,41.0,0.015338542871177197,0.0002
19403.0,41.0,0.014424254186451435,0.0002
19404.0,41.0,0.013784097507596016,0.0002
19405.0,41.0,0.015700960531830788,0.0002
19406.0,41.0,0.014484364539384842,0.0002
19407.0,41.0,0.016839649528265,0.0002
19408.0,41.0,0.012890208512544632,0.0002
19409.0,41.0,0.013710437342524529,0.0002
19410.0,41.0,0.01459182146936655,0.0002
19411.0,41.0,0.012632638216018677,0.0002
19412.0,41.0,0.015346933156251907,0.0002
19413.0,41.0,0.014020748436450958,0.0002
19414.0,41.0,0.014166491106152534,0.0002
19415.0,41.0,0.013046085834503174,0.0002
19416.0,41.0,0.011165536940097809,0.0002
19417.0,41.0,0.01472520548850298,0.0002
19418.0,41.0,0.014311814680695534,0.0002
19419.0,41.0,0.016335947439074516,0.0002
19420.0,41.0,0.015586734749376774,0.0002
19421.0,41.0,0.015769677236676216,0.0002
19422.0,41.0,0.01569030061364174,0.0002
19423.0,41.0,0.014262243174016476,0.0002
19424.0,41.0,0.013353927060961723,0.0002
19425.0,41.0,0.014716168865561485,0.0002
19426.0,41.0,0.013743974268436432,0.0002
19427.0,41.0,0.011852392926812172,0.0002
19428.0,41.0,0.013481391593813896,0.0002
19429.0,41.0,0.013407889753580093,0.0002
19430.0,41.0,0.016093075275421143,0.0002
19431.0,41.0,0.013444543816149235,0.0002
19432.0,41.0,0.014816414564847946,0.0002
19433.0,41.0,0.01471291296184063,0.0002
19434.0,41.0,0.019919393584132195,0.0002
19435.0,41.0,0.012451186776161194,0.0002
19436.0,41.0,0.01491518784314394,0.0002
19437.0,41.0,0.013703517615795135,0.0002
19438.0,41.0,0.013995577581226826,0.0002
19439.0,41.0,0.012638360261917114,0.0002
19440.0,41.0,0.014771217480301857,0.0002
19441.0,41.0,0.014547837898135185,0.0002
19442.0,41.0,0.015510153956711292,0.0002
19443.0,41.0,0.016219643875956535,0.0002
19444.0,41.0,0.015323406085371971,0.0002
19445.0,41.0,0.01782829686999321,0.0002
19446.0,41.0,0.015017708763480186,0.0002
19447.0,41.0,0.015045175328850746,0.0002
19448.0,41.0,0.013956132344901562,0.0002
19449.0,41.0,0.014721602201461792,0.0002
19450.0,41.0,0.011816278100013733,0.0002
19451.0,41.0,0.01624174229800701,0.0002
19452.0,41.0,0.016068216413259506,0.0002
19453.0,41.0,0.01542650256305933,0.0002
19454.0,41.0,0.015380856581032276,0.0002
19455.0,41.0,0.016238132491707802,0.0002
19456.0,41.0,0.01379556953907013,0.0002
19457.0,41.0,0.013082814402878284,0.0002
19458.0,41.0,0.015556293539702892,0.0002
19459.0,41.0,0.012646579183638096,0.0002
19460.0,41.0,0.01596180349588394,0.0002
19461.0,41.0,0.01218254305422306,0.0002
19462.0,41.0,0.015554791316390038,0.0002
19463.0,41.0,0.014263452962040901,0.0002
19464.0,41.0,0.01507940236479044,0.0002
19465.0,41.0,0.014491565525531769,0.0002
19466.0,41.0,0.013019802048802376,0.0002
19467.0,41.0,0.014818466268479824,0.0002
19468.0,41.0,0.015083820559084415,0.0002
19469.0,41.0,0.012528615072369576,0.0002
19470.0,41.0,0.01614789105951786,0.0002
19471.0,41.0,0.016588151454925537,0.0002
19472.0,41.0,0.014694081619381905,0.0002
19473.0,41.0,0.016896501183509827,0.0002
19474.0,41.0,0.014106257818639278,0.0002
19475.0,41.0,0.01634233072400093,0.0002
19476.0,41.0,0.017215922474861145,0.0002
19477.0,41.0,0.018238935619592667,0.0002
19478.0,41.0,0.01611107960343361,0.0002
19479.0,41.0,0.013878128491342068,0.0002
19480.0,41.0,0.016041897237300873,0.0002
19481.0,41.0,0.009547114372253418,0.0002
19482.0,41.0,0.01635374128818512,0.0002
19483.0,41.0,0.015637066215276718,0.0002
19484.0,41.0,0.014309409074485302,0.0002
19485.0,41.0,0.014366526156663895,0.0002
19486.0,41.0,0.016838237643241882,0.0002
19487.0,41.0,0.016340479254722595,0.0002
19488.0,41.0,0.0167744979262352,0.0002
19489.0,41.0,0.015111451037228107,0.0002
19490.0,41.0,0.01697029545903206,0.0002
19491.0,41.0,0.01372781302779913,0.0002
19492.0,41.0,0.016146404668688774,0.0002
19493.0,41.0,0.013390538282692432,0.0002
19494.0,41.0,0.014991034753620625,0.0002
19495.0,41.0,0.013995143584907055,0.0002
19496.0,41.0,0.014889894053339958,0.0002
19497.0,41.0,0.01354918908327818,0.0002
19498.0,41.0,0.018524277955293655,0.0002
19499.0,41.0,0.018097219988703728,0.0002
19500.0,41.0,0.01440522726625204,0.0002
19501.0,41.0,0.013647429645061493,0.0002
19502.0,41.0,0.013762807473540306,0.0002
19503.0,41.0,0.014948077499866486,0.0002
19504.0,41.0,0.014581391587853432,0.0002
19505.0,41.0,0.016369754448533058,0.0002
19506.0,41.0,0.019094359129667282,0.0002
19507.0,41.0,0.015545274131000042,0.0002
19508.0,41.0,0.017027609050273895,0.0002
19509.0,41.0,0.012803412042558193,0.0002
19510.0,41.0,0.014855187386274338,0.0002
19511.0,41.0,0.014840464107692242,0.0002
19512.0,41.0,0.01448420062661171,0.0002
19513.0,41.0,0.01566522754728794,0.0002
19514.0,41.0,0.015276232734322548,0.0002
19515.0,41.0,0.012967024929821491,0.0002
19516.0,41.0,0.01747295632958412,0.0002
19517.0,41.0,0.01578320562839508,0.0002
19518.0,41.0,0.012316334061324596,0.0002
19519.0,41.0,0.012843137606978416,0.0002
19520.0,41.0,0.014931757003068924,0.0002
19521.0,41.0,0.011172577738761902,0.0002
19522.0,41.0,0.014535441063344479,0.0002
19523.0,41.0,0.01351388730108738,0.0002
19524.0,41.0,0.01283380575478077,0.0002
19525.0,41.0,0.012289410457015038,0.0002
19526.0,41.0,0.015661343932151794,0.0002
19527.0,41.0,0.014380406588315964,0.0002
19528.0,41.0,0.015508236363530159,0.0002
19529.0,41.0,0.014424916356801987,0.0002
19530.0,41.0,0.01546061597764492,0.0002
19531.0,41.0,0.014919353649020195,0.0002
19532.0,41.0,0.017401333898305893,0.0002
19533.0,41.0,0.017317287623882294,0.0002
19534.0,41.0,0.01739991456270218,0.0002
19535.0,41.0,0.016068074852228165,0.0002
19536.0,41.0,0.017284322530031204,0.0002
19537.0,41.0,0.014755841344594955,0.0002
19538.0,41.0,0.019966065883636475,0.0002
19539.0,41.0,0.014492711052298546,0.0002
19540.0,41.0,0.013750667683780193,0.0002
19541.0,41.0,0.010251101106405258,0.0002
19542.0,41.0,0.015265670605003834,0.0002
19543.0,41.0,0.013178152963519096,0.0002
19544.0,41.0,0.015525196678936481,0.0002
19545.0,41.0,0.0138006079941988,0.0002
19546.0,41.0,0.0155970249325037,0.0002
19547.0,41.0,0.017393819987773895,0.0002
19548.0,41.0,0.011925365775823593,0.0002
19549.0,41.0,0.014502440579235554,0.0002
19550.0,41.0,0.018090657889842987,0.0002
19551.0,41.0,0.01800902932882309,0.0002
19552.0,41.0,0.01562580093741417,0.0002
19553.0,41.0,0.015021387487649918,0.0002
19554.0,41.0,0.01145927608013153,0.0002
19555.0,41.0,0.014398226514458656,0.0002
19556.0,41.0,0.01670202612876892,0.0002
19557.0,41.0,0.015717405825853348,0.0002
19558.0,41.0,0.012699195183813572,0.0002
19559.0,41.0,0.01451684720814228,0.0002
19560.0,41.0,0.01640685647726059,0.0002
19561.0,41.0,0.013271445408463478,0.0002
19562.0,41.0,0.012986530549824238,0.0002
19563.0,41.0,0.02114567533135414,0.0002
19564.0,41.0,0.012137683108448982,0.0002
19565.0,41.0,0.01665063388645649,0.0002
19566.0,41.0,0.012502774596214294,0.0002
19567.0,41.0,0.009766564704477787,0.0002
19568.0,41.0,0.013798128813505173,0.0002
19569.0,41.0,0.01837354153394699,0.0002
19570.0,41.0,0.014782710000872612,0.0002
19571.0,41.0,0.016046123579144478,0.0002
19572.0,41.0,0.015085291117429733,0.0002
19573.0,41.0,0.013432227075099945,0.0002
19574.0,41.0,0.01365649327635765,0.0002
19575.0,41.0,0.017464205622673035,0.0002
19576.0,41.0,0.013642976060509682,0.0002
19577.0,41.0,0.0138980932533741,0.0002
19578.0,41.0,0.020203130319714546,0.0002
19579.0,41.0,0.0170997716486454,0.0002
19580.0,41.0,0.017164427787065506,0.0002
19581.0,41.0,0.013369779102504253,0.0002
19582.0,41.0,0.014222326688468456,0.0002
19583.0,41.0,0.01676253415644169,0.0002
19584.0,41.0,0.014135023579001427,0.0002
19585.0,41.0,0.012262970209121704,0.0002
19586.0,41.0,0.009774616919457912,0.0002
19587.0,41.0,0.015657417476177216,0.0002
19588.0,41.0,0.0182306207716465,0.0002
19589.0,41.0,0.014143628999590874,0.0002
19590.0,41.0,0.013050273060798645,0.0002
19591.0,41.0,0.016683969646692276,0.0002
19592.0,41.0,0.013431189581751823,0.0002
19593.0,41.0,0.0129578011110425,0.0002
19594.0,41.0,0.019099749624729156,0.0002
19595.0,41.0,0.013486562296748161,0.0002
19596.0,41.0,0.011765975505113602,0.0002
19597.0,41.0,0.015307975932955742,0.0002
19598.0,41.0,0.017024923115968704,0.0002
19599.0,41.0,0.016361495479941368,0.0002
19600.0,41.0,0.01425927970558405,0.0002
19601.0,41.0,0.01604197546839714,0.0002
19602.0,41.0,0.013561483472585678,0.0002
19603.0,41.0,0.015741724520921707,0.0002
19604.0,41.0,0.01350613683462143,0.0002
19605.0,41.0,0.01456322893500328,0.0002
19606.0,41.0,0.013746491633355618,0.0002
19607.0,41.0,0.010826047509908676,0.0002
19608.0,41.0,0.014997338876128197,0.0002
19609.0,41.0,0.013610005378723145,0.0002
19610.0,41.0,0.01576651632785797,0.0002
19611.0,41.0,0.018469886854290962,0.0002
19612.0,41.0,0.015176039189100266,0.0002
19613.0,41.0,0.013188852928578854,0.0002
19614.0,41.0,0.012632908299565315,0.0002
19615.0,41.0,0.016769109293818474,0.0002
19616.0,41.0,0.012325531803071499,0.0002
19617.0,41.0,0.015642285346984863,0.0002
19618.0,41.0,0.013461275957524776,0.0002
19619.0,41.0,0.012713316828012466,0.0002
19620.0,41.0,0.015994857996702194,0.0002
19621.0,41.0,0.014738265424966812,0.0002
19622.0,41.0,0.014364201575517654,0.0002
19623.0,41.0,0.013514000922441483,0.0002
19624.0,41.0,0.015696778893470764,0.0002
19625.0,41.0,0.014040120877325535,0.0002
19626.0,41.0,0.013295894488692284,0.0002
19627.0,41.0,0.01206858642399311,0.0002
19628.0,41.0,0.016014978289604187,0.0002
19629.0,41.0,0.014488933607935905,0.0002
19630.0,41.0,0.014755587093532085,0.0002
19631.0,41.0,0.013513069599866867,0.0002
19632.0,41.0,0.011858543381094933,0.0002
19633.0,41.0,0.013713877648115158,0.0002
19634.0,41.0,0.01595582254230976,0.0002
19635.0,41.0,0.015622014179825783,0.0002
19636.0,41.0,0.013138502836227417,0.0002
19637.0,41.0,0.012795115821063519,0.0002
19638.0,41.0,0.017336919903755188,0.0002
19639.0,41.0,0.015121512115001678,0.0002
19640.0,41.0,0.015765786170959473,0.0002
19641.0,41.0,0.01643204130232334,0.0002
19642.0,41.0,0.017796486616134644,0.0002
19643.0,41.0,0.014815137721598148,0.0002
19644.0,41.0,0.01537788100540638,0.0002
19645.0,41.0,0.014654170721769333,0.0002
19646.0,41.0,0.015468793921172619,0.0002
19647.0,41.0,0.016323303803801537,0.0002
19648.0,41.0,0.01963866502046585,0.0002
19649.0,41.0,0.016727857291698456,0.0002
19650.0,41.0,0.010403869673609734,0.0002
19651.0,41.0,0.01453319936990738,0.0002
19652.0,41.0,0.01797177642583847,0.0002
19653.0,41.0,0.019611254334449768,0.0002
19654.0,41.0,0.016928259283304214,0.0002
19655.0,41.0,0.02097919210791588,0.0002
19656.0,41.0,0.013161571696400642,0.0002
19657.0,42.0,0.012214941903948784,0.0002
19658.0,42.0,0.01489349827170372,0.0002
19659.0,42.0,0.015118831768631935,0.0002
19660.0,42.0,0.015361366793513298,0.0002
19661.0,42.0,0.012879906222224236,0.0002
19662.0,42.0,0.013520306907594204,0.0002
19663.0,42.0,0.017036274075508118,0.0002
19664.0,42.0,0.01233493722975254,0.0002
19665.0,42.0,0.016420790925621986,0.0002
19666.0,42.0,0.011535882949829102,0.0002
19667.0,42.0,0.013985371217131615,0.0002
19668.0,42.0,0.01080499216914177,0.0002
19669.0,42.0,0.015761788934469223,0.0002
19670.0,42.0,0.014367548748850822,0.0002
19671.0,42.0,0.015702396631240845,0.0002
19672.0,42.0,0.01691274158656597,0.0002
19673.0,42.0,0.016140222549438477,0.0002
19674.0,42.0,0.017101125791668892,0.0002
19675.0,42.0,0.013128992170095444,0.0002
19676.0,42.0,0.009994608350098133,0.0002
19677.0,42.0,0.010063715279102325,0.0002
19678.0,42.0,0.014108654111623764,0.0002
19679.0,42.0,0.014360702596604824,0.0002
19680.0,42.0,0.015368744730949402,0.0002
19681.0,42.0,0.013193795457482338,0.0002
19682.0,42.0,0.015574835240840912,0.0002
19683.0,42.0,0.013449798338115215,0.0002
19684.0,42.0,0.02009705826640129,0.0002
19685.0,42.0,0.012275027111172676,0.0002
19686.0,42.0,0.016600165516138077,0.0002
19687.0,42.0,0.014648796990513802,0.0002
19688.0,42.0,0.018000897020101547,0.0002
19689.0,42.0,0.014627965167164803,0.0002
19690.0,42.0,0.015251889824867249,0.0002
19691.0,42.0,0.014176128432154655,0.0002
19692.0,42.0,0.014261663891375065,0.0002
19693.0,42.0,0.01950290985405445,0.0002
19694.0,42.0,0.016854356974363327,0.0002
19695.0,42.0,0.01796882227063179,0.0002
19696.0,42.0,0.011609695851802826,0.0002
19697.0,42.0,0.012965657748281956,0.0002
19698.0,42.0,0.014915835112333298,0.0002
19699.0,42.0,0.01874540001153946,0.0002
19700.0,42.0,0.01249631680548191,0.0002
19701.0,42.0,0.013336526229977608,0.0002
19702.0,42.0,0.01339497696608305,0.0002
19703.0,42.0,0.014111334457993507,0.0002
19704.0,42.0,0.01580449566245079,0.0002
19705.0,42.0,0.016956288367509842,0.0002
19706.0,42.0,0.011635404080152512,0.0002
19707.0,42.0,0.0130536500364542,0.0002
19708.0,42.0,0.0175044946372509,0.0002
19709.0,42.0,0.014391286298632622,0.0002
19710.0,42.0,0.01136861927807331,0.0002
19711.0,42.0,0.012172616086900234,0.0002
19712.0,42.0,0.014849996194243431,0.0002
19713.0,42.0,0.014231055043637753,0.0002
19714.0,42.0,0.01571253500878811,0.0002
19715.0,42.0,0.014167344197630882,0.0002
19716.0,42.0,0.016883090138435364,0.0002
19717.0,42.0,0.012272866442799568,0.0002
19718.0,42.0,0.016844086349010468,0.0002
19719.0,42.0,0.012323985807597637,0.0002
19720.0,42.0,0.021190525963902473,0.0002
19721.0,42.0,0.014754100702702999,0.0002
19722.0,42.0,0.01201714389026165,0.0002
19723.0,42.0,0.014597795903682709,0.0002
19724.0,42.0,0.015049384906888008,0.0002
19725.0,42.0,0.015994064509868622,0.0002
19726.0,42.0,0.014448065310716629,0.0002
19727.0,42.0,0.01760384812951088,0.0002
19728.0,42.0,0.014830220490694046,0.0002
19729.0,42.0,0.013170972466468811,0.0002
19730.0,42.0,0.01776660978794098,0.0002
19731.0,42.0,0.020473696291446686,0.0002
19732.0,42.0,0.011231385171413422,0.0002
19733.0,42.0,0.012541151605546474,0.0002
19734.0,42.0,0.01997355744242668,0.0002
19735.0,42.0,0.01769362948834896,0.0002
19736.0,42.0,0.01714864745736122,0.0002
19737.0,42.0,0.014966005459427834,0.0002
19738.0,42.0,0.018515802919864655,0.0002
19739.0,42.0,0.013140629976987839,0.0002
19740.0,42.0,0.014371756464242935,0.0002
19741.0,42.0,0.013472311198711395,0.0002
19742.0,42.0,0.015683723613619804,0.0002
19743.0,42.0,0.013228852301836014,0.0002
19744.0,42.0,0.013263518922030926,0.0002
19745.0,42.0,0.014417160302400589,0.0002
19746.0,42.0,0.01560947485268116,0.0002
19747.0,42.0,0.012410582974553108,0.0002
19748.0,42.0,0.012388322502374649,0.0002
19749.0,42.0,0.016758207231760025,0.0002
19750.0,42.0,0.01606927439570427,0.0002
19751.0,42.0,0.01827586628496647,0.0002
19752.0,42.0,0.012014459818601608,0.0002
19753.0,42.0,0.01207792479544878,0.0002
19754.0,42.0,0.014690518379211426,0.0002
19755.0,42.0,0.017383243888616562,0.0002
19756.0,42.0,0.01597900688648224,0.0002
19757.0,42.0,0.011478232219815254,0.0002
19758.0,42.0,0.0186106376349926,0.0002
19759.0,42.0,0.01634402386844158,0.0002
19760.0,42.0,0.015937956050038338,0.0002
19761.0,42.0,0.012842129915952682,0.0002
19762.0,42.0,0.013309179805219173,0.0002
19763.0,42.0,0.017808418720960617,0.0002
19764.0,42.0,0.01480896957218647,0.0002
19765.0,42.0,0.014943543821573257,0.0002
19766.0,42.0,0.015789685770869255,0.0002
19767.0,42.0,0.017211604863405228,0.0002
19768.0,42.0,0.013620653189718723,0.0002
19769.0,42.0,0.016639811918139458,0.0002
19770.0,42.0,0.014090007171034813,0.0002
19771.0,42.0,0.013645436614751816,0.0002
19772.0,42.0,0.0135814743116498,0.0002
19773.0,42.0,0.014197178184986115,0.0002
19774.0,42.0,0.012023704126477242,0.0002
19775.0,42.0,0.016752593219280243,0.0002
19776.0,42.0,0.017341911792755127,0.0002
19777.0,42.0,0.013487517833709717,0.0002
19778.0,42.0,0.01370212808251381,0.0002
19779.0,42.0,0.013902927748858929,0.0002
19780.0,42.0,0.015116428956389427,0.0002
19781.0,42.0,0.013068725354969501,0.0002
19782.0,42.0,0.010840143077075481,0.0002
19783.0,42.0,0.015223639085888863,0.0002
19784.0,42.0,0.010431820526719093,0.0002
19785.0,42.0,0.01341109350323677,0.0002
19786.0,42.0,0.012994350865483284,0.0002
19787.0,42.0,0.016990048810839653,0.0002
19788.0,42.0,0.014905395917594433,0.0002
19789.0,42.0,0.013172484934329987,0.0002
19790.0,42.0,0.01740383356809616,0.0002
19791.0,42.0,0.013393884524703026,0.0002
19792.0,42.0,0.014912605285644531,0.0002
19793.0,42.0,0.013884504325687885,0.0002
19794.0,42.0,0.014863529242575169,0.0002
19795.0,42.0,0.017184166237711906,0.0002
19796.0,42.0,0.015289505012333393,0.0002
19797.0,42.0,0.016209211200475693,0.0002
19798.0,42.0,0.018116731196641922,0.0002
19799.0,42.0,0.016984915360808372,0.0002
19800.0,42.0,0.012949226424098015,0.0002
19801.0,42.0,0.018802212551236153,0.0002
19802.0,42.0,0.014779245480895042,0.0002
19803.0,42.0,0.015360831283032894,0.0002
19804.0,42.0,0.013832513242959976,0.0002
19805.0,42.0,0.0196062121540308,0.0002
19806.0,42.0,0.013305092230439186,0.0002
19807.0,42.0,0.013784250244498253,0.0002
19808.0,42.0,0.013996273279190063,0.0002
19809.0,42.0,0.011707490310072899,0.0002
19810.0,42.0,0.013882465660572052,0.0002
19811.0,42.0,0.015225182287395,0.0002
19812.0,42.0,0.016004528850317,0.0002
19813.0,42.0,0.014641442336142063,0.0002
19814.0,42.0,0.012708630412817001,0.0002
19815.0,42.0,0.01517188735306263,0.0002
19816.0,42.0,0.015838423743844032,0.0002
19817.0,42.0,0.013333391398191452,0.0002
19818.0,42.0,0.014057746157050133,0.0002
19819.0,42.0,0.015312561765313148,0.0002
19820.0,42.0,0.01379441749304533,0.0002
19821.0,42.0,0.015033681876957417,0.0002
19822.0,42.0,0.014995994046330452,0.0002
19823.0,42.0,0.01667812466621399,0.0002
19824.0,42.0,0.014473715797066689,0.0002
19825.0,42.0,0.016961243003606796,0.0002
19826.0,42.0,0.011501207947731018,0.0002
19827.0,42.0,0.013462962582707405,0.0002
19828.0,42.0,0.014276646077632904,0.0002
19829.0,42.0,0.012474892660975456,0.0002
19830.0,42.0,0.01671333983540535,0.0002
19831.0,42.0,0.012647561728954315,0.0002
19832.0,42.0,0.011783087626099586,0.0002
19833.0,42.0,0.013812396675348282,0.0002
19834.0,42.0,0.012277321889996529,0.0002
19835.0,42.0,0.016376035287976265,0.0002
19836.0,42.0,0.012437654659152031,0.0002
19837.0,42.0,0.015903443098068237,0.0002
19838.0,42.0,0.019619300961494446,0.0002
19839.0,42.0,0.01583525910973549,0.0002
19840.0,42.0,0.015265809372067451,0.0002
19841.0,42.0,0.01351184118539095,0.0002
19842.0,42.0,0.017063213512301445,0.0002
19843.0,42.0,0.013167396187782288,0.0002
19844.0,42.0,0.01606021821498871,0.0002
19845.0,42.0,0.013341844081878662,0.0002
19846.0,42.0,0.01452337671071291,0.0002
19847.0,42.0,0.01396150328218937,0.0002
19848.0,42.0,0.01637428067624569,0.0002
19849.0,42.0,0.01731220632791519,0.0002
19850.0,42.0,0.017097346484661102,0.0002
19851.0,42.0,0.014953495003283024,0.0002
19852.0,42.0,0.01471406314522028,0.0002
19853.0,42.0,0.016795270144939423,0.0002
19854.0,42.0,0.015824947506189346,0.0002
19855.0,42.0,0.014443302527070045,0.0002
19856.0,42.0,0.018160562962293625,0.0002
19857.0,42.0,0.013217393308877945,0.0002
19858.0,42.0,0.017644129693508148,0.0002
19859.0,42.0,0.01513919048011303,0.0002
19860.0,42.0,0.014141777530312538,0.0002
19861.0,42.0,0.013407442718744278,0.0002
19862.0,42.0,0.015142710879445076,0.0002
19863.0,42.0,0.015338050201535225,0.0002
19864.0,42.0,0.013231845572590828,0.0002
19865.0,42.0,0.015496790409088135,0.0002
19866.0,42.0,0.01142097357660532,0.0002
19867.0,42.0,0.01598462276160717,0.0002
19868.0,42.0,0.014414561912417412,0.0002
19869.0,42.0,0.01791522279381752,0.0002
19870.0,42.0,0.01642828993499279,0.0002
19871.0,42.0,0.014408176764845848,0.0002
19872.0,42.0,0.019172200933098793,0.0002
19873.0,42.0,0.015586964786052704,0.0002
19874.0,42.0,0.013706913217902184,0.0002
19875.0,42.0,0.016114206984639168,0.0002
19876.0,42.0,0.012702906504273415,0.0002
19877.0,42.0,0.012148842215538025,0.0002
19878.0,42.0,0.014663768000900745,0.0002
19879.0,42.0,0.013274924829602242,0.0002
19880.0,42.0,0.014140819199383259,0.0002
19881.0,42.0,0.014764465391635895,0.0002
19882.0,42.0,0.013678083196282387,0.0002
19883.0,42.0,0.01607716642320156,0.0002
19884.0,42.0,0.01768200285732746,0.0002
19885.0,42.0,0.014965800568461418,0.0002
19886.0,42.0,0.018242638558149338,0.0002
19887.0,42.0,0.015761595219373703,0.0002
19888.0,42.0,0.015341069549322128,0.0002
19889.0,42.0,0.015725944191217422,0.0002
19890.0,42.0,0.015233660116791725,0.0002
19891.0,42.0,0.017631234601140022,0.0002
19892.0,42.0,0.013374466449022293,0.0002
19893.0,42.0,0.018010884523391724,0.0002
19894.0,42.0,0.01575479283928871,0.0002
19895.0,42.0,0.014764807187020779,0.0002
19896.0,42.0,0.013177202083170414,0.0002
19897.0,42.0,0.01317443884909153,0.0002
19898.0,42.0,0.01211548037827015,0.0002
19899.0,42.0,0.01367953047156334,0.0002
19900.0,42.0,0.015724211931228638,0.0002
19901.0,42.0,0.01861787587404251,0.0002
19902.0,42.0,0.015982696786522865,0.0002
19903.0,42.0,0.01691158302128315,0.0002
19904.0,42.0,0.014631092548370361,0.0002
19905.0,42.0,0.015324060805141926,0.0002
19906.0,42.0,0.01178761012852192,0.0002
19907.0,42.0,0.01177295297384262,0.0002
19908.0,42.0,0.01410794910043478,0.0002
19909.0,42.0,0.014499569311738014,0.0002
19910.0,42.0,0.013352524489164352,0.0002
19911.0,42.0,0.0146913668140769,0.0002
19912.0,42.0,0.01405186578631401,0.0002
19913.0,42.0,0.013938674703240395,0.0002
19914.0,42.0,0.008999329060316086,0.0002
19915.0,42.0,0.013088197447359562,0.0002
19916.0,42.0,0.01374579593539238,0.0002
19917.0,42.0,0.011574296280741692,0.0002
19918.0,42.0,0.015322381630539894,0.0002
19919.0,42.0,0.016761858016252518,0.0002
19920.0,42.0,0.017098423093557358,0.0002
19921.0,42.0,0.017837006598711014,0.0002
19922.0,42.0,0.01272764801979065,0.0002
19923.0,42.0,0.012514928355813026,0.0002
19924.0,42.0,0.01676403358578682,0.0002
19925.0,42.0,0.01709119789302349,0.0002
19926.0,42.0,0.01244752760976553,0.0002
19927.0,42.0,0.015185857191681862,0.0002
19928.0,42.0,0.012588778510689735,0.0002
19929.0,42.0,0.015860749408602715,0.0002
19930.0,42.0,0.01616606116294861,0.0002
19931.0,42.0,0.019870398566126823,0.0002
19932.0,42.0,0.014658511616289616,0.0002
19933.0,42.0,0.015076057985424995,0.0002
19934.0,42.0,0.016365457326173782,0.0002
19935.0,42.0,0.018733642995357513,0.0002
19936.0,42.0,0.01491924561560154,0.0002
19937.0,42.0,0.011692678555846214,0.0002
19938.0,42.0,0.01298808678984642,0.0002
19939.0,42.0,0.018751133233308792,0.0002
19940.0,42.0,0.017456213012337685,0.0002
19941.0,42.0,0.018145492300391197,0.0002
19942.0,42.0,0.016384098678827286,0.0002
19943.0,42.0,0.012510782107710838,0.0002
19944.0,42.0,0.01568016968667507,0.0002
19945.0,42.0,0.015849590301513672,0.0002
19946.0,42.0,0.013817467726767063,0.0002
19947.0,42.0,0.01611737720668316,0.0002
19948.0,42.0,0.015544136986136436,0.0002
19949.0,42.0,0.014919864013791084,0.0002
19950.0,42.0,0.012576833367347717,0.0002
19951.0,42.0,0.01225745677947998,0.0002
19952.0,42.0,0.014413530007004738,0.0002
19953.0,42.0,0.0161270834505558,0.0002
19954.0,42.0,0.013533106073737144,0.0002
19955.0,42.0,0.015641840174794197,0.0002
19956.0,42.0,0.012258256785571575,0.0002
19957.0,42.0,0.015291057527065277,0.0002
19958.0,42.0,0.01871974766254425,0.0002
19959.0,42.0,0.013621490448713303,0.0002
19960.0,42.0,0.013995759189128876,0.0002
19961.0,42.0,0.016717668622732162,0.0002
19962.0,42.0,0.013952704146504402,0.0002
19963.0,42.0,0.019356613978743553,0.0002
19964.0,42.0,0.014639638364315033,0.0002
19965.0,42.0,0.015860838815569878,0.0002
19966.0,42.0,0.014918768778443336,0.0002
19967.0,42.0,0.01676083356142044,0.0002
19968.0,42.0,0.01250886358320713,0.0002
19969.0,42.0,0.010378532111644745,0.0002
19970.0,42.0,0.015791814774274826,0.0002
19971.0,42.0,0.013108707964420319,0.0002
19972.0,42.0,0.01750291883945465,0.0002
19973.0,42.0,0.017787745222449303,0.0002
19974.0,42.0,0.017333559691905975,0.0002
19975.0,42.0,0.015205864794552326,0.0002
19976.0,42.0,0.018298806622624397,0.0002
19977.0,42.0,0.013258316554129124,0.0002
19978.0,42.0,0.013920082710683346,0.0002
19979.0,42.0,0.016311727464199066,0.0002
19980.0,42.0,0.01587417908012867,0.0002
19981.0,42.0,0.013980165123939514,0.0002
19982.0,42.0,0.01718209497630596,0.0002
19983.0,42.0,0.016424056142568588,0.0002
19984.0,42.0,0.01567685417830944,0.0002
19985.0,42.0,0.019152747467160225,0.0002
19986.0,42.0,0.016079667955636978,0.0002
19987.0,42.0,0.011843401938676834,0.0002
19988.0,42.0,0.012475499883294106,0.0002
19989.0,42.0,0.017286714166402817,0.0002
19990.0,42.0,0.013107778504490852,0.0002
19991.0,42.0,0.015043641440570354,0.0002
19992.0,42.0,0.012764286249876022,0.0002
19993.0,42.0,0.01615031436085701,0.0002
19994.0,42.0,0.012123540975153446,0.0002
19995.0,42.0,0.015015149489045143,0.0002
19996.0,42.0,0.01783168315887451,0.0002
19997.0,42.0,0.014003073796629906,0.0002
19998.0,42.0,0.014707732945680618,0.0002
19999.0,42.0,0.014233805239200592,0.0002
20000.0,42.0,0.014040792360901833,0.0002
20001.0,42.0,0.013904234394431114,0.0002
20002.0,42.0,0.015381388366222382,0.0002
20003.0,42.0,0.018169455230236053,0.0002
20004.0,42.0,0.015776069834828377,0.0002
20005.0,42.0,0.01306360773742199,0.0002
20006.0,42.0,0.017684053629636765,0.0002
20007.0,42.0,0.012020600959658623,0.0002
20008.0,42.0,0.016352320089936256,0.0002
20009.0,42.0,0.021616481244564056,0.0002
20010.0,42.0,0.013649601489305496,0.0002
20011.0,42.0,0.011785805225372314,0.0002
20012.0,42.0,0.015613261610269547,0.0002
20013.0,42.0,0.013929738663136959,0.0002
20014.0,42.0,0.013395852409303188,0.0002
20015.0,42.0,0.017546074464917183,0.0002
20016.0,42.0,0.01292133703827858,0.0002
20017.0,42.0,0.01804434508085251,0.0002
20018.0,42.0,0.014610244892537594,0.0002
20019.0,42.0,0.016477420926094055,0.0002
20020.0,42.0,0.019836289808154106,0.0002
20021.0,42.0,0.01128637045621872,0.0002
20022.0,42.0,0.017768174409866333,0.0002
20023.0,42.0,0.016498614102602005,0.0002
20024.0,42.0,0.014173638075590134,0.0002
20025.0,42.0,0.014581568539142609,0.0002
20026.0,42.0,0.015294848009943962,0.0002
20027.0,42.0,0.014309081248939037,0.0002
20028.0,42.0,0.012516777962446213,0.0002
20029.0,42.0,0.014793694019317627,0.0002
20030.0,42.0,0.01495441421866417,0.0002
20031.0,42.0,0.014166941866278648,0.0002
20032.0,42.0,0.015224249102175236,0.0002
20033.0,42.0,0.015010781586170197,0.0002
20034.0,42.0,0.01186405774205923,0.0002
20035.0,42.0,0.015282145701348782,0.0002
20036.0,42.0,0.013753366656601429,0.0002
20037.0,42.0,0.015685299411416054,0.0002
20038.0,42.0,0.013136106543242931,0.0002
20039.0,42.0,0.015845254063606262,0.0002
20040.0,42.0,0.015291665680706501,0.0002
20041.0,42.0,0.017079457640647888,0.0002
20042.0,42.0,0.013108167797327042,0.0002
20043.0,42.0,0.009647434577345848,0.0002
20044.0,42.0,0.019162705168128014,0.0002
20045.0,42.0,0.01641535386443138,0.0002
20046.0,42.0,0.01407826878130436,0.0002
20047.0,42.0,0.016949713230133057,0.0002
20048.0,42.0,0.011932270601391792,0.0002
20049.0,42.0,0.012787130661308765,0.0002
20050.0,42.0,0.016980022192001343,0.0002
20051.0,42.0,0.013967161998152733,0.0002
20052.0,42.0,0.012228220701217651,0.0002
20053.0,42.0,0.016037706285715103,0.0002
20054.0,42.0,0.015548980794847012,0.0002
20055.0,42.0,0.015603886917233467,0.0002
20056.0,42.0,0.013808602467179298,0.0002
20057.0,42.0,0.01508131343871355,0.0002
20058.0,42.0,0.012502918019890785,0.0002
20059.0,42.0,0.016001198440790176,0.0002
20060.0,42.0,0.01424802839756012,0.0002
20061.0,42.0,0.01814642921090126,0.0002
20062.0,42.0,0.015248636715114117,0.0002
20063.0,42.0,0.010975329205393791,0.0002
20064.0,42.0,0.015194307081401348,0.0002
20065.0,42.0,0.014899833127856255,0.0002
20066.0,42.0,0.013844940811395645,0.0002
20067.0,42.0,0.01643473282456398,0.0002
20068.0,42.0,0.015512920916080475,0.0002
20069.0,42.0,0.017477868124842644,0.0002
20070.0,42.0,0.015323656611144543,0.0002
20071.0,42.0,0.014143195003271103,0.0002
20072.0,42.0,0.01820286363363266,0.0002
20073.0,42.0,0.014645854942500591,0.0002
20074.0,42.0,0.014027275145053864,0.0002
20075.0,42.0,0.014055706560611725,0.0002
20076.0,42.0,0.0189276784658432,0.0002
20077.0,42.0,0.013744081370532513,0.0002
20078.0,42.0,0.01372914481908083,0.0002
20079.0,42.0,0.014578391797840595,0.0002
20080.0,42.0,0.01474427804350853,0.0002
20081.0,42.0,0.01444611232727766,0.0002
20082.0,42.0,0.013851180672645569,0.0002
20083.0,42.0,0.01628764718770981,0.0002
20084.0,42.0,0.01812531054019928,0.0002
20085.0,42.0,0.012484414502978325,0.0002
20086.0,42.0,0.016009964048862457,0.0002
20087.0,42.0,0.015891067683696747,0.0002
20088.0,42.0,0.016448043286800385,0.0002
20089.0,42.0,0.016645967960357666,0.0002
20090.0,42.0,0.01984194479882717,0.0002
20091.0,42.0,0.01765969954431057,0.0002
20092.0,42.0,0.017291897907853127,0.0002
20093.0,42.0,0.017006587237119675,0.0002
20094.0,42.0,0.017414798960089684,0.0002
20095.0,42.0,0.017420519143342972,0.0002
20096.0,42.0,0.015080511569976807,0.0002
20097.0,42.0,0.019754745066165924,0.0002
20098.0,42.0,0.013281743973493576,0.0002
20099.0,42.0,0.015923187136650085,0.0002
20100.0,42.0,0.016382085159420967,0.0002
20101.0,42.0,0.013824500143527985,0.0002
20102.0,42.0,0.01559528335928917,0.0002
20103.0,42.0,0.014234859496355057,0.0002
20104.0,42.0,0.013491572812199593,0.0002
20105.0,42.0,0.01896214485168457,0.0002
20106.0,42.0,0.016081253066658974,0.0002
20107.0,42.0,0.015627996996045113,0.0002
20108.0,42.0,0.010039204731583595,0.0002
20109.0,42.0,0.015917303040623665,0.0002
20110.0,42.0,0.010796044021844864,0.0002
20111.0,42.0,0.014575401321053505,0.0002
20112.0,42.0,0.014169169589877129,0.0002
20113.0,42.0,0.014878354966640472,0.0002
20114.0,42.0,0.014238282106816769,0.0002
20115.0,42.0,0.01819193921983242,0.0002
20116.0,42.0,0.015111974440515041,0.0002
20117.0,42.0,0.011462349444627762,0.0002
20118.0,42.0,0.014657452702522278,0.0002
20119.0,42.0,0.014081275090575218,0.0002
20120.0,42.0,0.010645952075719833,0.0002
20121.0,42.0,0.013551583513617516,0.0002
20122.0,42.0,0.014793410897254944,0.0002
20123.0,42.0,0.014517668634653091,0.0002
20124.0,42.0,0.01363071147352457,0.0002
20125.0,43.0,0.01627463847398758,0.0002
20126.0,43.0,0.013823790475726128,0.0002
20127.0,43.0,0.014219574630260468,0.0002
20128.0,43.0,0.019613340497016907,0.0002
20129.0,43.0,0.011710930615663528,0.0002
20130.0,43.0,0.011991397477686405,0.0002
20131.0,43.0,0.014773143455386162,0.0002
20132.0,43.0,0.010539312846958637,0.0002
20133.0,43.0,0.016971487551927567,0.0002
20134.0,43.0,0.015444875694811344,0.0002
20135.0,43.0,0.015282048843801022,0.0002
20136.0,43.0,0.015640541911125183,0.0002
20137.0,43.0,0.01239812932908535,0.0002
20138.0,43.0,0.016983773559331894,0.0002
20139.0,43.0,0.012421134859323502,0.0002
20140.0,43.0,0.01428248081356287,0.0002
20141.0,43.0,0.013462532311677933,0.0002
20142.0,43.0,0.0160178542137146,0.0002
20143.0,43.0,0.015460116788744926,0.0002
20144.0,43.0,0.015058339573442936,0.0002
20145.0,43.0,0.017737284302711487,0.0002
20146.0,43.0,0.012633796781301498,0.0002
20147.0,43.0,0.015239626169204712,0.0002
20148.0,43.0,0.013367660343647003,0.0002
20149.0,43.0,0.01483711414039135,0.0002
20150.0,43.0,0.012538187205791473,0.0002
20151.0,43.0,0.013286972418427467,0.0002
20152.0,43.0,0.019186416640877724,0.0002
20153.0,43.0,0.01681347005069256,0.0002
20154.0,43.0,0.016982000321149826,0.0002
20155.0,43.0,0.01794474944472313,0.0002
20156.0,43.0,0.015786420553922653,0.0002
20157.0,43.0,0.015097348019480705,0.0002
20158.0,43.0,0.010416706092655659,0.0002
20159.0,43.0,0.016143206506967545,0.0002
20160.0,43.0,0.015462363138794899,0.0002
20161.0,43.0,0.013043195940554142,0.0002
20162.0,43.0,0.013416600413620472,0.0002
20163.0,43.0,0.014237133786082268,0.0002
20164.0,43.0,0.014894712716341019,0.0002
20165.0,43.0,0.016078656539320946,0.0002
20166.0,43.0,0.012761858291924,0.0002
20167.0,43.0,0.01281849853694439,0.0002
20168.0,43.0,0.015608913265168667,0.0002
20169.0,43.0,0.015005230903625488,0.0002
20170.0,43.0,0.013688592240214348,0.0002
20171.0,43.0,0.014033445157110691,0.0002
20172.0,43.0,0.01778613030910492,0.0002
20173.0,43.0,0.01539610791951418,0.0002
20174.0,43.0,0.013759741559624672,0.0002
20175.0,43.0,0.014888342469930649,0.0002
20176.0,43.0,0.01598917320370674,0.0002
20177.0,43.0,0.016091493889689445,0.0002
20178.0,43.0,0.017365925014019012,0.0002
20179.0,43.0,0.013311020098626614,0.0002
20180.0,43.0,0.013348978944122791,0.0002
20181.0,43.0,0.013974355533719063,0.0002
20182.0,43.0,0.01443790178745985,0.0002
20183.0,43.0,0.01654055155813694,0.0002
20184.0,43.0,0.012812973000109196,0.0002
20185.0,43.0,0.013867663219571114,0.0002
20186.0,43.0,0.016604740172624588,0.0002
20187.0,43.0,0.015136389061808586,0.0002
20188.0,43.0,0.016641823574900627,0.0002
20189.0,43.0,0.014998403377830982,0.0002
20190.0,43.0,0.01680930331349373,0.0002
20191.0,43.0,0.01685410924255848,0.0002
20192.0,43.0,0.01842215284705162,0.0002
20193.0,43.0,0.016145117580890656,0.0002
20194.0,43.0,0.010959907434880733,0.0002
20195.0,43.0,0.011752234771847725,0.0002
20196.0,43.0,0.01562100276350975,0.0002
20197.0,43.0,0.014718281105160713,0.0002
20198.0,43.0,0.014691600576043129,0.0002
20199.0,43.0,0.013779651373624802,0.0002
20200.0,43.0,0.01506840344518423,0.0002
20201.0,43.0,0.014573079533874989,0.0002
20202.0,43.0,0.01583101600408554,0.0002
20203.0,43.0,0.016471026465296745,0.0002
20204.0,43.0,0.017233163118362427,0.0002
20205.0,43.0,0.015301411971449852,0.0002
20206.0,43.0,0.010079735890030861,0.0002
20207.0,43.0,0.013605323620140553,0.0002
20208.0,43.0,0.01401413232088089,0.0002
20209.0,43.0,0.014873400330543518,0.0002
20210.0,43.0,0.010926734656095505,0.0002
20211.0,43.0,0.013888122513890266,0.0002
20212.0,43.0,0.016092151403427124,0.0002
20213.0,43.0,0.012911051511764526,0.0002
20214.0,43.0,0.015462088398635387,0.0002
20215.0,43.0,0.01882968097925186,0.0002
20216.0,43.0,0.019101783633232117,0.0002
20217.0,43.0,0.016843443736433983,0.0002
20218.0,43.0,0.011955399066209793,0.0002
20219.0,43.0,0.01746000535786152,0.0002
20220.0,43.0,0.014873741194605827,0.0002
20221.0,43.0,0.016783129423856735,0.0002
20222.0,43.0,0.013538530096411705,0.0002
20223.0,43.0,0.016163861379027367,0.0002
20224.0,43.0,0.013978403061628342,0.0002
20225.0,43.0,0.017777005210518837,0.0002
20226.0,43.0,0.016518745571374893,0.0002
20227.0,43.0,0.016133692115545273,0.0002
20228.0,43.0,0.011781817302107811,0.0002
20229.0,43.0,0.015037000179290771,0.0002
20230.0,43.0,0.013944428414106369,0.0002
20231.0,43.0,0.014896205626428127,0.0002
20232.0,43.0,0.009814617224037647,0.0002
20233.0,43.0,0.012287085875868797,0.0002
20234.0,43.0,0.014917641878128052,0.0002
20235.0,43.0,0.015991706401109695,0.0002
20236.0,43.0,0.01373929250985384,0.0002
20237.0,43.0,0.01512184552848339,0.0002
20238.0,43.0,0.01612587459385395,0.0002
20239.0,43.0,0.014120055362582207,0.0002
20240.0,43.0,0.014746038243174553,0.0002
20241.0,43.0,0.014215282164514065,0.0002
20242.0,43.0,0.017650727182626724,0.0002
20243.0,43.0,0.011358199641108513,0.0002
20244.0,43.0,0.011661842465400696,0.0002
20245.0,43.0,0.010798441246151924,0.0002
20246.0,43.0,0.014749985188245773,0.0002
20247.0,43.0,0.011846985667943954,0.0002
20248.0,43.0,0.012240094132721424,0.0002
20249.0,43.0,0.015904666855931282,0.0002
20250.0,43.0,0.013249155133962631,0.0002
20251.0,43.0,0.015453334897756577,0.0002
20252.0,43.0,0.011361656710505486,0.0002
20253.0,43.0,0.013935000635683537,0.0002
20254.0,43.0,0.015979673713445663,0.0002
20255.0,43.0,0.01207249891012907,0.0002
20256.0,43.0,0.014997914433479309,0.0002
20257.0,43.0,0.016067538410425186,0.0002
20258.0,43.0,0.016284070909023285,0.0002
20259.0,43.0,0.012371680699288845,0.0002
20260.0,43.0,0.014256072230637074,0.0002
20261.0,43.0,0.01475982740521431,0.0002
20262.0,43.0,0.01679953932762146,0.0002
20263.0,43.0,0.018415629863739014,0.0002
20264.0,43.0,0.01785566657781601,0.0002
20265.0,43.0,0.015053343027830124,0.0002
20266.0,43.0,0.012327229604125023,0.0002
20267.0,43.0,0.01873028464615345,0.0002
20268.0,43.0,0.015585659071803093,0.0002
20269.0,43.0,0.01544752437621355,0.0002
20270.0,43.0,0.013446624390780926,0.0002
20271.0,43.0,0.01551244780421257,0.0002
20272.0,43.0,0.015518572181463242,0.0002
20273.0,43.0,0.013667363673448563,0.0002
20274.0,43.0,0.018909789621829987,0.0002
20275.0,43.0,0.01867135427892208,0.0002
20276.0,43.0,0.013352740556001663,0.0002
20277.0,43.0,0.015235498547554016,0.0002
20278.0,43.0,0.014015452936291695,0.0002
20279.0,43.0,0.0159190334379673,0.0002
20280.0,43.0,0.013718907721340656,0.0002
20281.0,43.0,0.015492764301598072,0.0002
20282.0,43.0,0.013853008858859539,0.0002
20283.0,43.0,0.014914042316377163,0.0002
20284.0,43.0,0.017809834331274033,0.0002
20285.0,43.0,0.012354811653494835,0.0002
20286.0,43.0,0.017125532031059265,0.0002
20287.0,43.0,0.011885380372405052,0.0002
20288.0,43.0,0.01286998763680458,0.0002
20289.0,43.0,0.014609347097575665,0.0002
20290.0,43.0,0.0151826785877347,0.0002
20291.0,43.0,0.017100218683481216,0.0002
20292.0,43.0,0.013935772702097893,0.0002
20293.0,43.0,0.01854926533997059,0.0002
20294.0,43.0,0.015132744796574116,0.0002
20295.0,43.0,0.013778550550341606,0.0002
20296.0,43.0,0.014897940680384636,0.0002
20297.0,43.0,0.015025298111140728,0.0002
20298.0,43.0,0.014814991503953934,0.0002
20299.0,43.0,0.010781679302453995,0.0002
20300.0,43.0,0.014903508126735687,0.0002
20301.0,43.0,0.01626727357506752,0.0002
20302.0,43.0,0.019747907295823097,0.0002
20303.0,43.0,0.015614679083228111,0.0002
20304.0,43.0,0.01515142060816288,0.0002
20305.0,43.0,0.01262163370847702,0.0002
20306.0,43.0,0.01534662302583456,0.0002
20307.0,43.0,0.012339684180915356,0.0002
20308.0,43.0,0.010623600333929062,0.0002
20309.0,43.0,0.01399642787873745,0.0002
20310.0,43.0,0.012805459089577198,0.0002
20311.0,43.0,0.015411369502544403,0.0002
20312.0,43.0,0.014187823981046677,0.0002
20313.0,43.0,0.015079343691468239,0.0002
20314.0,43.0,0.018013164401054382,0.0002
20315.0,43.0,0.013570445589721203,0.0002
20316.0,43.0,0.019627034664154053,0.0002
20317.0,43.0,0.012165609747171402,0.0002
20318.0,43.0,0.014423856511712074,0.0002
20319.0,43.0,0.014901967719197273,0.0002
20320.0,43.0,0.017109021544456482,0.0002
20321.0,43.0,0.013245649635791779,0.0002
20322.0,43.0,0.01481911912560463,0.0002
20323.0,43.0,0.014182195998728275,0.0002
20324.0,43.0,0.01553783006966114,0.0002
20325.0,43.0,0.01508910208940506,0.0002
20326.0,43.0,0.013244377449154854,0.0002
20327.0,43.0,0.015665773302316666,0.0002
20328.0,43.0,0.014999371021986008,0.0002
20329.0,43.0,0.01595478504896164,0.0002
20330.0,43.0,0.014955480583012104,0.0002
20331.0,43.0,0.016454916447401047,0.0002
20332.0,43.0,0.014170732349157333,0.0002
20333.0,43.0,0.019293632358312607,0.0002
20334.0,43.0,0.018128104507923126,0.0002
20335.0,43.0,0.014693687669932842,0.0002
20336.0,43.0,0.014107966795563698,0.0002
20337.0,43.0,0.013934031128883362,0.0002
20338.0,43.0,0.016091812402009964,0.0002
20339.0,43.0,0.017709819599986076,0.0002
20340.0,43.0,0.016216212883591652,0.0002
20341.0,43.0,0.01328711211681366,0.0002
20342.0,43.0,0.011638103984296322,0.0002
20343.0,43.0,0.015840888023376465,0.0002
20344.0,43.0,0.014743982814252377,0.0002
20345.0,43.0,0.015705935657024384,0.0002
20346.0,43.0,0.014579908922314644,0.0002
20347.0,43.0,0.01388476137071848,0.0002
20348.0,43.0,0.01729402504861355,0.0002
20349.0,43.0,0.017026547342538834,0.0002
20350.0,43.0,0.021232303231954575,0.0002
20351.0,43.0,0.013072097674012184,0.0002
20352.0,43.0,0.01452787034213543,0.0002
20353.0,43.0,0.017068907618522644,0.0002
20354.0,43.0,0.01733815297484398,0.0002
20355.0,43.0,0.01575017347931862,0.0002
20356.0,43.0,0.01892455667257309,0.0002
20357.0,43.0,0.01701735332608223,0.0002
20358.0,43.0,0.014278347603976727,0.0002
20359.0,43.0,0.014248120598495007,0.0002
20360.0,43.0,0.01397617720067501,0.0002
20361.0,43.0,0.017263084650039673,0.0002
20362.0,43.0,0.015481381677091122,0.0002
20363.0,43.0,0.01383234839886427,0.0002
20364.0,43.0,0.016477791592478752,0.0002
20365.0,43.0,0.014324180781841278,0.0002
20366.0,43.0,0.013219984248280525,0.0002
20367.0,43.0,0.014149671420454979,0.0002
20368.0,43.0,0.01806323044002056,0.0002
20369.0,43.0,0.0158725343644619,0.0002
20370.0,43.0,0.013573797419667244,0.0002
20371.0,43.0,0.013051562011241913,0.0002
20372.0,43.0,0.013584345579147339,0.0002
20373.0,43.0,0.015705393627285957,0.0002
20374.0,43.0,0.018186546862125397,0.0002
20375.0,43.0,0.017846357077360153,0.0002
20376.0,43.0,0.015825342386960983,0.0002
20377.0,43.0,0.012057865038514137,0.0002
20378.0,43.0,0.013171921484172344,0.0002
20379.0,43.0,0.012653367593884468,0.0002
20380.0,43.0,0.014930739998817444,0.0002
20381.0,43.0,0.014601286500692368,0.0002
20382.0,43.0,0.018769042566418648,0.0002
20383.0,43.0,0.015631236135959625,0.0002
20384.0,43.0,0.012248977087438107,0.0002
20385.0,43.0,0.01256297156214714,0.0002
20386.0,43.0,0.01572943478822708,0.0002
20387.0,43.0,0.019027460366487503,0.0002
20388.0,43.0,0.015595527365803719,0.0002
20389.0,43.0,0.016619281843304634,0.0002
20390.0,43.0,0.014458874240517616,0.0002
20391.0,43.0,0.018388060852885246,0.0002
20392.0,43.0,0.014186264015734196,0.0002
20393.0,43.0,0.015117747709155083,0.0002
20394.0,43.0,0.016146309673786163,0.0002
20395.0,43.0,0.014869042672216892,0.0002
20396.0,43.0,0.013329876586794853,0.0002
20397.0,43.0,0.014037379994988441,0.0002
20398.0,43.0,0.011411843821406364,0.0002
20399.0,43.0,0.013226121664047241,0.0002
20400.0,43.0,0.012094231322407722,0.0002
20401.0,43.0,0.013553554192185402,0.0002
20402.0,43.0,0.012257130816578865,0.0002
20403.0,43.0,0.01680130884051323,0.0002
20404.0,43.0,0.013424839824438095,0.0002
20405.0,43.0,0.014946775510907173,0.0002
20406.0,43.0,0.013895221054553986,0.0002
20407.0,43.0,0.014169761911034584,0.0002
20408.0,43.0,0.012870731763541698,0.0002
20409.0,43.0,0.01632591150701046,0.0002
20410.0,43.0,0.012910488992929459,0.0002
20411.0,43.0,0.014372827485203743,0.0002
20412.0,43.0,0.013624604791402817,0.0002
20413.0,43.0,0.01786820963025093,0.0002
20414.0,43.0,0.013834052719175816,0.0002
20415.0,43.0,0.013525018468499184,0.0002
20416.0,43.0,0.016717182472348213,0.0002
20417.0,43.0,0.01604728400707245,0.0002
20418.0,43.0,0.013885087333619595,0.0002
20419.0,43.0,0.010326364077627659,0.0002
20420.0,43.0,0.01715603843331337,0.0002
20421.0,43.0,0.015375431627035141,0.0002
20422.0,43.0,0.01658865436911583,0.0002
20423.0,43.0,0.014931485056877136,0.0002
20424.0,43.0,0.012498117983341217,0.0002
20425.0,43.0,0.017734894528985023,0.0002
20426.0,43.0,0.014943744987249374,0.0002
20427.0,43.0,0.013077331706881523,0.0002
20428.0,43.0,0.016135280951857567,0.0002
20429.0,43.0,0.01612352952361107,0.0002
20430.0,43.0,0.013831390999257565,0.0002
20431.0,43.0,0.01597769930958748,0.0002
20432.0,43.0,0.013949483633041382,0.0002
20433.0,43.0,0.013799520209431648,0.0002
20434.0,43.0,0.0165147352963686,0.0002
20435.0,43.0,0.012307660654187202,0.0002
20436.0,43.0,0.017335310578346252,0.0002
20437.0,43.0,0.014715483412146568,0.0002
20438.0,43.0,0.013667256571352482,0.0002
20439.0,43.0,0.013001474551856518,0.0002
20440.0,43.0,0.014739393256604671,0.0002
20441.0,43.0,0.015141609124839306,0.0002
20442.0,43.0,0.017340004444122314,0.0002
20443.0,43.0,0.01591155119240284,0.0002
20444.0,43.0,0.01315624825656414,0.0002
20445.0,43.0,0.01647472009062767,0.0002
20446.0,43.0,0.015556572005152702,0.0002
20447.0,43.0,0.016195781528949738,0.0002
20448.0,43.0,0.01664118468761444,0.0002
20449.0,43.0,0.0158988144248724,0.0002
20450.0,43.0,0.01470289845019579,0.0002
20451.0,43.0,0.013568936847150326,0.0002
20452.0,43.0,0.01312565989792347,0.0002
20453.0,43.0,0.014052220620214939,0.0002
20454.0,43.0,0.01512534823268652,0.0002
20455.0,43.0,0.016780652105808258,0.0002
20456.0,43.0,0.014682617038488388,0.0002
20457.0,43.0,0.01675340346992016,0.0002
20458.0,43.0,0.015483945608139038,0.0002
20459.0,43.0,0.015107779763638973,0.0002
20460.0,43.0,0.015248752199113369,0.0002
20461.0,43.0,0.01405344344675541,0.0002
20462.0,43.0,0.011271441355347633,0.0002
20463.0,43.0,0.017759984359145164,0.0002
20464.0,43.0,0.01650117337703705,0.0002
20465.0,43.0,0.01487509161233902,0.0002
20466.0,43.0,0.013463709503412247,0.0002
20467.0,43.0,0.01695675402879715,0.0002
20468.0,43.0,0.013604149222373962,0.0002
20469.0,43.0,0.01670297421514988,0.0002
20470.0,43.0,0.015953565016388893,0.0002
20471.0,43.0,0.015953432768583298,0.0002
20472.0,43.0,0.013376539573073387,0.0002
20473.0,43.0,0.014791937544941902,0.0002
20474.0,43.0,0.018765805289149284,0.0002
20475.0,43.0,0.02029656618833542,0.0002
20476.0,43.0,0.014260346069931984,0.0002
20477.0,43.0,0.014401329681277275,0.0002
20478.0,43.0,0.015900401398539543,0.0002
20479.0,43.0,0.011691357009112835,0.0002
20480.0,43.0,0.01728188991546631,0.0002
20481.0,43.0,0.01442994549870491,0.0002
20482.0,43.0,0.014058404602110386,0.0002
20483.0,43.0,0.01467016153037548,0.0002
20484.0,43.0,0.013313297182321548,0.0002
20485.0,43.0,0.013209210708737373,0.0002
20486.0,43.0,0.017357848584651947,0.0002
20487.0,43.0,0.016669414937496185,0.0002
20488.0,43.0,0.015570572577416897,0.0002
20489.0,43.0,0.010095052421092987,0.0002
20490.0,43.0,0.016152536496520042,0.0002
20491.0,43.0,0.015581397339701653,0.0002
20492.0,43.0,0.013023310340940952,0.0002
20493.0,43.0,0.01692788302898407,0.0002
20494.0,43.0,0.015993576496839523,0.0002
20495.0,43.0,0.01748686283826828,0.0002
20496.0,43.0,0.01888001523911953,0.0002
20497.0,43.0,0.011618114076554775,0.0002
20498.0,43.0,0.020723866298794746,0.0002
20499.0,43.0,0.014833752065896988,0.0002
20500.0,43.0,0.016025535762310028,0.0002
20501.0,43.0,0.01637878268957138,0.0002
20502.0,43.0,0.012728937901556492,0.0002
20503.0,43.0,0.017738327383995056,0.0002
20504.0,43.0,0.01696266047656536,0.0002
20505.0,43.0,0.013458868488669395,0.0002
20506.0,43.0,0.015132390893995762,0.0002
20507.0,43.0,0.014066343195736408,0.0002
20508.0,43.0,0.016104061156511307,0.0002
20509.0,43.0,0.014654195867478848,0.0002
20510.0,43.0,0.016474667936563492,0.0002
20511.0,43.0,0.014379136264324188,0.0002
20512.0,43.0,0.015103227458894253,0.0002
20513.0,43.0,0.014719400554895401,0.0002
20514.0,43.0,0.016765115782618523,0.0002
20515.0,43.0,0.0127028813585639,0.0002
20516.0,43.0,0.018025048077106476,0.0002
20517.0,43.0,0.013655465096235275,0.0002
20518.0,43.0,0.020313698798418045,0.0002
20519.0,43.0,0.01473440695554018,0.0002
20520.0,43.0,0.013272270560264587,0.0002
20521.0,43.0,0.015152715146541595,0.0002
20522.0,43.0,0.01635744608938694,0.0002
20523.0,43.0,0.015904154628515244,0.0002
20524.0,43.0,0.012901874259114265,0.0002
20525.0,43.0,0.014757484197616577,0.0002
20526.0,43.0,0.015433844178915024,0.0002
20527.0,43.0,0.016691260039806366,0.0002
20528.0,43.0,0.012872576713562012,0.0002
20529.0,43.0,0.01571265235543251,0.0002
20530.0,43.0,0.01986803486943245,0.0002
20531.0,43.0,0.015781590715050697,0.0002
20532.0,43.0,0.015064860694110394,0.0002
20533.0,43.0,0.020608369261026382,0.0002
20534.0,43.0,0.013588523492217064,0.0002
20535.0,43.0,0.014569727703928947,0.0002
20536.0,43.0,0.017529601231217384,0.0002
20537.0,43.0,0.013528992421925068,0.0002
20538.0,43.0,0.012748698703944683,0.0002
20539.0,43.0,0.017560549080371857,0.0002
20540.0,43.0,0.014829553663730621,0.0002
20541.0,43.0,0.014786401763558388,0.0002
20542.0,43.0,0.013466158881783485,0.0002
20543.0,43.0,0.013316325843334198,0.0002
20544.0,43.0,0.01790662854909897,0.0002
20545.0,43.0,0.015954863280057907,0.0002
20546.0,43.0,0.018238354474306107,0.0002
20547.0,43.0,0.017421647906303406,0.0002
20548.0,43.0,0.014232533052563667,0.0002
20549.0,43.0,0.016297297552227974,0.0002
20550.0,43.0,0.020757880061864853,0.0002
20551.0,43.0,0.013771031983196735,0.0002
20552.0,43.0,0.013594243675470352,0.0002
20553.0,43.0,0.013709216378629208,0.0002
20554.0,43.0,0.013484029099345207,0.0002
20555.0,43.0,0.012391744181513786,0.0002
20556.0,43.0,0.01373541634529829,0.0002
20557.0,43.0,0.01428972464054823,0.0002
20558.0,43.0,0.01455375924706459,0.0002
20559.0,43.0,0.013789993710815907,0.0002
20560.0,43.0,0.014756394550204277,0.0002
20561.0,43.0,0.016970612108707428,0.0002
20562.0,43.0,0.012190539389848709,0.0002
20563.0,43.0,0.014148125424981117,0.0002
20564.0,43.0,0.018679793924093246,0.0002
20565.0,43.0,0.01632007583975792,0.0002
20566.0,43.0,0.015216320753097534,0.0002
20567.0,43.0,0.017929960042238235,0.0002
20568.0,43.0,0.013670125976204872,0.0002
20569.0,43.0,0.014782781712710857,0.0002
20570.0,43.0,0.01507191639393568,0.0002
20571.0,43.0,0.01760595664381981,0.0002
20572.0,43.0,0.015711667016148567,0.0002
20573.0,43.0,0.01330251432955265,0.0002
20574.0,43.0,0.012041609734296799,0.0002
20575.0,43.0,0.019050098955631256,0.0002
20576.0,43.0,0.018826700747013092,0.0002
20577.0,43.0,0.017086872830986977,0.0002
20578.0,43.0,0.015161419287323952,0.0002
20579.0,43.0,0.020053181797266006,0.0002
20580.0,43.0,0.015076762065291405,0.0002
20581.0,43.0,0.015451373532414436,0.0002
20582.0,43.0,0.01653798669576645,0.0002
20583.0,43.0,0.018842417746782303,0.0002
20584.0,43.0,0.012625590898096561,0.0002
20585.0,43.0,0.013174067251384258,0.0002
20586.0,43.0,0.011575576849281788,0.0002
20587.0,43.0,0.013739513233304024,0.0002
20588.0,43.0,0.019721413031220436,0.0002
20589.0,43.0,0.015217906795442104,0.0002
20590.0,43.0,0.013064401224255562,0.0002
20591.0,43.0,0.021400801837444305,0.0002
20592.0,43.0,0.01712922938168049,0.0002
20593.0,44.0,0.01570103131234646,0.0002
20594.0,44.0,0.014464002102613449,0.0002
20595.0,44.0,0.016683537513017654,0.0002
20596.0,44.0,0.018023036420345306,0.0002
20597.0,44.0,0.014189569279551506,0.0002
20598.0,44.0,0.014921571128070354,0.0002
20599.0,44.0,0.016217846423387527,0.0002
20600.0,44.0,0.012253950349986553,0.0002
20601.0,44.0,0.012801241129636765,0.0002
20602.0,44.0,0.017427299171686172,0.0002
20603.0,44.0,0.011779767461121082,0.0002
20604.0,44.0,0.014296593144536018,0.0002
20605.0,44.0,0.01489751972258091,0.0002
20606.0,44.0,0.014190258458256721,0.0002
20607.0,44.0,0.013122462667524815,0.0002
20608.0,44.0,0.014875255525112152,0.0002
20609.0,44.0,0.012021304108202457,0.0002
20610.0,44.0,0.012568317353725433,0.0002
20611.0,44.0,0.013575593009591103,0.0002
20612.0,44.0,0.015237981453537941,0.0002
20613.0,44.0,0.013188512995839119,0.0002
20614.0,44.0,0.014485560357570648,0.0002
20615.0,44.0,0.013383177109062672,0.0002
20616.0,44.0,0.015935514122247696,0.0002
20617.0,44.0,0.014481956139206886,0.0002
20618.0,44.0,0.01294148899614811,0.0002
20619.0,44.0,0.01410813257098198,0.0002
20620.0,44.0,0.014350851997733116,0.0002
20621.0,44.0,0.012905150651931763,0.0002
20622.0,44.0,0.011562414467334747,0.0002
20623.0,44.0,0.015831753611564636,0.0002
20624.0,44.0,0.011420238763093948,0.0002
20625.0,44.0,0.012411968782544136,0.0002
20626.0,44.0,0.017222512513399124,0.0002
20627.0,44.0,0.015599122270941734,0.0002
20628.0,44.0,0.015396706759929657,0.0002
20629.0,44.0,0.015383932739496231,0.0002
20630.0,44.0,0.016949687153100967,0.0002
20631.0,44.0,0.013590681366622448,0.0002
20632.0,44.0,0.0207710899412632,0.0002
20633.0,44.0,0.013575849123299122,0.0002
20634.0,44.0,0.017138926312327385,0.0002
20635.0,44.0,0.019120875746011734,0.0002
20636.0,44.0,0.016815222799777985,0.0002
20637.0,44.0,0.013971414417028427,0.0002
20638.0,44.0,0.017089975997805595,0.0002
20639.0,44.0,0.01558593101799488,0.0002
20640.0,44.0,0.012776007875800133,0.0002
20641.0,44.0,0.01759396679699421,0.0002
20642.0,44.0,0.016436651349067688,0.0002
20643.0,44.0,0.014197634533047676,0.0002
20644.0,44.0,0.013597064651548862,0.0002
20645.0,44.0,0.012560158967971802,0.0002
20646.0,44.0,0.015160242095589638,0.0002
20647.0,44.0,0.013222047127783298,0.0002
20648.0,44.0,0.012678822502493858,0.0002
20649.0,44.0,0.020087091252207756,0.0002
20650.0,44.0,0.013184230774641037,0.0002
20651.0,44.0,0.014466320164501667,0.0002
20652.0,44.0,0.01414102129638195,0.0002
20653.0,44.0,0.014640456065535545,0.0002
20654.0,44.0,0.017249194905161858,0.0002
20655.0,44.0,0.015748996287584305,0.0002
20656.0,44.0,0.01475042849779129,0.0002
20657.0,44.0,0.017509259283542633,0.0002
20658.0,44.0,0.014195199124515057,0.0002
20659.0,44.0,0.014484154060482979,0.0002
20660.0,44.0,0.013711093924939632,0.0002
20661.0,44.0,0.01568826101720333,0.0002
20662.0,44.0,0.018021468073129654,0.0002
20663.0,44.0,0.01750357821583748,0.0002
20664.0,44.0,0.016717221587896347,0.0002
20665.0,44.0,0.015255955047905445,0.0002
20666.0,44.0,0.014836035668849945,0.0002
20667.0,44.0,0.01350274309515953,0.0002
20668.0,44.0,0.01644902676343918,0.0002
20669.0,44.0,0.018606562167406082,0.0002
20670.0,44.0,0.01561636570841074,0.0002
20671.0,44.0,0.01745408959686756,0.0002
20672.0,44.0,0.01373339258134365,0.0002
20673.0,44.0,0.016345269978046417,0.0002
20674.0,44.0,0.01632273942232132,0.0002
20675.0,44.0,0.013847853988409042,0.0002
20676.0,44.0,0.013116443529725075,0.0002
20677.0,44.0,0.012165311723947525,0.0002
20678.0,44.0,0.016845542937517166,0.0002
20679.0,44.0,0.013470442034304142,0.0002
20680.0,44.0,0.014066388830542564,0.0002
20681.0,44.0,0.017999913543462753,0.0002
20682.0,44.0,0.015245117247104645,0.0002
20683.0,44.0,0.017251018434762955,0.0002
20684.0,44.0,0.01412573829293251,0.0002
20685.0,44.0,0.017130037769675255,0.0002
20686.0,44.0,0.012271633371710777,0.0002
20687.0,44.0,0.01775628887116909,0.0002
20688.0,44.0,0.016415882855653763,0.0002
20689.0,44.0,0.017714040353894234,0.0002
20690.0,44.0,0.01743394322693348,0.0002
20691.0,44.0,0.014599358662962914,0.0002
20692.0,44.0,0.013678546994924545,0.0002
20693.0,44.0,0.012253749184310436,0.0002
20694.0,44.0,0.01492886058986187,0.0002
20695.0,44.0,0.011982405558228493,0.0002
20696.0,44.0,0.013456763699650764,0.0002
20697.0,44.0,0.01411479152739048,0.0002
20698.0,44.0,0.014722585678100586,0.0002
20699.0,44.0,0.014914445579051971,0.0002
20700.0,44.0,0.014458779245615005,0.0002
20701.0,44.0,0.017040178179740906,0.0002
20702.0,44.0,0.01820610836148262,0.0002
20703.0,44.0,0.015568811446428299,0.0002
20704.0,44.0,0.013766869902610779,0.0002
20705.0,44.0,0.011345640756189823,0.0002
20706.0,44.0,0.013153018429875374,0.0002
20707.0,44.0,0.018424775451421738,0.0002
20708.0,44.0,0.015761613845825195,0.0002
20709.0,44.0,0.015662353485822678,0.0002
20710.0,44.0,0.01450347900390625,0.0002
20711.0,44.0,0.013762056827545166,0.0002
20712.0,44.0,0.014860142953693867,0.0002
20713.0,44.0,0.017190054059028625,0.0002
20714.0,44.0,0.012096281163394451,0.0002
20715.0,44.0,0.015369150787591934,0.0002
20716.0,44.0,0.013271834701299667,0.0002
20717.0,44.0,0.011626341380178928,0.0002
20718.0,44.0,0.01791583001613617,0.0002
20719.0,44.0,0.012542490847408772,0.0002
20720.0,44.0,0.015912096947431564,0.0002
20721.0,44.0,0.013150954619050026,0.0002
20722.0,44.0,0.017928510904312134,0.0002
20723.0,44.0,0.013735737651586533,0.0002
20724.0,44.0,0.014190064743161201,0.0002
20725.0,44.0,0.016813872382044792,0.0002
20726.0,44.0,0.01495897676795721,0.0002
20727.0,44.0,0.018795637413859367,0.0002
20728.0,44.0,0.014477749355137348,0.0002
20729.0,44.0,0.016197722405195236,0.0002
20730.0,44.0,0.01317569985985756,0.0002
20731.0,44.0,0.014485897496342659,0.0002
20732.0,44.0,0.013701173476874828,0.0002
20733.0,44.0,0.013675841502845287,0.0002
20734.0,44.0,0.01607634127140045,0.0002
20735.0,44.0,0.012434285134077072,0.0002
20736.0,44.0,0.017800115048885345,0.0002
20737.0,44.0,0.015450878068804741,0.0002
20738.0,44.0,0.015365175902843475,0.0002
20739.0,44.0,0.013162259012460709,0.0002
20740.0,44.0,0.0135802011936903,0.0002
20741.0,44.0,0.014498419128358364,0.0002
20742.0,44.0,0.012607606127858162,0.0002
20743.0,44.0,0.01285584270954132,0.0002
20744.0,44.0,0.01927288994193077,0.0002
20745.0,44.0,0.013726478442549706,0.0002
20746.0,44.0,0.013980154879391193,0.0002
20747.0,44.0,0.016131997108459473,0.0002
20748.0,44.0,0.015390411950647831,0.0002
20749.0,44.0,0.01626216433942318,0.0002
20750.0,44.0,0.01247743796557188,0.0002
20751.0,44.0,0.019924353808164597,0.0002
20752.0,44.0,0.015927718952298164,0.0002
20753.0,44.0,0.016809141263365746,0.0002
20754.0,44.0,0.014677600935101509,0.0002
20755.0,44.0,0.013601142913103104,0.0002
20756.0,44.0,0.01469593308866024,0.0002
20757.0,44.0,0.018647581338882446,0.0002
20758.0,44.0,0.014923064038157463,0.0002
20759.0,44.0,0.016276665031909943,0.0002
20760.0,44.0,0.012048598378896713,0.0002
20761.0,44.0,0.014295240864157677,0.0002
20762.0,44.0,0.01201736368238926,0.0002
20763.0,44.0,0.014850401319563389,0.0002
20764.0,44.0,0.017422031611204147,0.0002
20765.0,44.0,0.021198678761720657,0.0002
20766.0,44.0,0.012702938169240952,0.0002
20767.0,44.0,0.01649640128016472,0.0002
20768.0,44.0,0.014144482091069221,0.0002
20769.0,44.0,0.013686418533325195,0.0002
20770.0,44.0,0.015610833652317524,0.0002
20771.0,44.0,0.013774558901786804,0.0002
20772.0,44.0,0.012532365508377552,0.0002
20773.0,44.0,0.012897505424916744,0.0002
20774.0,44.0,0.015815939754247665,0.0002
20775.0,44.0,0.016062520444393158,0.0002
20776.0,44.0,0.014188196510076523,0.0002
20777.0,44.0,0.012986121699213982,0.0002
20778.0,44.0,0.019477590918540955,0.0002
20779.0,44.0,0.013920944184064865,0.0002
20780.0,44.0,0.012624084018170834,0.0002
20781.0,44.0,0.01504414901137352,0.0002
20782.0,44.0,0.016872243955731392,0.0002
20783.0,44.0,0.012775683775544167,0.0002
20784.0,44.0,0.015036563389003277,0.0002
20785.0,44.0,0.016442809253931046,0.0002
20786.0,44.0,0.014872527681291103,0.0002
20787.0,44.0,0.01466198731213808,0.0002
20788.0,44.0,0.012210515327751637,0.0002
20789.0,44.0,0.012621184810996056,0.0002
20790.0,44.0,0.012155412696301937,0.0002
20791.0,44.0,0.011933043599128723,0.0002
20792.0,44.0,0.01183388102799654,0.0002
20793.0,44.0,0.012782378122210503,0.0002
20794.0,44.0,0.01782071962952614,0.0002
20795.0,44.0,0.014030858874320984,0.0002
20796.0,44.0,0.014540035277605057,0.0002
20797.0,44.0,0.014994299970567226,0.0002
20798.0,44.0,0.015158098191022873,0.0002
20799.0,44.0,0.01257152110338211,0.0002
20800.0,44.0,0.014446585439145565,0.0002
20801.0,44.0,0.015161309391260147,0.0002
20802.0,44.0,0.014639855362474918,0.0002
20803.0,44.0,0.018250703811645508,0.0002
20804.0,44.0,0.01589464582502842,0.0002
20805.0,44.0,0.0115628931671381,0.0002
20806.0,44.0,0.013032625429332256,0.0002
20807.0,44.0,0.01421272475272417,0.0002
20808.0,44.0,0.013759254477918148,0.0002
20809.0,44.0,0.01685997284948826,0.0002
20810.0,44.0,0.014996534213423729,0.0002
20811.0,44.0,0.014041327871382236,0.0002
20812.0,44.0,0.01123467180877924,0.0002
20813.0,44.0,0.01309412531554699,0.0002
20814.0,44.0,0.013463728129863739,0.0002
20815.0,44.0,0.015994209796190262,0.0002
20816.0,44.0,0.017272014170885086,0.0002
20817.0,44.0,0.015086919069290161,0.0002
20818.0,44.0,0.01703069359064102,0.0002
20819.0,44.0,0.011798947118222713,0.0002
20820.0,44.0,0.015218148939311504,0.0002
20821.0,44.0,0.012837374582886696,0.0002
20822.0,44.0,0.015337212011218071,0.0002
20823.0,44.0,0.013634482398629189,0.0002
20824.0,44.0,0.01374422013759613,0.0002
20825.0,44.0,0.01519304420799017,0.0002
20826.0,44.0,0.016528470441699028,0.0002
20827.0,44.0,0.014329997822642326,0.0002
20828.0,44.0,0.01544276624917984,0.0002
20829.0,44.0,0.016392461955547333,0.0002
20830.0,44.0,0.01764373667538166,0.0002
20831.0,44.0,0.011891495436429977,0.0002
20832.0,44.0,0.012664861977100372,0.0002
20833.0,44.0,0.014955269172787666,0.0002
20834.0,44.0,0.014724358916282654,0.0002
20835.0,44.0,0.013620569370687008,0.0002
20836.0,44.0,0.011766060255467892,0.0002
20837.0,44.0,0.014482337050139904,0.0002
20838.0,44.0,0.014366021379828453,0.0002
20839.0,44.0,0.0150081692263484,0.0002
20840.0,44.0,0.01309821754693985,0.0002
20841.0,44.0,0.015020379796624184,0.0002
20842.0,44.0,0.01567148044705391,0.0002
20843.0,44.0,0.01500267256051302,0.0002
20844.0,44.0,0.011424409225583076,0.0002
20845.0,44.0,0.01956590637564659,0.0002
20846.0,44.0,0.016086798161268234,0.0002
20847.0,44.0,0.019175872206687927,0.0002
20848.0,44.0,0.013747718185186386,0.0002
20849.0,44.0,0.0143991494551301,0.0002
20850.0,44.0,0.01741712912917137,0.0002
20851.0,44.0,0.012560850009322166,0.0002
20852.0,44.0,0.014401121065020561,0.0002
20853.0,44.0,0.018446819856762886,0.0002
20854.0,44.0,0.015137288719415665,0.0002
20855.0,44.0,0.015668408945202827,0.0002
20856.0,44.0,0.017967574298381805,0.0002
20857.0,44.0,0.010887504555284977,0.0002
20858.0,44.0,0.016283459961414337,0.0002
20859.0,44.0,0.018087629228830338,0.0002
20860.0,44.0,0.014244645833969116,0.0002
20861.0,44.0,0.0150071419775486,0.0002
20862.0,44.0,0.016188334673643112,0.0002
20863.0,44.0,0.020373322069644928,0.0002
20864.0,44.0,0.015966564416885376,0.0002
20865.0,44.0,0.014597082510590553,0.0002
20866.0,44.0,0.014163524843752384,0.0002
20867.0,44.0,0.016185685992240906,0.0002
20868.0,44.0,0.012518680654466152,0.0002
20869.0,44.0,0.014195999130606651,0.0002
20870.0,44.0,0.018472755327820778,0.0002
20871.0,44.0,0.017802627757191658,0.0002
20872.0,44.0,0.011594371870160103,0.0002
20873.0,44.0,0.01472575031220913,0.0002
20874.0,44.0,0.015008006244897842,0.0002
20875.0,44.0,0.017049407586455345,0.0002
20876.0,44.0,0.012764696963131428,0.0002
20877.0,44.0,0.01723455637693405,0.0002
20878.0,44.0,0.017177555710077286,0.0002
20879.0,44.0,0.01428559236228466,0.0002
20880.0,44.0,0.015334168449044228,0.0002
20881.0,44.0,0.015678418800234795,0.0002
20882.0,44.0,0.02052028849720955,0.0002
20883.0,44.0,0.012325771152973175,0.0002
20884.0,44.0,0.014233679510653019,0.0002
20885.0,44.0,0.016386158764362335,0.0002
20886.0,44.0,0.017690889537334442,0.0002
20887.0,44.0,0.015673302114009857,0.0002
20888.0,44.0,0.01250808872282505,0.0002
20889.0,44.0,0.017118725925683975,0.0002
20890.0,44.0,0.015666276216506958,0.0002
20891.0,44.0,0.014919939450919628,0.0002
20892.0,44.0,0.020078781992197037,0.0002
20893.0,44.0,0.01473797857761383,0.0002
20894.0,44.0,0.016051992774009705,0.0002
20895.0,44.0,0.014135465025901794,0.0002
20896.0,44.0,0.016174305230379105,0.0002
20897.0,44.0,0.013675650581717491,0.0002
20898.0,44.0,0.015129642561078072,0.0002
20899.0,44.0,0.015544687397778034,0.0002
20900.0,44.0,0.017579741775989532,0.0002
20901.0,44.0,0.015138431452214718,0.0002
20902.0,44.0,0.016850022599101067,0.0002
20903.0,44.0,0.011027012951672077,0.0002
20904.0,44.0,0.0162496380507946,0.0002
20905.0,44.0,0.014442697167396545,0.0002
20906.0,44.0,0.015368706546723843,0.0002
20907.0,44.0,0.013757653534412384,0.0002
20908.0,44.0,0.011527474969625473,0.0002
20909.0,44.0,0.015548978932201862,0.0002
20910.0,44.0,0.01701926812529564,0.0002
20911.0,44.0,0.013093119487166405,0.0002
20912.0,44.0,0.01440831832587719,0.0002
20913.0,44.0,0.018646441400051117,0.0002
20914.0,44.0,0.017015885561704636,0.0002
20915.0,44.0,0.021863412111997604,0.0002
20916.0,44.0,0.018306922167539597,0.0002
20917.0,44.0,0.01571442186832428,0.0002
20918.0,44.0,0.016278594732284546,0.0002
20919.0,44.0,0.015693366527557373,0.0002
20920.0,44.0,0.015071509405970573,0.0002
20921.0,44.0,0.015915194526314735,0.0002
20922.0,44.0,0.014966752380132675,0.0002
20923.0,44.0,0.013474741950631142,0.0002
20924.0,44.0,0.014804944396018982,0.0002
20925.0,44.0,0.010575219988822937,0.0002
20926.0,44.0,0.01337665319442749,0.0002
20927.0,44.0,0.014771297574043274,0.0002
20928.0,44.0,0.012441504746675491,0.0002
20929.0,44.0,0.01921604573726654,0.0002
20930.0,44.0,0.012212846428155899,0.0002
20931.0,44.0,0.015247694216668606,0.0002
20932.0,44.0,0.014627808704972267,0.0002
20933.0,44.0,0.01922863908112049,0.0002
20934.0,44.0,0.01882851868867874,0.0002
20935.0,44.0,0.01231999322772026,0.0002
20936.0,44.0,0.014269445091485977,0.0002
20937.0,44.0,0.017809979617595673,0.0002
20938.0,44.0,0.013036158867180347,0.0002
20939.0,44.0,0.014638075605034828,0.0002
20940.0,44.0,0.014682939276099205,0.0002
20941.0,44.0,0.0189860500395298,0.0002
20942.0,44.0,0.013658801093697548,0.0002
20943.0,44.0,0.018171170726418495,0.0002
20944.0,44.0,0.011768629774451256,0.0002
20945.0,44.0,0.01579105854034424,0.0002
20946.0,44.0,0.01860889233648777,0.0002
20947.0,44.0,0.010013420134782791,0.0002
20948.0,44.0,0.017887860536575317,0.0002
20949.0,44.0,0.01345041859894991,0.0002
20950.0,44.0,0.019849322736263275,0.0002
20951.0,44.0,0.014563534408807755,0.0002
20952.0,44.0,0.01612738147377968,0.0002
20953.0,44.0,0.011054936796426773,0.0002
20954.0,44.0,0.014924288727343082,0.0002
20955.0,44.0,0.013332938775420189,0.0002
20956.0,44.0,0.016629181802272797,0.0002
20957.0,44.0,0.01466810330748558,0.0002
20958.0,44.0,0.0187945906072855,0.0002
20959.0,44.0,0.017123069614171982,0.0002
20960.0,44.0,0.017193831503391266,0.0002
20961.0,44.0,0.014311710372567177,0.0002
20962.0,44.0,0.01490102056413889,0.0002
20963.0,44.0,0.01231604628264904,0.0002
20964.0,44.0,0.018349703401327133,0.0002
20965.0,44.0,0.012967856600880623,0.0002
20966.0,44.0,0.017707183957099915,0.0002
20967.0,44.0,0.013572919182479382,0.0002
20968.0,44.0,0.0187869630753994,0.0002
20969.0,44.0,0.013863593339920044,0.0002
20970.0,44.0,0.01883147656917572,0.0002
20971.0,44.0,0.017989901825785637,0.0002
20972.0,44.0,0.01334012858569622,0.0002
20973.0,44.0,0.013869863003492355,0.0002
20974.0,44.0,0.012159525416791439,0.0002
20975.0,44.0,0.013172831386327744,0.0002
20976.0,44.0,0.014765549451112747,0.0002
20977.0,44.0,0.013788644224405289,0.0002
20978.0,44.0,0.014305468648672104,0.0002
20979.0,44.0,0.012277253903448582,0.0002
20980.0,44.0,0.012813897803425789,0.0002
20981.0,44.0,0.015607158653438091,0.0002
20982.0,44.0,0.012153279036283493,0.0002
20983.0,44.0,0.019038233906030655,0.0002
20984.0,44.0,0.01590556651353836,0.0002
20985.0,44.0,0.014558201655745506,0.0002
20986.0,44.0,0.01851823925971985,0.0002
20987.0,44.0,0.01321423053741455,0.0002
20988.0,44.0,0.017420753836631775,0.0002
20989.0,44.0,0.015949517488479614,0.0002
20990.0,44.0,0.01594885066151619,0.0002
20991.0,44.0,0.01681056246161461,0.0002
20992.0,44.0,0.01752328872680664,0.0002
20993.0,44.0,0.016995269805192947,0.0002
20994.0,44.0,0.015568538568913937,0.0002
20995.0,44.0,0.013629024848341942,0.0002
20996.0,44.0,0.016535505652427673,0.0002
20997.0,44.0,0.012192517518997192,0.0002
20998.0,44.0,0.01359260082244873,0.0002
20999.0,44.0,0.015233349055051804,0.0002
21000.0,44.0,0.013246340677142143,0.0002
21001.0,44.0,0.01223281305283308,0.0002
21002.0,44.0,0.01525060087442398,0.0002
21003.0,44.0,0.013188710436224937,0.0002
21004.0,44.0,0.012821711599826813,0.0002
21005.0,44.0,0.01344911940395832,0.0002
21006.0,44.0,0.014640934765338898,0.0002
21007.0,44.0,0.013505924493074417,0.0002
21008.0,44.0,0.013722932897508144,0.0002
21009.0,44.0,0.012575812637805939,0.0002
21010.0,44.0,0.014730473980307579,0.0002
21011.0,44.0,0.012872090563178062,0.0002
21012.0,44.0,0.012928925454616547,0.0002
21013.0,44.0,0.01444239355623722,0.0002
21014.0,44.0,0.01685887761414051,0.0002
21015.0,44.0,0.014112178236246109,0.0002
21016.0,44.0,0.01477975957095623,0.0002
21017.0,44.0,0.015165416523814201,0.0002
21018.0,44.0,0.016086991876363754,0.0002
21019.0,44.0,0.016183853149414062,0.0002
21020.0,44.0,0.01832466572523117,0.0002
21021.0,44.0,0.014194849878549576,0.0002
21022.0,44.0,0.016402631998062134,0.0002
21023.0,44.0,0.015557913109660149,0.0002
21024.0,44.0,0.014518775045871735,0.0002
21025.0,44.0,0.017339996993541718,0.0002
21026.0,44.0,0.015662983059883118,0.0002
21027.0,44.0,0.01391853392124176,0.0002
21028.0,44.0,0.011017809621989727,0.0002
21029.0,44.0,0.014736846089363098,0.0002
21030.0,44.0,0.016515716910362244,0.0002
21031.0,44.0,0.01507632713764906,0.0002
21032.0,44.0,0.013105187565088272,0.0002
21033.0,44.0,0.013462644070386887,0.0002
21034.0,44.0,0.01336939912289381,0.0002
21035.0,44.0,0.018763309344649315,0.0002
21036.0,44.0,0.018735719844698906,0.0002
21037.0,44.0,0.013641553930938244,0.0002
21038.0,44.0,0.013115768320858479,0.0002
21039.0,44.0,0.01692339777946472,0.0002
21040.0,44.0,0.015414044260978699,0.0002
21041.0,44.0,0.01386092696338892,0.0002
21042.0,44.0,0.01935574784874916,0.0002
21043.0,44.0,0.015954626724123955,0.0002
21044.0,44.0,0.011945102363824844,0.0002
21045.0,44.0,0.014995921403169632,0.0002
21046.0,44.0,0.012381450273096561,0.0002
21047.0,44.0,0.012559584341943264,0.0002
21048.0,44.0,0.014452294446527958,0.0002
21049.0,44.0,0.012803740799427032,0.0002
21050.0,44.0,0.014055519364774227,0.0002
21051.0,44.0,0.013174214400351048,0.0002
21052.0,44.0,0.013073084875941277,0.0002
21053.0,44.0,0.016260528936982155,0.0002
21054.0,44.0,0.012451674789190292,0.0002
21055.0,44.0,0.012464686296880245,0.0002
21056.0,44.0,0.012936264276504517,0.0002
21057.0,44.0,0.01758177950978279,0.0002
21058.0,44.0,0.015156627632677555,0.0002
21059.0,44.0,0.013242421671748161,0.0002
21060.0,44.0,0.01360957883298397,0.0002
21061.0,45.0,0.016739552840590477,0.0002
21062.0,45.0,0.014451035298407078,0.0002
21063.0,45.0,0.020752791315317154,0.0002
21064.0,45.0,0.017514001578092575,0.0002
21065.0,45.0,0.01138373464345932,0.0002
21066.0,45.0,0.012624213472008705,0.0002
21067.0,45.0,0.015099016949534416,0.0002
21068.0,45.0,0.012119696475565434,0.0002
21069.0,45.0,0.01376523170620203,0.0002
21070.0,45.0,0.01699209213256836,0.0002
21071.0,45.0,0.015894975513219833,0.0002
21072.0,45.0,0.01299526821821928,0.0002
21073.0,45.0,0.014424006454646587,0.0002
21074.0,45.0,0.015492921695113182,0.0002
21075.0,45.0,0.01525499951094389,0.0002
21076.0,45.0,0.013310748152434826,0.0002
21077.0,45.0,0.014829420484602451,0.0002
21078.0,45.0,0.013480192050337791,0.0002
21079.0,45.0,0.018236283212900162,0.0002
21080.0,45.0,0.011908527463674545,0.0002
21081.0,45.0,0.01542204711586237,0.0002
21082.0,45.0,0.015008173882961273,0.0002
21083.0,45.0,0.011363061144948006,0.0002
21084.0,45.0,0.01503694336861372,0.0002
21085.0,45.0,0.014426661655306816,0.0002
21086.0,45.0,0.0202803798019886,0.0002
21087.0,45.0,0.015847325325012207,0.0002
21088.0,45.0,0.016178227961063385,0.0002
21089.0,45.0,0.016918089240789413,0.0002
21090.0,45.0,0.019999388605356216,0.0002
21091.0,45.0,0.01745748519897461,0.0002
21092.0,45.0,0.014439906924962997,0.0002
21093.0,45.0,0.015984658151865005,0.0002
21094.0,45.0,0.015414583496749401,0.0002
21095.0,45.0,0.016000239178538322,0.0002
21096.0,45.0,0.017216220498085022,0.0002
21097.0,45.0,0.013237734325230122,0.0002
21098.0,45.0,0.013153076171875,0.0002
21099.0,45.0,0.013966248370707035,0.0002
21100.0,45.0,0.013719912618398666,0.0002
21101.0,45.0,0.015859968960285187,0.0002
21102.0,45.0,0.013123059645295143,0.0002
21103.0,45.0,0.014529519714415073,0.0002
21104.0,45.0,0.015122071839869022,0.0002
21105.0,45.0,0.014847958460450172,0.0002
21106.0,45.0,0.013964645564556122,0.0002
21107.0,45.0,0.01240682415664196,0.0002
21108.0,45.0,0.017715558409690857,0.0002
21109.0,45.0,0.016286009922623634,0.0002
21110.0,45.0,0.01967952400445938,0.0002
21111.0,45.0,0.011613402515649796,0.0002
21112.0,45.0,0.015932204201817513,0.0002
21113.0,45.0,0.014614971354603767,0.0002
21114.0,45.0,0.014602433890104294,0.0002
21115.0,45.0,0.012694144621491432,0.0002
21116.0,45.0,0.018017947673797607,0.0002
21117.0,45.0,0.017311852425336838,0.0002
21118.0,45.0,0.017721131443977356,0.0002
21119.0,45.0,0.021839886903762817,0.0002
21120.0,45.0,0.010053256526589394,0.0002
21121.0,45.0,0.014372237026691437,0.0002
21122.0,45.0,0.0159606896340847,0.0002
21123.0,45.0,0.01167098619043827,0.0002
21124.0,45.0,0.01669340580701828,0.0002
21125.0,45.0,0.016478009521961212,0.0002
21126.0,45.0,0.014857279136776924,0.0002
21127.0,45.0,0.018116489052772522,0.0002
21128.0,45.0,0.013024238869547844,0.0002
21129.0,45.0,0.011872587725520134,0.0002
21130.0,45.0,0.013850954361259937,0.0002
21131.0,45.0,0.014212035574018955,0.0002
21132.0,45.0,0.015465537086129189,0.0002
21133.0,45.0,0.015218550339341164,0.0002
21134.0,45.0,0.011320624500513077,0.0002
21135.0,45.0,0.016801884397864342,0.0002
21136.0,45.0,0.01310775987803936,0.0002
21137.0,45.0,0.016026023775339127,0.0002
21138.0,45.0,0.013560880906879902,0.0002
21139.0,45.0,0.015206591226160526,0.0002
21140.0,45.0,0.017907066270709038,0.0002
21141.0,45.0,0.014999516308307648,0.0002
21142.0,45.0,0.016554074361920357,0.0002
21143.0,45.0,0.014521470293402672,0.0002
21144.0,45.0,0.014219097793102264,0.0002
21145.0,45.0,0.014056680724024773,0.0002
21146.0,45.0,0.018175628036260605,0.0002
21147.0,45.0,0.015006798319518566,0.0002
21148.0,45.0,0.016451362520456314,0.0002
21149.0,45.0,0.01441319938749075,0.0002
21150.0,45.0,0.015034864656627178,0.0002
21151.0,45.0,0.015213164500892162,0.0002
21152.0,45.0,0.013955652713775635,0.0002
21153.0,45.0,0.013048045337200165,0.0002
21154.0,45.0,0.011559879407286644,0.0002
21155.0,45.0,0.015429144725203514,0.0002
21156.0,45.0,0.015244287438690662,0.0002
21157.0,45.0,0.015557479113340378,0.0002
21158.0,45.0,0.014146681874990463,0.0002
21159.0,45.0,0.013416258618235588,0.0002
21160.0,45.0,0.015334244817495346,0.0002
21161.0,45.0,0.01819450408220291,0.0002
21162.0,45.0,0.015294134616851807,0.0002
21163.0,45.0,0.013522671535611153,0.0002
21164.0,45.0,0.01570632867515087,0.0002
21165.0,45.0,0.017922692000865936,0.0002
21166.0,45.0,0.01578671857714653,0.0002
21167.0,45.0,0.013392480090260506,0.0002
21168.0,45.0,0.013404789380729198,0.0002
21169.0,45.0,0.015437962487339973,0.0002
21170.0,45.0,0.014350805431604385,0.0002
21171.0,45.0,0.020600374788045883,0.0002
21172.0,45.0,0.012563390657305717,0.0002
21173.0,45.0,0.013978627510368824,0.0002
21174.0,45.0,0.014115487225353718,0.0002
21175.0,45.0,0.014056114479899406,0.0002
21176.0,45.0,0.01671501062810421,0.0002
21177.0,45.0,0.016005665063858032,0.0002
21178.0,45.0,0.01677827537059784,0.0002
21179.0,45.0,0.012578250840306282,0.0002
21180.0,45.0,0.015318982303142548,0.0002
21181.0,45.0,0.013305865228176117,0.0002
21182.0,45.0,0.014519707299768925,0.0002
21183.0,45.0,0.01450545433908701,0.0002
21184.0,45.0,0.015097282826900482,0.0002
21185.0,45.0,0.014762653037905693,0.0002
21186.0,45.0,0.011264790780842304,0.0002
21187.0,45.0,0.018001288175582886,0.0002
21188.0,45.0,0.012563596479594707,0.0002
21189.0,45.0,0.014692719094455242,0.0002
21190.0,45.0,0.013504564762115479,0.0002
21191.0,45.0,0.017330706119537354,0.0002
21192.0,45.0,0.011712019331753254,0.0002
21193.0,45.0,0.014637632295489311,0.0002
21194.0,45.0,0.011339615099132061,0.0002
21195.0,45.0,0.01514359936118126,0.0002
21196.0,45.0,0.01574741303920746,0.0002
21197.0,45.0,0.014955379068851471,0.0002
21198.0,45.0,0.016124630346894264,0.0002
21199.0,45.0,0.012772400863468647,0.0002
21200.0,45.0,0.015083491802215576,0.0002
21201.0,45.0,0.013348417356610298,0.0002
21202.0,45.0,0.014938164502382278,0.0002
21203.0,45.0,0.011489703319966793,0.0002
21204.0,45.0,0.01404475700110197,0.0002
21205.0,45.0,0.013713616877794266,0.0002
21206.0,45.0,0.01305709220468998,0.0002
21207.0,45.0,0.015297222882509232,0.0002
21208.0,45.0,0.01505318097770214,0.0002
21209.0,45.0,0.013901028782129288,0.0002
21210.0,45.0,0.014431066811084747,0.0002
21211.0,45.0,0.015975728631019592,0.0002
21212.0,45.0,0.013773195445537567,0.0002
21213.0,45.0,0.015503267757594585,0.0002
21214.0,45.0,0.01585068553686142,0.0002
21215.0,45.0,0.01404990628361702,0.0002
21216.0,45.0,0.013878252357244492,0.0002
21217.0,45.0,0.014156527817249298,0.0002
21218.0,45.0,0.0179351344704628,0.0002
21219.0,45.0,0.012849011458456516,0.0002
21220.0,45.0,0.013514149934053421,0.0002
21221.0,45.0,0.012253543362021446,0.0002
21222.0,45.0,0.014692272990942001,0.0002
21223.0,45.0,0.01648496836423874,0.0002
21224.0,45.0,0.01264230813831091,0.0002
21225.0,45.0,0.014459828846156597,0.0002
21226.0,45.0,0.012137948535382748,0.0002
21227.0,45.0,0.01723061501979828,0.0002
21228.0,45.0,0.017060857266187668,0.0002
21229.0,45.0,0.013698671013116837,0.0002
21230.0,45.0,0.011655636131763458,0.0002
21231.0,45.0,0.01086864061653614,0.0002
21232.0,45.0,0.016917970031499863,0.0002
21233.0,45.0,0.01647568866610527,0.0002
21234.0,45.0,0.013355856761336327,0.0002
21235.0,45.0,0.011934765614569187,0.0002
21236.0,45.0,0.017166687175631523,0.0002
21237.0,45.0,0.014375112019479275,0.0002
21238.0,45.0,0.01476665586233139,0.0002
21239.0,45.0,0.015605450607836246,0.0002
21240.0,45.0,0.014277414418756962,0.0002
21241.0,45.0,0.014586076140403748,0.0002
21242.0,45.0,0.013941379263997078,0.0002
21243.0,45.0,0.01302784401923418,0.0002
21244.0,45.0,0.011912222020328045,0.0002
21245.0,45.0,0.014747973531484604,0.0002
21246.0,45.0,0.013893337920308113,0.0002
21247.0,45.0,0.014992432668805122,0.0002
21248.0,45.0,0.013286406174302101,0.0002
21249.0,45.0,0.01597050577402115,0.0002
21250.0,45.0,0.017484189942479134,0.0002
21251.0,45.0,0.015835415571928024,0.0002
21252.0,45.0,0.013134179636836052,0.0002
21253.0,45.0,0.01479293406009674,0.0002
21254.0,45.0,0.01686689630150795,0.0002
21255.0,45.0,0.01118435524404049,0.0002
21256.0,45.0,0.013403035700321198,0.0002
21257.0,45.0,0.015962675213813782,0.0002
21258.0,45.0,0.016367066651582718,0.0002
21259.0,45.0,0.015216493047773838,0.0002
21260.0,45.0,0.012596331536769867,0.0002
21261.0,45.0,0.011842609383165836,0.0002
21262.0,45.0,0.01312493160367012,0.0002
21263.0,45.0,0.011755882762372494,0.0002
21264.0,45.0,0.01314117107540369,0.0002
21265.0,45.0,0.013937016949057579,0.0002
21266.0,45.0,0.018441490828990936,0.0002
21267.0,45.0,0.017000552266836166,0.0002
21268.0,45.0,0.01583188772201538,0.0002
21269.0,45.0,0.014403765089809895,0.0002
21270.0,45.0,0.018204137682914734,0.0002
21271.0,45.0,0.014840429648756981,0.0002
21272.0,45.0,0.015737464651465416,0.0002
21273.0,45.0,0.01451626792550087,0.0002
21274.0,45.0,0.01452623587101698,0.0002
21275.0,45.0,0.012509003281593323,0.0002
21276.0,45.0,0.018908143043518066,0.0002
21277.0,45.0,0.014744382351636887,0.0002
21278.0,45.0,0.01766005903482437,0.0002
21279.0,45.0,0.012953014113008976,0.0002
21280.0,45.0,0.011026713997125626,0.0002
21281.0,45.0,0.01309124194085598,0.0002
21282.0,45.0,0.01790638640522957,0.0002
21283.0,45.0,0.012654652819037437,0.0002
21284.0,45.0,0.01823415234684944,0.0002
21285.0,45.0,0.015382234007120132,0.0002
21286.0,45.0,0.01888042688369751,0.0002
21287.0,45.0,0.015263593755662441,0.0002
21288.0,45.0,0.012781545519828796,0.0002
21289.0,45.0,0.014064429327845573,0.0002
21290.0,45.0,0.011058725416660309,0.0002
21291.0,45.0,0.013292737305164337,0.0002
21292.0,45.0,0.013647635467350483,0.0002
21293.0,45.0,0.01316799409687519,0.0002
21294.0,45.0,0.016993656754493713,0.0002
21295.0,45.0,0.015333369374275208,0.0002
21296.0,45.0,0.012180288322269917,0.0002
21297.0,45.0,0.013782702386379242,0.0002
21298.0,45.0,0.014872155152261257,0.0002
21299.0,45.0,0.013894792646169662,0.0002
21300.0,45.0,0.0124541400000453,0.0002
21301.0,45.0,0.018030822277069092,0.0002
21302.0,45.0,0.014452580362558365,0.0002
21303.0,45.0,0.013447078876197338,0.0002
21304.0,45.0,0.013372030109167099,0.0002
21305.0,45.0,0.016753999516367912,0.0002
21306.0,45.0,0.014987137168645859,0.0002
21307.0,45.0,0.014214031398296356,0.0002
21308.0,45.0,0.013783140107989311,0.0002
21309.0,45.0,0.015983816236257553,0.0002
21310.0,45.0,0.015317642129957676,0.0002
21311.0,45.0,0.01546192541718483,0.0002
21312.0,45.0,0.01452015433460474,0.0002
21313.0,45.0,0.01594480499625206,0.0002
21314.0,45.0,0.017039237543940544,0.0002
21315.0,45.0,0.014951925724744797,0.0002
21316.0,45.0,0.017422892153263092,0.0002
21317.0,45.0,0.012101726606488228,0.0002
21318.0,45.0,0.015297869220376015,0.0002
21319.0,45.0,0.017498867586255074,0.0002
21320.0,45.0,0.016949569806456566,0.0002
21321.0,45.0,0.014866100624203682,0.0002
21322.0,45.0,0.015229091979563236,0.0002
21323.0,45.0,0.01528255920857191,0.0002
21324.0,45.0,0.01594935916364193,0.0002
21325.0,45.0,0.0180618017911911,0.0002
21326.0,45.0,0.016342846676707268,0.0002
21327.0,45.0,0.0217988770455122,0.0002
21328.0,45.0,0.01790325716137886,0.0002
21329.0,45.0,0.01698051020503044,0.0002
21330.0,45.0,0.016194302588701248,0.0002
21331.0,45.0,0.01365420687943697,0.0002
21332.0,45.0,0.015479705296456814,0.0002
21333.0,45.0,0.014684490859508514,0.0002
21334.0,45.0,0.016374172642827034,0.0002
21335.0,45.0,0.01588844321668148,0.0002
21336.0,45.0,0.014808314852416515,0.0002
21337.0,45.0,0.01416284590959549,0.0002
21338.0,45.0,0.012653379701077938,0.0002
21339.0,45.0,0.017085816711187363,0.0002
21340.0,45.0,0.014181404374539852,0.0002
21341.0,45.0,0.011914655566215515,0.0002
21342.0,45.0,0.015224863775074482,0.0002
21343.0,45.0,0.015529606491327286,0.0002
21344.0,45.0,0.014248729683458805,0.0002
21345.0,45.0,0.014563405886292458,0.0002
21346.0,45.0,0.01635085605084896,0.0002
21347.0,45.0,0.015069481916725636,0.0002
21348.0,45.0,0.013819114305078983,0.0002
21349.0,45.0,0.01755804941058159,0.0002
21350.0,45.0,0.017734162509441376,0.0002
21351.0,45.0,0.014095309190452099,0.0002
21352.0,45.0,0.015320022590458393,0.0002
21353.0,45.0,0.015443295240402222,0.0002
21354.0,45.0,0.01669205352663994,0.0002
21355.0,45.0,0.014968936331570148,0.0002
21356.0,45.0,0.012223877012729645,0.0002
21357.0,45.0,0.016585836187005043,0.0002
21358.0,45.0,0.01345483586192131,0.0002
21359.0,45.0,0.012453893199563026,0.0002
21360.0,45.0,0.016207922250032425,0.0002
21361.0,45.0,0.013986647129058838,0.0002
21362.0,45.0,0.015657026320695877,0.0002
21363.0,45.0,0.01315651461482048,0.0002
21364.0,45.0,0.014540722593665123,0.0002
21365.0,45.0,0.017143744975328445,0.0002
21366.0,45.0,0.015380892902612686,0.0002
21367.0,45.0,0.014271024614572525,0.0002
21368.0,45.0,0.01360390242189169,0.0002
21369.0,45.0,0.015128696337342262,0.0002
21370.0,45.0,0.014471872709691525,0.0002
21371.0,45.0,0.014719252474606037,0.0002
21372.0,45.0,0.012810306623578072,0.0002
21373.0,45.0,0.015731995925307274,0.0002
21374.0,45.0,0.01498747244477272,0.0002
21375.0,45.0,0.012707879766821861,0.0002
21376.0,45.0,0.014155415818095207,0.0002
21377.0,45.0,0.015603460371494293,0.0002
21378.0,45.0,0.017285406589508057,0.0002
21379.0,45.0,0.015478692948818207,0.0002
21380.0,45.0,0.01309414952993393,0.0002
21381.0,45.0,0.015728019177913666,0.0002
21382.0,45.0,0.016935616731643677,0.0002
21383.0,45.0,0.01364194042980671,0.0002
21384.0,45.0,0.015462835319340229,0.0002
21385.0,45.0,0.015744628384709358,0.0002
21386.0,45.0,0.016984429210424423,0.0002
21387.0,45.0,0.01961234211921692,0.0002
21388.0,45.0,0.017532411962747574,0.0002
21389.0,45.0,0.014329925179481506,0.0002
21390.0,45.0,0.013940984383225441,0.0002
21391.0,45.0,0.012504654005169868,0.0002
21392.0,45.0,0.015049543231725693,0.0002
21393.0,45.0,0.017252497375011444,0.0002
21394.0,45.0,0.014120877720415592,0.0002
21395.0,45.0,0.015271434560418129,0.0002
21396.0,45.0,0.013477751985192299,0.0002
21397.0,45.0,0.01222207024693489,0.0002
21398.0,45.0,0.01680350862443447,0.0002
21399.0,45.0,0.01500648632645607,0.0002
21400.0,45.0,0.01572229340672493,0.0002
21401.0,45.0,0.015371222048997879,0.0002
21402.0,45.0,0.01493841502815485,0.0002
21403.0,45.0,0.01283237524330616,0.0002
21404.0,45.0,0.015537932515144348,0.0002
21405.0,45.0,0.013334617018699646,0.0002
21406.0,45.0,0.010137282311916351,0.0002
21407.0,45.0,0.015462520532310009,0.0002
21408.0,45.0,0.015432043932378292,0.0002
21409.0,45.0,0.014331559650599957,0.0002
21410.0,45.0,0.018987923860549927,0.0002
21411.0,45.0,0.0156417153775692,0.0002
21412.0,45.0,0.013115715235471725,0.0002
21413.0,45.0,0.018031667917966843,0.0002
21414.0,45.0,0.017999297007918358,0.0002
21415.0,45.0,0.017722275108098984,0.0002
21416.0,45.0,0.015706315636634827,0.0002
21417.0,45.0,0.01575516350567341,0.0002
21418.0,45.0,0.015354638919234276,0.0002
21419.0,45.0,0.014994289726018906,0.0002
21420.0,45.0,0.015317540615797043,0.0002
21421.0,45.0,0.01534116081893444,0.0002
21422.0,45.0,0.01566866971552372,0.0002
21423.0,45.0,0.01150558888912201,0.0002
21424.0,45.0,0.013465624302625656,0.0002
21425.0,45.0,0.015167448669672012,0.0002
21426.0,45.0,0.01639869064092636,0.0002
21427.0,45.0,0.014447441324591637,0.0002
21428.0,45.0,0.019045531749725342,0.0002
21429.0,45.0,0.01430247537791729,0.0002
21430.0,45.0,0.014131316915154457,0.0002
21431.0,45.0,0.016741126775741577,0.0002
21432.0,45.0,0.01385902427136898,0.0002
21433.0,45.0,0.013606385327875614,0.0002
21434.0,45.0,0.012388652190566063,0.0002
21435.0,45.0,0.017066942527890205,0.0002
21436.0,45.0,0.013653451576828957,0.0002
21437.0,45.0,0.016476420685648918,0.0002
21438.0,45.0,0.013831562362611294,0.0002
21439.0,45.0,0.011453172191977501,0.0002
21440.0,45.0,0.015063930302858353,0.0002
21441.0,45.0,0.013655495829880238,0.0002
21442.0,45.0,0.01282855961471796,0.0002
21443.0,45.0,0.012351948767900467,0.0002
21444.0,45.0,0.017920643091201782,0.0002
21445.0,45.0,0.020689882338047028,0.0002
21446.0,45.0,0.015694569796323776,0.0002
21447.0,45.0,0.017016906291246414,0.0002
21448.0,45.0,0.01411033421754837,0.0002
21449.0,45.0,0.014017783105373383,0.0002
21450.0,45.0,0.019313927739858627,0.0002
21451.0,45.0,0.011345665901899338,0.0002
21452.0,45.0,0.012653878889977932,0.0002
21453.0,45.0,0.015331114642322063,0.0002
21454.0,45.0,0.0175230260938406,0.0002
21455.0,45.0,0.01596137508749962,0.0002
21456.0,45.0,0.0152125908061862,0.0002
21457.0,45.0,0.015808772295713425,0.0002
21458.0,45.0,0.015783950686454773,0.0002
21459.0,45.0,0.01443074643611908,0.0002
21460.0,45.0,0.014577892608940601,0.0002
21461.0,45.0,0.01270626112818718,0.0002
21462.0,45.0,0.014839673414826393,0.0002
21463.0,45.0,0.014219146221876144,0.0002
21464.0,45.0,0.01614488661289215,0.0002
21465.0,45.0,0.013862453401088715,0.0002
21466.0,45.0,0.014738854020833969,0.0002
21467.0,45.0,0.016310064122080803,0.0002
21468.0,45.0,0.011397399008274078,0.0002
21469.0,45.0,0.01806533709168434,0.0002
21470.0,45.0,0.015112052671611309,0.0002
21471.0,45.0,0.013307466171681881,0.0002
21472.0,45.0,0.015142705291509628,0.0002
21473.0,45.0,0.012430097907781601,0.0002
21474.0,45.0,0.014843900687992573,0.0002
21475.0,45.0,0.015871495008468628,0.0002
21476.0,45.0,0.015057678334414959,0.0002
21477.0,45.0,0.01200526487082243,0.0002
21478.0,45.0,0.009257369674742222,0.0002
21479.0,45.0,0.013679604046046734,0.0002
21480.0,45.0,0.01441924087703228,0.0002
21481.0,45.0,0.014153205789625645,0.0002
21482.0,45.0,0.01366434246301651,0.0002
21483.0,45.0,0.01524511631578207,0.0002
21484.0,45.0,0.014759012497961521,0.0002
21485.0,45.0,0.015505632385611534,0.0002
21486.0,45.0,0.016408488154411316,0.0002
21487.0,45.0,0.013165975920855999,0.0002
21488.0,45.0,0.015285952016711235,0.0002
21489.0,45.0,0.015561784617602825,0.0002
21490.0,45.0,0.014873437583446503,0.0002
21491.0,45.0,0.012999426573514938,0.0002
21492.0,45.0,0.016832804307341576,0.0002
21493.0,45.0,0.014700355008244514,0.0002
21494.0,45.0,0.014922983013093472,0.0002
21495.0,45.0,0.017577048391103745,0.0002
21496.0,45.0,0.01467987708747387,0.0002
21497.0,45.0,0.013216234743595123,0.0002
21498.0,45.0,0.016367539763450623,0.0002
21499.0,45.0,0.014164598658680916,0.0002
21500.0,45.0,0.01453095767647028,0.0002
21501.0,45.0,0.013448169454932213,0.0002
21502.0,45.0,0.013204661197960377,0.0002
21503.0,45.0,0.011033207178115845,0.0002
21504.0,45.0,0.013250252231955528,0.0002
21505.0,45.0,0.012928904965519905,0.0002
21506.0,45.0,0.014818990603089333,0.0002
21507.0,45.0,0.013528170064091682,0.0002
21508.0,45.0,0.013888548128306866,0.0002
21509.0,45.0,0.01774381846189499,0.0002
21510.0,45.0,0.013397995382547379,0.0002
21511.0,45.0,0.018380936235189438,0.0002
21512.0,45.0,0.012326419353485107,0.0002
21513.0,45.0,0.014277316629886627,0.0002
21514.0,45.0,0.013585063628852367,0.0002
21515.0,45.0,0.011378495953977108,0.0002
21516.0,45.0,0.013322100043296814,0.0002
21517.0,45.0,0.014281833544373512,0.0002
21518.0,45.0,0.014228805899620056,0.0002
21519.0,45.0,0.011046186089515686,0.0002
21520.0,45.0,0.013578352518379688,0.0002
21521.0,45.0,0.016225429251790047,0.0002
21522.0,45.0,0.01495987456291914,0.0002
21523.0,45.0,0.01151018775999546,0.0002
21524.0,45.0,0.01334894448518753,0.0002
21525.0,45.0,0.014654170721769333,0.0002
21526.0,45.0,0.012103019282221794,0.0002
21527.0,45.0,0.016069453209638596,0.0002
21528.0,45.0,0.014306273311376572,0.0002
21529.0,46.0,0.015480626374483109,0.0002
21530.0,46.0,0.015664145350456238,0.0002
21531.0,46.0,0.017733046784996986,0.0002
21532.0,46.0,0.015581613406538963,0.0002
21533.0,46.0,0.015737727284431458,0.0002
21534.0,46.0,0.012067032977938652,0.0002
21535.0,46.0,0.011554324999451637,0.0002
21536.0,46.0,0.01937171071767807,0.0002
21537.0,46.0,0.016266534104943275,0.0002
21538.0,46.0,0.013109317980706692,0.0002
21539.0,46.0,0.01329859159886837,0.0002
21540.0,46.0,0.01580994762480259,0.0002
21541.0,46.0,0.01548200286924839,0.0002
21542.0,46.0,0.014723455533385277,0.0002
21543.0,46.0,0.014880083501338959,0.0002
21544.0,46.0,0.01228463277220726,0.0002
21545.0,46.0,0.01255049929022789,0.0002
21546.0,46.0,0.012402708642184734,0.0002
21547.0,46.0,0.01831921562552452,0.0002
21548.0,46.0,0.01297532394528389,0.0002
21549.0,46.0,0.014953081496059895,0.0002
21550.0,46.0,0.016249485313892365,0.0002
21551.0,46.0,0.01251110341399908,0.0002
21552.0,46.0,0.01278037391602993,0.0002
21553.0,46.0,0.01725226640701294,0.0002
21554.0,46.0,0.01668548211455345,0.0002
21555.0,46.0,0.015592392534017563,0.0002
21556.0,46.0,0.0180387981235981,0.0002
21557.0,46.0,0.010433018207550049,0.0002
21558.0,46.0,0.01574898511171341,0.0002
21559.0,46.0,0.011692581698298454,0.0002
21560.0,46.0,0.013773180544376373,0.0002
21561.0,46.0,0.015073256567120552,0.0002
21562.0,46.0,0.014770539477467537,0.0002
21563.0,46.0,0.014936111867427826,0.0002
21564.0,46.0,0.016931865364313126,0.0002
21565.0,46.0,0.014714205637574196,0.0002
21566.0,46.0,0.014919497072696686,0.0002
21567.0,46.0,0.012216303497552872,0.0002
21568.0,46.0,0.014198368415236473,0.0002
21569.0,46.0,0.016338957473635674,0.0002
21570.0,46.0,0.012256715446710587,0.0002
21571.0,46.0,0.012263176962733269,0.0002
21572.0,46.0,0.013811355456709862,0.0002
21573.0,46.0,0.01585564948618412,0.0002
21574.0,46.0,0.012712647207081318,0.0002
21575.0,46.0,0.01595688983798027,0.0002
21576.0,46.0,0.015464241616427898,0.0002
21577.0,46.0,0.01293160766363144,0.0002
21578.0,46.0,0.014279589988291264,0.0002
21579.0,46.0,0.01771395653486252,0.0002
21580.0,46.0,0.013318192213773727,0.0002
21581.0,46.0,0.012452678754925728,0.0002
21582.0,46.0,0.017370853573083878,0.0002
21583.0,46.0,0.014117192476987839,0.0002
21584.0,46.0,0.014337561093270779,0.0002
21585.0,46.0,0.012691915035247803,0.0002
21586.0,46.0,0.015520725399255753,0.0002
21587.0,46.0,0.014911378733813763,0.0002
21588.0,46.0,0.01607379876077175,0.0002
21589.0,46.0,0.010615738108754158,0.0002
21590.0,46.0,0.01962069794535637,0.0002
21591.0,46.0,0.012545036152005196,0.0002
21592.0,46.0,0.01694827899336815,0.0002
21593.0,46.0,0.014642107300460339,0.0002
21594.0,46.0,0.014845563098788261,0.0002
21595.0,46.0,0.017399001866579056,0.0002
21596.0,46.0,0.01447942852973938,0.0002
21597.0,46.0,0.015572784468531609,0.0002
21598.0,46.0,0.013620367273688316,0.0002
21599.0,46.0,0.014678463339805603,0.0002
21600.0,46.0,0.014840986579656601,0.0002
21601.0,46.0,0.015838924795389175,0.0002
21602.0,46.0,0.015849897637963295,0.0002
21603.0,46.0,0.012498036026954651,0.0002
21604.0,46.0,0.018863141536712646,0.0002
21605.0,46.0,0.016063332557678223,0.0002
21606.0,46.0,0.01548025943338871,0.0002
21607.0,46.0,0.01570649817585945,0.0002
21608.0,46.0,0.01617811806499958,0.0002
21609.0,46.0,0.013059500604867935,0.0002
21610.0,46.0,0.013276100158691406,0.0002
21611.0,46.0,0.014702506363391876,0.0002
21612.0,46.0,0.012491914443671703,0.0002
21613.0,46.0,0.014693692326545715,0.0002
21614.0,46.0,0.011644844897091389,0.0002
21615.0,46.0,0.016373027116060257,0.0002
21616.0,46.0,0.01580730453133583,0.0002
21617.0,46.0,0.011692412197589874,0.0002
21618.0,46.0,0.017158322036266327,0.0002
21619.0,46.0,0.013515278697013855,0.0002
21620.0,46.0,0.00984877161681652,0.0002
21621.0,46.0,0.012825468555092812,0.0002
21622.0,46.0,0.013805553317070007,0.0002
21623.0,46.0,0.020288273692131042,0.0002
21624.0,46.0,0.01350837666541338,0.0002
21625.0,46.0,0.01787283644080162,0.0002
21626.0,46.0,0.012865185737609863,0.0002
21627.0,46.0,0.011878050863742828,0.0002
21628.0,46.0,0.0173550546169281,0.0002
21629.0,46.0,0.013755833730101585,0.0002
21630.0,46.0,0.013777936808764935,0.0002
21631.0,46.0,0.01986178383231163,0.0002
21632.0,46.0,0.011826377362012863,0.0002
21633.0,46.0,0.012138130143284798,0.0002
21634.0,46.0,0.01794968917965889,0.0002
21635.0,46.0,0.015444220043718815,0.0002
21636.0,46.0,0.01436570007354021,0.0002
21637.0,46.0,0.015358280390501022,0.0002
21638.0,46.0,0.01675526611506939,0.0002
21639.0,46.0,0.013055672869086266,0.0002
21640.0,46.0,0.016340401023626328,0.0002
21641.0,46.0,0.016714900732040405,0.0002
21642.0,46.0,0.012193983420729637,0.0002
21643.0,46.0,0.014582060277462006,0.0002
21644.0,46.0,0.01341191679239273,0.0002
21645.0,46.0,0.014597886241972446,0.0002
21646.0,46.0,0.016858002170920372,0.0002
21647.0,46.0,0.012185639701783657,0.0002
21648.0,46.0,0.014729786664247513,0.0002
21649.0,46.0,0.012127825058996677,0.0002
21650.0,46.0,0.01186144258826971,0.0002
21651.0,46.0,0.015902386978268623,0.0002
21652.0,46.0,0.014782469719648361,0.0002
21653.0,46.0,0.013970875181257725,0.0002
21654.0,46.0,0.014995094388723373,0.0002
21655.0,46.0,0.014087139628827572,0.0002
21656.0,46.0,0.011720836162567139,0.0002
21657.0,46.0,0.01636652648448944,0.0002
21658.0,46.0,0.01698588952422142,0.0002
21659.0,46.0,0.01493323128670454,0.0002
21660.0,46.0,0.012327509000897408,0.0002
21661.0,46.0,0.014131937175989151,0.0002
21662.0,46.0,0.016981270164251328,0.0002
21663.0,46.0,0.014310767874121666,0.0002
21664.0,46.0,0.01154446043074131,0.0002
21665.0,46.0,0.018857654184103012,0.0002
21666.0,46.0,0.018260208889842033,0.0002
21667.0,46.0,0.017907913774251938,0.0002
21668.0,46.0,0.013954145833849907,0.0002
21669.0,46.0,0.01939791813492775,0.0002
21670.0,46.0,0.016652919352054596,0.0002
21671.0,46.0,0.016734613105654716,0.0002
21672.0,46.0,0.014476711861789227,0.0002
21673.0,46.0,0.015001315623521805,0.0002
21674.0,46.0,0.013120011426508427,0.0002
21675.0,46.0,0.011247443035244942,0.0002
21676.0,46.0,0.015450945124030113,0.0002
21677.0,46.0,0.013303734362125397,0.0002
21678.0,46.0,0.012416420504450798,0.0002
21679.0,46.0,0.018819579854607582,0.0002
21680.0,46.0,0.012088488787412643,0.0002
21681.0,46.0,0.01589416153728962,0.0002
21682.0,46.0,0.011858010664582253,0.0002
21683.0,46.0,0.013240214437246323,0.0002
21684.0,46.0,0.016217026859521866,0.0002
21685.0,46.0,0.013690561056137085,0.0002
21686.0,46.0,0.015813106670975685,0.0002
21687.0,46.0,0.015829449519515038,0.0002
21688.0,46.0,0.015246146358549595,0.0002
21689.0,46.0,0.014943638816475868,0.0002
21690.0,46.0,0.01906803622841835,0.0002
21691.0,46.0,0.014578348025679588,0.0002
21692.0,46.0,0.015789911150932312,0.0002
21693.0,46.0,0.014629015699028969,0.0002
21694.0,46.0,0.01672320067882538,0.0002
21695.0,46.0,0.012350659817457199,0.0002
21696.0,46.0,0.01426698174327612,0.0002
21697.0,46.0,0.014117186889052391,0.0002
21698.0,46.0,0.015521666966378689,0.0002
21699.0,46.0,0.012933246791362762,0.0002
21700.0,46.0,0.016428887844085693,0.0002
21701.0,46.0,0.015355931594967842,0.0002
21702.0,46.0,0.014778399839997292,0.0002
21703.0,46.0,0.01626698672771454,0.0002
21704.0,46.0,0.015585887245833874,0.0002
21705.0,46.0,0.014347093179821968,0.0002
21706.0,46.0,0.015430876985192299,0.0002
21707.0,46.0,0.01340703945606947,0.0002
21708.0,46.0,0.01311909593641758,0.0002
21709.0,46.0,0.013893822208046913,0.0002
21710.0,46.0,0.01673015020787716,0.0002
21711.0,46.0,0.010099586099386215,0.0002
21712.0,46.0,0.01595725119113922,0.0002
21713.0,46.0,0.013626540079712868,0.0002
21714.0,46.0,0.01237759180366993,0.0002
21715.0,46.0,0.015133174136281013,0.0002
21716.0,46.0,0.01576916128396988,0.0002
21717.0,46.0,0.01827949658036232,0.0002
21718.0,46.0,0.01701023057103157,0.0002
21719.0,46.0,0.014746833592653275,0.0002
21720.0,46.0,0.015202322974801064,0.0002
21721.0,46.0,0.015455467626452446,0.0002
21722.0,46.0,0.013750633224844933,0.0002
21723.0,46.0,0.015599200502038002,0.0002
21724.0,46.0,0.017006440088152885,0.0002
21725.0,46.0,0.015180304646492004,0.0002
21726.0,46.0,0.012793414294719696,0.0002
21727.0,46.0,0.011756468564271927,0.0002
21728.0,46.0,0.013904374092817307,0.0002
21729.0,46.0,0.012248001992702484,0.0002
21730.0,46.0,0.01611168310046196,0.0002
21731.0,46.0,0.015758976340293884,0.0002
21732.0,46.0,0.014210623688995838,0.0002
21733.0,46.0,0.015158485621213913,0.0002
21734.0,46.0,0.013147792778909206,0.0002
21735.0,46.0,0.012510644271969795,0.0002
21736.0,46.0,0.013564882799983025,0.0002
21737.0,46.0,0.013753663748502731,0.0002
21738.0,46.0,0.013857717625796795,0.0002
21739.0,46.0,0.013842219486832619,0.0002
21740.0,46.0,0.013559372164309025,0.0002
21741.0,46.0,0.015927189961075783,0.0002
21742.0,46.0,0.014599449932575226,0.0002
21743.0,46.0,0.016747355461120605,0.0002
21744.0,46.0,0.01466573216021061,0.0002
21745.0,46.0,0.014613058418035507,0.0002
21746.0,46.0,0.018629804253578186,0.0002
21747.0,46.0,0.01264328882098198,0.0002
21748.0,46.0,0.014948420226573944,0.0002
21749.0,46.0,0.015406562015414238,0.0002
21750.0,46.0,0.01685664989054203,0.0002
21751.0,46.0,0.018031258136034012,0.0002
21752.0,46.0,0.014911655336618423,0.0002
21753.0,46.0,0.014034146443009377,0.0002
21754.0,46.0,0.013848662376403809,0.0002
21755.0,46.0,0.02030465379357338,0.0002
21756.0,46.0,0.011762156151235104,0.0002
21757.0,46.0,0.015961000695824623,0.0002
21758.0,46.0,0.01566663198173046,0.0002
21759.0,46.0,0.012018013745546341,0.0002
21760.0,46.0,0.012409200891852379,0.0002
21761.0,46.0,0.013904232531785965,0.0002
21762.0,46.0,0.015092471614480019,0.0002
21763.0,46.0,0.013598177582025528,0.0002
21764.0,46.0,0.01936422288417816,0.0002
21765.0,46.0,0.015602808445692062,0.0002
21766.0,46.0,0.016407210379838943,0.0002
21767.0,46.0,0.012518785893917084,0.0002
21768.0,46.0,0.018258720636367798,0.0002
21769.0,46.0,0.014825533144176006,0.0002
21770.0,46.0,0.014987161383032799,0.0002
21771.0,46.0,0.013398376293480396,0.0002
21772.0,46.0,0.01987420953810215,0.0002
21773.0,46.0,0.016204608604311943,0.0002
21774.0,46.0,0.013704139739274979,0.0002
21775.0,46.0,0.015832100063562393,0.0002
21776.0,46.0,0.017115946859121323,0.0002
21777.0,46.0,0.014362594112753868,0.0002
21778.0,46.0,0.0134343970566988,0.0002
21779.0,46.0,0.015113376080989838,0.0002
21780.0,46.0,0.01581955887377262,0.0002
21781.0,46.0,0.017050521448254585,0.0002
21782.0,46.0,0.013014313764870167,0.0002
21783.0,46.0,0.014826629310846329,0.0002
21784.0,46.0,0.013733210042119026,0.0002
21785.0,46.0,0.014764291234314442,0.0002
21786.0,46.0,0.01639031618833542,0.0002
21787.0,46.0,0.014913379214704037,0.0002
21788.0,46.0,0.01364661380648613,0.0002
21789.0,46.0,0.012928999960422516,0.0002
21790.0,46.0,0.01333114504814148,0.0002
21791.0,46.0,0.0169777050614357,0.0002
21792.0,46.0,0.015343215316534042,0.0002
21793.0,46.0,0.014015605673193932,0.0002
21794.0,46.0,0.014569779857993126,0.0002
21795.0,46.0,0.01745450869202614,0.0002
21796.0,46.0,0.015001189894974232,0.0002
21797.0,46.0,0.014074845239520073,0.0002
21798.0,46.0,0.011761507019400597,0.0002
21799.0,46.0,0.013218099251389503,0.0002
21800.0,46.0,0.012962611392140388,0.0002
21801.0,46.0,0.012367293238639832,0.0002
21802.0,46.0,0.012557155452668667,0.0002
21803.0,46.0,0.013819443993270397,0.0002
21804.0,46.0,0.014859933406114578,0.0002
21805.0,46.0,0.01448622066527605,0.0002
21806.0,46.0,0.017530113458633423,0.0002
21807.0,46.0,0.012682175263762474,0.0002
21808.0,46.0,0.014997856691479683,0.0002
21809.0,46.0,0.014490155503153801,0.0002
21810.0,46.0,0.014177178964018822,0.0002
21811.0,46.0,0.015227941796183586,0.0002
21812.0,46.0,0.018540451303124428,0.0002
21813.0,46.0,0.015229940414428711,0.0002
21814.0,46.0,0.015278519131243229,0.0002
21815.0,46.0,0.02336765080690384,0.0002
21816.0,46.0,0.018132802098989487,0.0002
21817.0,46.0,0.014979011379182339,0.0002
21818.0,46.0,0.012650776654481888,0.0002
21819.0,46.0,0.01218385249376297,0.0002
21820.0,46.0,0.01683845929801464,0.0002
21821.0,46.0,0.01547818910330534,0.0002
21822.0,46.0,0.013900026679039001,0.0002
21823.0,46.0,0.012288578785955906,0.0002
21824.0,46.0,0.012867843732237816,0.0002
21825.0,46.0,0.01884237676858902,0.0002
21826.0,46.0,0.017031656578183174,0.0002
21827.0,46.0,0.013334228657186031,0.0002
21828.0,46.0,0.013515569269657135,0.0002
21829.0,46.0,0.01590483821928501,0.0002
21830.0,46.0,0.012095468118786812,0.0002
21831.0,46.0,0.015553625300526619,0.0002
21832.0,46.0,0.014926241710782051,0.0002
21833.0,46.0,0.014627136290073395,0.0002
21834.0,46.0,0.016222668811678886,0.0002
21835.0,46.0,0.01412314921617508,0.0002
21836.0,46.0,0.01571788638830185,0.0002
21837.0,46.0,0.013488643802702427,0.0002
21838.0,46.0,0.015978116542100906,0.0002
21839.0,46.0,0.012328986078500748,0.0002
21840.0,46.0,0.012834887020289898,0.0002
21841.0,46.0,0.013130981475114822,0.0002
21842.0,46.0,0.013971411623060703,0.0002
21843.0,46.0,0.013876748271286488,0.0002
21844.0,46.0,0.014221740886569023,0.0002
21845.0,46.0,0.014746345579624176,0.0002
21846.0,46.0,0.018038183450698853,0.0002
21847.0,46.0,0.014955732971429825,0.0002
21848.0,46.0,0.01262090727686882,0.0002
21849.0,46.0,0.014291809871792793,0.0002
21850.0,46.0,0.01932552084326744,0.0002
21851.0,46.0,0.013762328773736954,0.0002
21852.0,46.0,0.01483052596449852,0.0002
21853.0,46.0,0.01272238977253437,0.0002
21854.0,46.0,0.01644904538989067,0.0002
21855.0,46.0,0.01575932651758194,0.0002
21856.0,46.0,0.014850949868559837,0.0002
21857.0,46.0,0.01635000668466091,0.0002
21858.0,46.0,0.013266341760754585,0.0002
21859.0,46.0,0.014764942228794098,0.0002
21860.0,46.0,0.013889712281525135,0.0002
21861.0,46.0,0.015262437053024769,0.0002
21862.0,46.0,0.013957330025732517,0.0002
21863.0,46.0,0.01518687978386879,0.0002
21864.0,46.0,0.015983443707227707,0.0002
21865.0,46.0,0.015418477356433868,0.0002
21866.0,46.0,0.015255982056260109,0.0002
21867.0,46.0,0.01711571030318737,0.0002
21868.0,46.0,0.014178427867591381,0.0002
21869.0,46.0,0.014512869529426098,0.0002
21870.0,46.0,0.015970390290021896,0.0002
21871.0,46.0,0.016740500926971436,0.0002
21872.0,46.0,0.015948843210935593,0.0002
21873.0,46.0,0.016569316387176514,0.0002
21874.0,46.0,0.016002658754587173,0.0002
21875.0,46.0,0.015429364517331123,0.0002
21876.0,46.0,0.014984838664531708,0.0002
21877.0,46.0,0.01625082455575466,0.0002
21878.0,46.0,0.01328729372471571,0.0002
21879.0,46.0,0.013215312734246254,0.0002
21880.0,46.0,0.014492549002170563,0.0002
21881.0,46.0,0.013853317126631737,0.0002
21882.0,46.0,0.01672510616481304,0.0002
21883.0,46.0,0.014776477590203285,0.0002
21884.0,46.0,0.015796873718500137,0.0002
21885.0,46.0,0.015909722074866295,0.0002
21886.0,46.0,0.01603434979915619,0.0002
21887.0,46.0,0.01296240370720625,0.0002
21888.0,46.0,0.014113826677203178,0.0002
21889.0,46.0,0.0129628237336874,0.0002
21890.0,46.0,0.014417633414268494,0.0002
21891.0,46.0,0.013391191139817238,0.0002
21892.0,46.0,0.015183618292212486,0.0002
21893.0,46.0,0.015409710817039013,0.0002
21894.0,46.0,0.015977205708622932,0.0002
21895.0,46.0,0.012169587425887585,0.0002
21896.0,46.0,0.01344234962016344,0.0002
21897.0,46.0,0.013078078627586365,0.0002
21898.0,46.0,0.012706940993666649,0.0002
21899.0,46.0,0.0169710461050272,0.0002
21900.0,46.0,0.015886753797531128,0.0002
21901.0,46.0,0.014236672781407833,0.0002
21902.0,46.0,0.01718088798224926,0.0002
21903.0,46.0,0.014516872353851795,0.0002
21904.0,46.0,0.015229309909045696,0.0002
21905.0,46.0,0.017966777086257935,0.0002
21906.0,46.0,0.016795221716165543,0.0002
21907.0,46.0,0.014931382611393929,0.0002
21908.0,46.0,0.015291610732674599,0.0002
21909.0,46.0,0.013092467561364174,0.0002
21910.0,46.0,0.014294115826487541,0.0002
21911.0,46.0,0.016400739550590515,0.0002
21912.0,46.0,0.011853769421577454,0.0002
21913.0,46.0,0.015838664025068283,0.0002
21914.0,46.0,0.018248971551656723,0.0002
21915.0,46.0,0.019544154405593872,0.0002
21916.0,46.0,0.017791781574487686,0.0002
21917.0,46.0,0.016330406069755554,0.0002
21918.0,46.0,0.011190050281584263,0.0002
21919.0,46.0,0.016023114323616028,0.0002
21920.0,46.0,0.014220423996448517,0.0002
21921.0,46.0,0.019670648500323296,0.0002
21922.0,46.0,0.013517608866095543,0.0002
21923.0,46.0,0.016482263803482056,0.0002
21924.0,46.0,0.009845789521932602,0.0002
21925.0,46.0,0.01491142250597477,0.0002
21926.0,46.0,0.01473250798881054,0.0002
21927.0,46.0,0.018515516072511673,0.0002
21928.0,46.0,0.01492762565612793,0.0002
21929.0,46.0,0.01401163637638092,0.0002
21930.0,46.0,0.01467321440577507,0.0002
21931.0,46.0,0.014128187671303749,0.0002
21932.0,46.0,0.01351971086114645,0.0002
21933.0,46.0,0.014562465250492096,0.0002
21934.0,46.0,0.014659816399216652,0.0002
21935.0,46.0,0.017019618302583694,0.0002
21936.0,46.0,0.014413301832973957,0.0002
21937.0,46.0,0.019536374136805534,0.0002
21938.0,46.0,0.015578820370137691,0.0002
21939.0,46.0,0.019552452489733696,0.0002
21940.0,46.0,0.01510983519256115,0.0002
21941.0,46.0,0.014795148745179176,0.0002
21942.0,46.0,0.01137997955083847,0.0002
21943.0,46.0,0.017688173800706863,0.0002
21944.0,46.0,0.013649147003889084,0.0002
21945.0,46.0,0.013876055367290974,0.0002
21946.0,46.0,0.01537131704390049,0.0002
21947.0,46.0,0.01414012722671032,0.0002
21948.0,46.0,0.012739622965455055,0.0002
21949.0,46.0,0.014844616875052452,0.0002
21950.0,46.0,0.01340431161224842,0.0002
21951.0,46.0,0.009940060786902905,0.0002
21952.0,46.0,0.015098001807928085,0.0002
21953.0,46.0,0.01454007439315319,0.0002
21954.0,46.0,0.01734660193324089,0.0002
21955.0,46.0,0.013990703970193863,0.0002
21956.0,46.0,0.013974363915622234,0.0002
21957.0,46.0,0.011589275673031807,0.0002
21958.0,46.0,0.010617787018418312,0.0002
21959.0,46.0,0.015334492549300194,0.0002
21960.0,46.0,0.011825388297438622,0.0002
21961.0,46.0,0.014931805431842804,0.0002
21962.0,46.0,0.014299271628260612,0.0002
21963.0,46.0,0.0126741211861372,0.0002
21964.0,46.0,0.01082089077681303,0.0002
21965.0,46.0,0.014566531404852867,0.0002
21966.0,46.0,0.015309544280171394,0.0002
21967.0,46.0,0.01464320719242096,0.0002
21968.0,46.0,0.014406458474695683,0.0002
21969.0,46.0,0.011977555230259895,0.0002
21970.0,46.0,0.014602175913751125,0.0002
21971.0,46.0,0.015988217666745186,0.0002
21972.0,46.0,0.020498592406511307,0.0002
21973.0,46.0,0.013419630005955696,0.0002
21974.0,46.0,0.013035733252763748,0.0002
21975.0,46.0,0.015539891086518764,0.0002
21976.0,46.0,0.013649231754243374,0.0002
21977.0,46.0,0.015404712408781052,0.0002
21978.0,46.0,0.015282855369150639,0.0002
21979.0,46.0,0.014706110581755638,0.0002
21980.0,46.0,0.011586945503950119,0.0002
21981.0,46.0,0.018207062035799026,0.0002
21982.0,46.0,0.014243358746170998,0.0002
21983.0,46.0,0.013326640240848064,0.0002
21984.0,46.0,0.01574516110122204,0.0002
21985.0,46.0,0.018220743164420128,0.0002
21986.0,46.0,0.014128439128398895,0.0002
21987.0,46.0,0.017445357516407967,0.0002
21988.0,46.0,0.014769548550248146,0.0002
21989.0,46.0,0.012829001992940903,0.0002
21990.0,46.0,0.015700271353125572,0.0002
21991.0,46.0,0.015041667968034744,0.0002
21992.0,46.0,0.013324884697794914,0.0002
21993.0,46.0,0.014427617192268372,0.0002
21994.0,46.0,0.011959870345890522,0.0002
21995.0,46.0,0.015972889959812164,0.0002
21996.0,46.0,0.014910046011209488,0.0002
21997.0,47.0,0.014041649177670479,0.0002
21998.0,47.0,0.014957287348806858,0.0002
21999.0,47.0,0.011645907536149025,0.0002
22000.0,47.0,0.017955664545297623,0.0002
22001.0,47.0,0.013327615335583687,0.0002
22002.0,47.0,0.015500114299356937,0.0002
22003.0,47.0,0.016141967847943306,0.0002
22004.0,47.0,0.016395436599850655,0.0002
22005.0,47.0,0.01364678144454956,0.0002
22006.0,47.0,0.014330933801829815,0.0002
22007.0,47.0,0.014651705510914326,0.0002
22008.0,47.0,0.015570437535643578,0.0002
22009.0,47.0,0.013626729138195515,0.0002
22010.0,47.0,0.016616718843579292,0.0002
22011.0,47.0,0.016177989542484283,0.0002
22012.0,47.0,0.01363142766058445,0.0002
22013.0,47.0,0.01391020230948925,0.0002
22014.0,47.0,0.011515827849507332,0.0002
22015.0,47.0,0.01277904212474823,0.0002
22016.0,47.0,0.01403643749654293,0.0002
22017.0,47.0,0.013304106891155243,0.0002
22018.0,47.0,0.017353307455778122,0.0002
22019.0,47.0,0.013370685279369354,0.0002
22020.0,47.0,0.014586171135306358,0.0002
22021.0,47.0,0.014886844903230667,0.0002
22022.0,47.0,0.013571709394454956,0.0002
22023.0,47.0,0.015240145847201347,0.0002
22024.0,47.0,0.015314735472202301,0.0002
22025.0,47.0,0.01390150561928749,0.0002
22026.0,47.0,0.01586407795548439,0.0002
22027.0,47.0,0.012511326931416988,0.0002
22028.0,47.0,0.015247413888573647,0.0002
22029.0,47.0,0.013174985535442829,0.0002
22030.0,47.0,0.01654764637351036,0.0002
22031.0,47.0,0.015331659466028214,0.0002
22032.0,47.0,0.016611959785223007,0.0002
22033.0,47.0,0.014714349061250687,0.0002
22034.0,47.0,0.01260100957006216,0.0002
22035.0,47.0,0.018499212339520454,0.0002
22036.0,47.0,0.011487594805657864,0.0002
22037.0,47.0,0.015771113336086273,0.0002
22038.0,47.0,0.017148269340395927,0.0002
22039.0,47.0,0.01305876299738884,0.0002
22040.0,47.0,0.016053715720772743,0.0002
22041.0,47.0,0.011499383486807346,0.0002
22042.0,47.0,0.013665502890944481,0.0002
22043.0,47.0,0.016983652487397194,0.0002
22044.0,47.0,0.014107117429375648,0.0002
22045.0,47.0,0.016490163281559944,0.0002
22046.0,47.0,0.01689746230840683,0.0002
22047.0,47.0,0.015196708962321281,0.0002
22048.0,47.0,0.01600952446460724,0.0002
22049.0,47.0,0.015259036794304848,0.0002
22050.0,47.0,0.012750823050737381,0.0002
22051.0,47.0,0.016250956803560257,0.0002
22052.0,47.0,0.015238429419696331,0.0002
22053.0,47.0,0.010541468858718872,0.0002
22054.0,47.0,0.01561241690069437,0.0002
22055.0,47.0,0.014139151200652122,0.0002
22056.0,47.0,0.012988300994038582,0.0002
22057.0,47.0,0.016611754894256592,0.0002
22058.0,47.0,0.012659721076488495,0.0002
22059.0,47.0,0.020907290279865265,0.0002
22060.0,47.0,0.015206568874418736,0.0002
22061.0,47.0,0.013933515176177025,0.0002
22062.0,47.0,0.015814179554581642,0.0002
22063.0,47.0,0.01710401475429535,0.0002
22064.0,47.0,0.018076224252581596,0.0002
22065.0,47.0,0.014949310570955276,0.0002
22066.0,47.0,0.017883311957120895,0.0002
22067.0,47.0,0.015453805215656757,0.0002
22068.0,47.0,0.01596342772245407,0.0002
22069.0,47.0,0.014092975296080112,0.0002
22070.0,47.0,0.014385757967829704,0.0002
22071.0,47.0,0.012475041672587395,0.0002
22072.0,47.0,0.014608856290578842,0.0002
22073.0,47.0,0.014247346669435501,0.0002
22074.0,47.0,0.016458578407764435,0.0002
22075.0,47.0,0.013506527058780193,0.0002
22076.0,47.0,0.01654198206961155,0.0002
22077.0,47.0,0.011926021426916122,0.0002
22078.0,47.0,0.014406338334083557,0.0002
22079.0,47.0,0.016019076108932495,0.0002
22080.0,47.0,0.01361621730029583,0.0002
22081.0,47.0,0.018059492111206055,0.0002
22082.0,47.0,0.013427851721644402,0.0002
22083.0,47.0,0.012430603615939617,0.0002
22084.0,47.0,0.01575503498315811,0.0002
22085.0,47.0,0.01608191430568695,0.0002
22086.0,47.0,0.015843655914068222,0.0002
22087.0,47.0,0.015363678336143494,0.0002
22088.0,47.0,0.01267949864268303,0.0002
22089.0,47.0,0.012756572104990482,0.0002
22090.0,47.0,0.0171066727489233,0.0002
22091.0,47.0,0.01256467029452324,0.0002
22092.0,47.0,0.013172133825719357,0.0002
22093.0,47.0,0.01399671845138073,0.0002
22094.0,47.0,0.013410687446594238,0.0002
22095.0,47.0,0.013615716248750687,0.0002
22096.0,47.0,0.01830420270562172,0.0002
22097.0,47.0,0.014578385278582573,0.0002
22098.0,47.0,0.015161588788032532,0.0002
22099.0,47.0,0.016272995620965958,0.0002
22100.0,47.0,0.01365960668772459,0.0002
22101.0,47.0,0.0122374277561903,0.0002
22102.0,47.0,0.01891355775296688,0.0002
22103.0,47.0,0.014082666486501694,0.0002
22104.0,47.0,0.01811673864722252,0.0002
22105.0,47.0,0.012888041324913502,0.0002
22106.0,47.0,0.012355132028460503,0.0002
22107.0,47.0,0.016777973622083664,0.0002
22108.0,47.0,0.017062949016690254,0.0002
22109.0,47.0,0.015388226136565208,0.0002
22110.0,47.0,0.015682503581047058,0.0002
22111.0,47.0,0.014926064759492874,0.0002
22112.0,47.0,0.015578154474496841,0.0002
22113.0,47.0,0.013362418860197067,0.0002
22114.0,47.0,0.01498876791447401,0.0002
22115.0,47.0,0.013077215291559696,0.0002
22116.0,47.0,0.013795485720038414,0.0002
22117.0,47.0,0.016348715871572495,0.0002
22118.0,47.0,0.014984579756855965,0.0002
22119.0,47.0,0.013023382052779198,0.0002
22120.0,47.0,0.015618592500686646,0.0002
22121.0,47.0,0.012919872999191284,0.0002
22122.0,47.0,0.011231696233153343,0.0002
22123.0,47.0,0.015917470678687096,0.0002
22124.0,47.0,0.012940887361764908,0.0002
22125.0,47.0,0.018367554992437363,0.0002
22126.0,47.0,0.015097193419933319,0.0002
22127.0,47.0,0.014042247086763382,0.0002
22128.0,47.0,0.021004214882850647,0.0002
22129.0,47.0,0.014402486383914948,0.0002
22130.0,47.0,0.015505832619965076,0.0002
22131.0,47.0,0.0141218863427639,0.0002
22132.0,47.0,0.013488741591572762,0.0002
22133.0,47.0,0.01506062876433134,0.0002
22134.0,47.0,0.013215195387601852,0.0002
22135.0,47.0,0.01676286570727825,0.0002
22136.0,47.0,0.015152581967413425,0.0002
22137.0,47.0,0.0139308487996459,0.0002
22138.0,47.0,0.017120368778705597,0.0002
22139.0,47.0,0.01288746390491724,0.0002
22140.0,47.0,0.01760711520910263,0.0002
22141.0,47.0,0.01313531119376421,0.0002
22142.0,47.0,0.012753335759043694,0.0002
22143.0,47.0,0.014025767333805561,0.0002
22144.0,47.0,0.01584490016102791,0.0002
22145.0,47.0,0.0137561010196805,0.0002
22146.0,47.0,0.014075901359319687,0.0002
22147.0,47.0,0.01752723753452301,0.0002
22148.0,47.0,0.01340780034661293,0.0002
22149.0,47.0,0.011925609782338142,0.0002
22150.0,47.0,0.011985542252659798,0.0002
22151.0,47.0,0.014658735133707523,0.0002
22152.0,47.0,0.014129165560007095,0.0002
22153.0,47.0,0.014913785271346569,0.0002
22154.0,47.0,0.016703885048627853,0.0002
22155.0,47.0,0.013458199799060822,0.0002
22156.0,47.0,0.013125486671924591,0.0002
22157.0,47.0,0.015178282745182514,0.0002
22158.0,47.0,0.01717168278992176,0.0002
22159.0,47.0,0.017566801980137825,0.0002
22160.0,47.0,0.011916709132492542,0.0002
22161.0,47.0,0.016447490081191063,0.0002
22162.0,47.0,0.012116393074393272,0.0002
22163.0,47.0,0.014513833448290825,0.0002
22164.0,47.0,0.015581541694700718,0.0002
22165.0,47.0,0.013904166407883167,0.0002
22166.0,47.0,0.016331005841493607,0.0002
22167.0,47.0,0.014830660074949265,0.0002
22168.0,47.0,0.015237072482705116,0.0002
22169.0,47.0,0.016760293394327164,0.0002
22170.0,47.0,0.017559094354510307,0.0002
22171.0,47.0,0.014101286418735981,0.0002
22172.0,47.0,0.013431680388748646,0.0002
22173.0,47.0,0.01197773776948452,0.0002
22174.0,47.0,0.013243560679256916,0.0002
22175.0,47.0,0.013803130015730858,0.0002
22176.0,47.0,0.015344860032200813,0.0002
22177.0,47.0,0.014242494478821754,0.0002
22178.0,47.0,0.013950470834970474,0.0002
22179.0,47.0,0.013962368480861187,0.0002
22180.0,47.0,0.019013186916708946,0.0002
22181.0,47.0,0.013247000053524971,0.0002
22182.0,47.0,0.014926299452781677,0.0002
22183.0,47.0,0.014929672703146935,0.0002
22184.0,47.0,0.01558342669159174,0.0002
22185.0,47.0,0.010620396584272385,0.0002
22186.0,47.0,0.012920726090669632,0.0002
22187.0,47.0,0.013309530913829803,0.0002
22188.0,47.0,0.011046597734093666,0.0002
22189.0,47.0,0.015784787014126778,0.0002
22190.0,47.0,0.013935597613453865,0.0002
22191.0,47.0,0.01502927578985691,0.0002
22192.0,47.0,0.013330342248082161,0.0002
22193.0,47.0,0.013122028671205044,0.0002
22194.0,47.0,0.013725445605814457,0.0002
22195.0,47.0,0.01474149152636528,0.0002
22196.0,47.0,0.009834831580519676,0.0002
22197.0,47.0,0.014253102242946625,0.0002
22198.0,47.0,0.009289266541600227,0.0002
22199.0,47.0,0.013729549944400787,0.0002
22200.0,47.0,0.01265009492635727,0.0002
22201.0,47.0,0.011977522633969784,0.0002
22202.0,47.0,0.016028057783842087,0.0002
22203.0,47.0,0.015169084072113037,0.0002
22204.0,47.0,0.015002778731286526,0.0002
22205.0,47.0,0.014896370470523834,0.0002
22206.0,47.0,0.015209357254207134,0.0002
22207.0,47.0,0.014911655336618423,0.0002
22208.0,47.0,0.017637675628066063,0.0002
22209.0,47.0,0.012954718433320522,0.0002
22210.0,47.0,0.017883513122797012,0.0002
22211.0,47.0,0.014714757911860943,0.0002
22212.0,47.0,0.014386890456080437,0.0002
22213.0,47.0,0.014934712089598179,0.0002
22214.0,47.0,0.013454396277666092,0.0002
22215.0,47.0,0.021699219942092896,0.0002
22216.0,47.0,0.012438890524208546,0.0002
22217.0,47.0,0.013888627290725708,0.0002
22218.0,47.0,0.011788321658968925,0.0002
22219.0,47.0,0.01277494989335537,0.0002
22220.0,47.0,0.015760913491249084,0.0002
22221.0,47.0,0.01557479240000248,0.0002
22222.0,47.0,0.012243639677762985,0.0002
22223.0,47.0,0.015292818658053875,0.0002
22224.0,47.0,0.016462478786706924,0.0002
22225.0,47.0,0.013950048945844173,0.0002
22226.0,47.0,0.012747375294566154,0.0002
22227.0,47.0,0.016708189621567726,0.0002
22228.0,47.0,0.01777244359254837,0.0002
22229.0,47.0,0.0159795843064785,0.0002
22230.0,47.0,0.01553688570857048,0.0002
22231.0,47.0,0.015157362446188927,0.0002
22232.0,47.0,0.016539957374334335,0.0002
22233.0,47.0,0.013362735509872437,0.0002
22234.0,47.0,0.016106773167848587,0.0002
22235.0,47.0,0.016630971804261208,0.0002
22236.0,47.0,0.017011474817991257,0.0002
22237.0,47.0,0.012687011621892452,0.0002
22238.0,47.0,0.013680065050721169,0.0002
22239.0,47.0,0.016594454646110535,0.0002
22240.0,47.0,0.013134002685546875,0.0002
22241.0,47.0,0.014513911679387093,0.0002
22242.0,47.0,0.013555334880948067,0.0002
22243.0,47.0,0.014669809490442276,0.0002
22244.0,47.0,0.015072154812514782,0.0002
22245.0,47.0,0.015622873790562153,0.0002
22246.0,47.0,0.0165223591029644,0.0002
22247.0,47.0,0.014811975881457329,0.0002
22248.0,47.0,0.016430111601948738,0.0002
22249.0,47.0,0.01692388951778412,0.0002
22250.0,47.0,0.013921067118644714,0.0002
22251.0,47.0,0.013459050096571445,0.0002
22252.0,47.0,0.014049464836716652,0.0002
22253.0,47.0,0.01807524263858795,0.0002
22254.0,47.0,0.013153975829482079,0.0002
22255.0,47.0,0.014004865661263466,0.0002
22256.0,47.0,0.011706664226949215,0.0002
22257.0,47.0,0.014532451517879963,0.0002
22258.0,47.0,0.014160560443997383,0.0002
22259.0,47.0,0.016847994178533554,0.0002
22260.0,47.0,0.014766434207558632,0.0002
22261.0,47.0,0.01494644582271576,0.0002
22262.0,47.0,0.014542220160365105,0.0002
22263.0,47.0,0.011859445832669735,0.0002
22264.0,47.0,0.015445314347743988,0.0002
22265.0,47.0,0.012788180261850357,0.0002
22266.0,47.0,0.014691580086946487,0.0002
22267.0,47.0,0.01273404248058796,0.0002
22268.0,47.0,0.016169071197509766,0.0002
22269.0,47.0,0.013322824612259865,0.0002
22270.0,47.0,0.014647461473941803,0.0002
22271.0,47.0,0.016146838665008545,0.0002
22272.0,47.0,0.013250958174467087,0.0002
22273.0,47.0,0.014615774154663086,0.0002
22274.0,47.0,0.014746760949492455,0.0002
22275.0,47.0,0.013019374571740627,0.0002
22276.0,47.0,0.01540058758109808,0.0002
22277.0,47.0,0.016528386622667313,0.0002
22278.0,47.0,0.0106971375644207,0.0002
22279.0,47.0,0.015321635641157627,0.0002
22280.0,47.0,0.014073035679757595,0.0002
22281.0,47.0,0.01393941417336464,0.0002
22282.0,47.0,0.016370277851819992,0.0002
22283.0,47.0,0.013881010934710503,0.0002
22284.0,47.0,0.01479350496083498,0.0002
22285.0,47.0,0.011435061693191528,0.0002
22286.0,47.0,0.013804838992655277,0.0002
22287.0,47.0,0.013966577127575874,0.0002
22288.0,47.0,0.015173888765275478,0.0002
22289.0,47.0,0.01581507921218872,0.0002
22290.0,47.0,0.013646764680743217,0.0002
22291.0,47.0,0.016969747841358185,0.0002
22292.0,47.0,0.0147588811814785,0.0002
22293.0,47.0,0.014135172590613365,0.0002
22294.0,47.0,0.013759058900177479,0.0002
22295.0,47.0,0.012469509616494179,0.0002
22296.0,47.0,0.015510393306612968,0.0002
22297.0,47.0,0.016028614714741707,0.0002
22298.0,47.0,0.014935266226530075,0.0002
22299.0,47.0,0.013878166675567627,0.0002
22300.0,47.0,0.01103852316737175,0.0002
22301.0,47.0,0.016203921288251877,0.0002
22302.0,47.0,0.015111631713807583,0.0002
22303.0,47.0,0.017405766993761063,0.0002
22304.0,47.0,0.01665465161204338,0.0002
22305.0,47.0,0.020622875541448593,0.0002
22306.0,47.0,0.01572883129119873,0.0002
22307.0,47.0,0.018755678087472916,0.0002
22308.0,47.0,0.013622963801026344,0.0002
22309.0,47.0,0.012100503779947758,0.0002
22310.0,47.0,0.011978178285062313,0.0002
22311.0,47.0,0.016069602221250534,0.0002
22312.0,47.0,0.014506685547530651,0.0002
22313.0,47.0,0.014647498726844788,0.0002
22314.0,47.0,0.012929454445838928,0.0002
22315.0,47.0,0.013930962421000004,0.0002
22316.0,47.0,0.0144414771348238,0.0002
22317.0,47.0,0.01653515361249447,0.0002
22318.0,47.0,0.015199273824691772,0.0002
22319.0,47.0,0.01531367376446724,0.0002
22320.0,47.0,0.016627933830022812,0.0002
22321.0,47.0,0.0136521952226758,0.0002
22322.0,47.0,0.015118498355150223,0.0002
22323.0,47.0,0.015208069235086441,0.0002
22324.0,47.0,0.013632267713546753,0.0002
22325.0,47.0,0.017525050789117813,0.0002
22326.0,47.0,0.016490977257490158,0.0002
22327.0,47.0,0.015549696050584316,0.0002
22328.0,47.0,0.011567983776330948,0.0002
22329.0,47.0,0.011979024857282639,0.0002
22330.0,47.0,0.015111605636775494,0.0002
22331.0,47.0,0.015608701854944229,0.0002
22332.0,47.0,0.017049208283424377,0.0002
22333.0,47.0,0.015279030427336693,0.0002
22334.0,47.0,0.01336962915956974,0.0002
22335.0,47.0,0.015848232433199883,0.0002
22336.0,47.0,0.016804426908493042,0.0002
22337.0,47.0,0.01298834290355444,0.0002
22338.0,47.0,0.01538899913430214,0.0002
22339.0,47.0,0.011544207111001015,0.0002
22340.0,47.0,0.013277783989906311,0.0002
22341.0,47.0,0.01541157066822052,0.0002
22342.0,47.0,0.01338166557252407,0.0002
22343.0,47.0,0.01250150054693222,0.0002
22344.0,47.0,0.015934742987155914,0.0002
22345.0,47.0,0.012552350759506226,0.0002
22346.0,47.0,0.022529419511556625,0.0002
22347.0,47.0,0.017318187281489372,0.0002
22348.0,47.0,0.016975028440356255,0.0002
22349.0,47.0,0.016910376027226448,0.0002
22350.0,47.0,0.015546906739473343,0.0002
22351.0,47.0,0.017751876264810562,0.0002
22352.0,47.0,0.013523392379283905,0.0002
22353.0,47.0,0.014461586251854897,0.0002
22354.0,47.0,0.014014121145009995,0.0002
22355.0,47.0,0.013416871428489685,0.0002
22356.0,47.0,0.016750967130064964,0.0002
22357.0,47.0,0.012411968782544136,0.0002
22358.0,47.0,0.01811014488339424,0.0002
22359.0,47.0,0.01538245752453804,0.0002
22360.0,47.0,0.014395820908248425,0.0002
22361.0,47.0,0.016362328082323074,0.0002
22362.0,47.0,0.013925844803452492,0.0002
22363.0,47.0,0.016401220113039017,0.0002
22364.0,47.0,0.014584878459572792,0.0002
22365.0,47.0,0.010386954993009567,0.0002
22366.0,47.0,0.013089276850223541,0.0002
22367.0,47.0,0.012124705128371716,0.0002
22368.0,47.0,0.014712346717715263,0.0002
22369.0,47.0,0.0163797028362751,0.0002
22370.0,47.0,0.01734153926372528,0.0002
22371.0,47.0,0.017275387421250343,0.0002
22372.0,47.0,0.016228647902607918,0.0002
22373.0,47.0,0.012914869002997875,0.0002
22374.0,47.0,0.014218229800462723,0.0002
22375.0,47.0,0.015448152087628841,0.0002
22376.0,47.0,0.015064872801303864,0.0002
22377.0,47.0,0.013537449762225151,0.0002
22378.0,47.0,0.018482599407434464,0.0002
22379.0,47.0,0.013938464224338531,0.0002
22380.0,47.0,0.018459323793649673,0.0002
22381.0,47.0,0.01759478822350502,0.0002
22382.0,47.0,0.01729351282119751,0.0002
22383.0,47.0,0.011442531831562519,0.0002
22384.0,47.0,0.012428105808794498,0.0002
22385.0,47.0,0.013536686077713966,0.0002
22386.0,47.0,0.016442010179162025,0.0002
22387.0,47.0,0.013885620050132275,0.0002
22388.0,47.0,0.014155855402350426,0.0002
22389.0,47.0,0.01961221918463707,0.0002
22390.0,47.0,0.01512271910905838,0.0002
22391.0,47.0,0.014772339724004269,0.0002
22392.0,47.0,0.014628998003900051,0.0002
22393.0,47.0,0.012959630228579044,0.0002
22394.0,47.0,0.017460357397794724,0.0002
22395.0,47.0,0.014773327857255936,0.0002
22396.0,47.0,0.016081154346466064,0.0002
22397.0,47.0,0.014534375630319118,0.0002
22398.0,47.0,0.0127180190756917,0.0002
22399.0,47.0,0.01477909181267023,0.0002
22400.0,47.0,0.01731465570628643,0.0002
22401.0,47.0,0.01577276922762394,0.0002
22402.0,47.0,0.012853173539042473,0.0002
22403.0,47.0,0.014434447512030602,0.0002
22404.0,47.0,0.014833156019449234,0.0002
22405.0,47.0,0.015184224583208561,0.0002
22406.0,47.0,0.01165299117565155,0.0002
22407.0,47.0,0.017700497061014175,0.0002
22408.0,47.0,0.015651429072022438,0.0002
22409.0,47.0,0.016292229294776917,0.0002
22410.0,47.0,0.013851786032319069,0.0002
22411.0,47.0,0.016100089997053146,0.0002
22412.0,47.0,0.012194572947919369,0.0002
22413.0,47.0,0.014854803681373596,0.0002
22414.0,47.0,0.019369645044207573,0.0002
22415.0,47.0,0.013185408897697926,0.0002
22416.0,47.0,0.01684178039431572,0.0002
22417.0,47.0,0.013299111276865005,0.0002
22418.0,47.0,0.012902987189590931,0.0002
22419.0,47.0,0.014559730887413025,0.0002
22420.0,47.0,0.012171931564807892,0.0002
22421.0,47.0,0.01481096725910902,0.0002
22422.0,47.0,0.01548636145889759,0.0002
22423.0,47.0,0.01180840004235506,0.0002
22424.0,47.0,0.014862889423966408,0.0002
22425.0,47.0,0.015271883457899094,0.0002
22426.0,47.0,0.019611431285738945,0.0002
22427.0,47.0,0.014263635501265526,0.0002
22428.0,47.0,0.014836864545941353,0.0002
22429.0,47.0,0.014086290262639523,0.0002
22430.0,47.0,0.014389032498002052,0.0002
22431.0,47.0,0.013905111700296402,0.0002
22432.0,47.0,0.01618959754705429,0.0002
22433.0,47.0,0.013570787385106087,0.0002
22434.0,47.0,0.014374591410160065,0.0002
22435.0,47.0,0.015681929886341095,0.0002
22436.0,47.0,0.018636466935276985,0.0002
22437.0,47.0,0.014752132818102837,0.0002
22438.0,47.0,0.015193568542599678,0.0002
22439.0,47.0,0.015324358828365803,0.0002
22440.0,47.0,0.015593629330396652,0.0002
22441.0,47.0,0.015942592173814774,0.0002
22442.0,47.0,0.014149271883070469,0.0002
22443.0,47.0,0.012824533507227898,0.0002
22444.0,47.0,0.01442943699657917,0.0002
22445.0,47.0,0.011416163295507431,0.0002
22446.0,47.0,0.01656133495271206,0.0002
22447.0,47.0,0.013774793595075607,0.0002
22448.0,47.0,0.014726622961461544,0.0002
22449.0,47.0,0.014066975563764572,0.0002
22450.0,47.0,0.013231100514531136,0.0002
22451.0,47.0,0.012283200398087502,0.0002
22452.0,47.0,0.012985596433281898,0.0002
22453.0,47.0,0.013050139881670475,0.0002
22454.0,47.0,0.012236444279551506,0.0002
22455.0,47.0,0.0165303535759449,0.0002
22456.0,47.0,0.018434584140777588,0.0002
22457.0,47.0,0.014392332173883915,0.0002
22458.0,47.0,0.016110574826598167,0.0002
22459.0,47.0,0.014293249696493149,0.0002
22460.0,47.0,0.01312275044620037,0.0002
22461.0,47.0,0.01822328194975853,0.0002
22462.0,47.0,0.017818398773670197,0.0002
22463.0,47.0,0.014346396550536156,0.0002
22464.0,47.0,0.015408186241984367,0.0002
22465.0,48.0,0.015603845939040184,0.0002
22466.0,48.0,0.015746446326375008,0.0002
22467.0,48.0,0.015542265959084034,0.0002
22468.0,48.0,0.01410392764955759,0.0002
22469.0,48.0,0.017494359984993935,0.0002
22470.0,48.0,0.015285711735486984,0.0002
22471.0,48.0,0.018046485260128975,0.0002
22472.0,48.0,0.01741785928606987,0.0002
22473.0,48.0,0.013198447413742542,0.0002
22474.0,48.0,0.015346026979386806,0.0002
22475.0,48.0,0.01767280325293541,0.0002
22476.0,48.0,0.01533941738307476,0.0002
22477.0,48.0,0.01690106838941574,0.0002
22478.0,48.0,0.013651123270392418,0.0002
22479.0,48.0,0.01607135869562626,0.0002
22480.0,48.0,0.014279884286224842,0.0002
22481.0,48.0,0.013243925757706165,0.0002
22482.0,48.0,0.014596870169043541,0.0002
22483.0,48.0,0.015139568597078323,0.0002
22484.0,48.0,0.013104228302836418,0.0002
22485.0,48.0,0.01241355575621128,0.0002
22486.0,48.0,0.013899419456720352,0.0002
22487.0,48.0,0.015465501695871353,0.0002
22488.0,48.0,0.01784701645374298,0.0002
22489.0,48.0,0.01404691394418478,0.0002
22490.0,48.0,0.015331746079027653,0.0002
22491.0,48.0,0.014506044797599316,0.0002
22492.0,48.0,0.015649564564228058,0.0002
22493.0,48.0,0.015470433048903942,0.0002
22494.0,48.0,0.01413178164511919,0.0002
22495.0,48.0,0.016035083681344986,0.0002
22496.0,48.0,0.014623911119997501,0.0002
22497.0,48.0,0.012587809935212135,0.0002
22498.0,48.0,0.01288524828851223,0.0002
22499.0,48.0,0.014751515351235867,0.0002
22500.0,48.0,0.011986874043941498,0.0002
22501.0,48.0,0.012553630396723747,0.0002
22502.0,48.0,0.013439249247312546,0.0002
22503.0,48.0,0.015128131955862045,0.0002
22504.0,48.0,0.01325265783816576,0.0002
22505.0,48.0,0.013371113687753677,0.0002
22506.0,48.0,0.0125055480748415,0.0002
22507.0,48.0,0.015063941478729248,0.0002
22508.0,48.0,0.013437330722808838,0.0002
22509.0,48.0,0.01249612681567669,0.0002
22510.0,48.0,0.014628665521740913,0.0002
22511.0,48.0,0.01627887226641178,0.0002
22512.0,48.0,0.01471256185323,0.0002
22513.0,48.0,0.01469422597438097,0.0002
22514.0,48.0,0.014879385009407997,0.0002
22515.0,48.0,0.00954896118491888,0.0002
22516.0,48.0,0.014859378337860107,0.0002
22517.0,48.0,0.014027244411408901,0.0002
22518.0,48.0,0.018056228756904602,0.0002
22519.0,48.0,0.017799340188503265,0.0002
22520.0,48.0,0.017948675900697708,0.0002
22521.0,48.0,0.0143834687769413,0.0002
22522.0,48.0,0.01581330969929695,0.0002
22523.0,48.0,0.015341569669544697,0.0002
22524.0,48.0,0.017452292144298553,0.0002
22525.0,48.0,0.019759856164455414,0.0002
22526.0,48.0,0.014171428978443146,0.0002
22527.0,48.0,0.014340678229928017,0.0002
22528.0,48.0,0.013794207014143467,0.0002
22529.0,48.0,0.01666872203350067,0.0002
22530.0,48.0,0.015459810383617878,0.0002
22531.0,48.0,0.014896521344780922,0.0002
22532.0,48.0,0.011791331693530083,0.0002
22533.0,48.0,0.012667955830693245,0.0002
22534.0,48.0,0.013533735647797585,0.0002
22535.0,48.0,0.015661729499697685,0.0002
22536.0,48.0,0.01641600951552391,0.0002
22537.0,48.0,0.019827663898468018,0.0002
22538.0,48.0,0.013086789287626743,0.0002
22539.0,48.0,0.01338905282318592,0.0002
22540.0,48.0,0.01689339429140091,0.0002
22541.0,48.0,0.0137172257527709,0.0002
22542.0,48.0,0.012822816148400307,0.0002
22543.0,48.0,0.015442201867699623,0.0002
22544.0,48.0,0.014425227418541908,0.0002
22545.0,48.0,0.014910662546753883,0.0002
22546.0,48.0,0.014609528705477715,0.0002
22547.0,48.0,0.013426549732685089,0.0002
22548.0,48.0,0.015237937681376934,0.0002
22549.0,48.0,0.015705525875091553,0.0002
22550.0,48.0,0.015959493815898895,0.0002
22551.0,48.0,0.01626797765493393,0.0002
22552.0,48.0,0.01592083089053631,0.0002
22553.0,48.0,0.012288535013794899,0.0002
22554.0,48.0,0.014329198747873306,0.0002
22555.0,48.0,0.017336484044790268,0.0002
22556.0,48.0,0.014708023518323898,0.0002
22557.0,48.0,0.014709421433508396,0.0002
22558.0,48.0,0.012588340789079666,0.0002
22559.0,48.0,0.01606929674744606,0.0002
22560.0,48.0,0.013779843226075172,0.0002
22561.0,48.0,0.012194300070405006,0.0002
22562.0,48.0,0.01740647852420807,0.0002
22563.0,48.0,0.014032857492566109,0.0002
22564.0,48.0,0.013341973535716534,0.0002
22565.0,48.0,0.017169978469610214,0.0002
22566.0,48.0,0.01536981388926506,0.0002
22567.0,48.0,0.015694623813033104,0.0002
22568.0,48.0,0.017403509467840195,0.0002
22569.0,48.0,0.014626175165176392,0.0002
22570.0,48.0,0.01372591219842434,0.0002
22571.0,48.0,0.01428784430027008,0.0002
22572.0,48.0,0.016173385083675385,0.0002
22573.0,48.0,0.01548850629478693,0.0002
22574.0,48.0,0.016927912831306458,0.0002
22575.0,48.0,0.014865735545754433,0.0002
22576.0,48.0,0.012731250375509262,0.0002
22577.0,48.0,0.011835950426757336,0.0002
22578.0,48.0,0.009593553841114044,0.0002
22579.0,48.0,0.016597114503383636,0.0002
22580.0,48.0,0.014356862753629684,0.0002
22581.0,48.0,0.01686888188123703,0.0002
22582.0,48.0,0.012351308017969131,0.0002
22583.0,48.0,0.01480187103152275,0.0002
22584.0,48.0,0.017409641295671463,0.0002
22585.0,48.0,0.015093127265572548,0.0002
22586.0,48.0,0.015302246436476707,0.0002
22587.0,48.0,0.01805303245782852,0.0002
22588.0,48.0,0.015228595584630966,0.0002
22589.0,48.0,0.015519674867391586,0.0002
22590.0,48.0,0.018743179738521576,0.0002
22591.0,48.0,0.014058133587241173,0.0002
22592.0,48.0,0.0138164684176445,0.0002
22593.0,48.0,0.01573338359594345,0.0002
22594.0,48.0,0.01746721938252449,0.0002
22595.0,48.0,0.011921867728233337,0.0002
22596.0,48.0,0.014461403712630272,0.0002
22597.0,48.0,0.017770767211914062,0.0002
22598.0,48.0,0.016452476382255554,0.0002
22599.0,48.0,0.018128855153918266,0.0002
22600.0,48.0,0.01360713317990303,0.0002
22601.0,48.0,0.0125039741396904,0.0002
22602.0,48.0,0.016193553805351257,0.0002
22603.0,48.0,0.016663022339344025,0.0002
22604.0,48.0,0.016121264547109604,0.0002
22605.0,48.0,0.01584821194410324,0.0002
22606.0,48.0,0.01670204848051071,0.0002
22607.0,48.0,0.014439292252063751,0.0002
22608.0,48.0,0.017394185066223145,0.0002
22609.0,48.0,0.01654990017414093,0.0002
22610.0,48.0,0.01353213656693697,0.0002
22611.0,48.0,0.015986377373337746,0.0002
22612.0,48.0,0.015367978252470493,0.0002
22613.0,48.0,0.01232030987739563,0.0002
22614.0,48.0,0.015553275123238564,0.0002
22615.0,48.0,0.01390318013727665,0.0002
22616.0,48.0,0.012664210051298141,0.0002
22617.0,48.0,0.014733106829226017,0.0002
22618.0,48.0,0.012298968620598316,0.0002
22619.0,48.0,0.013890884816646576,0.0002
22620.0,48.0,0.01805160567164421,0.0002
22621.0,48.0,0.01345214992761612,0.0002
22622.0,48.0,0.011132199317216873,0.0002
22623.0,48.0,0.016515512019395828,0.0002
22624.0,48.0,0.015703236684203148,0.0002
22625.0,48.0,0.01557653583586216,0.0002
22626.0,48.0,0.012329084798693657,0.0002
22627.0,48.0,0.012991420924663544,0.0002
22628.0,48.0,0.011331984773278236,0.0002
22629.0,48.0,0.012084242887794971,0.0002
22630.0,48.0,0.017948608845472336,0.0002
22631.0,48.0,0.0148737458512187,0.0002
22632.0,48.0,0.013206688687205315,0.0002
22633.0,48.0,0.017857830971479416,0.0002
22634.0,48.0,0.015463393181562424,0.0002
22635.0,48.0,0.015204977244138718,0.0002
22636.0,48.0,0.012987196445465088,0.0002
22637.0,48.0,0.017452262341976166,0.0002
22638.0,48.0,0.020236067473888397,0.0002
22639.0,48.0,0.013382419012486935,0.0002
22640.0,48.0,0.014382859691977501,0.0002
22641.0,48.0,0.01627003215253353,0.0002
22642.0,48.0,0.016596077010035515,0.0002
22643.0,48.0,0.01230611465871334,0.0002
22644.0,48.0,0.013232427649199963,0.0002
22645.0,48.0,0.013268576934933662,0.0002
22646.0,48.0,0.01761462911963463,0.0002
22647.0,48.0,0.014381049200892448,0.0002
22648.0,48.0,0.014903276227414608,0.0002
22649.0,48.0,0.012906765565276146,0.0002
22650.0,48.0,0.01341288723051548,0.0002
22651.0,48.0,0.014015302062034607,0.0002
22652.0,48.0,0.016620876267552376,0.0002
22653.0,48.0,0.012677177786827087,0.0002
22654.0,48.0,0.015380926430225372,0.0002
22655.0,48.0,0.015700755640864372,0.0002
22656.0,48.0,0.014652315527200699,0.0002
22657.0,48.0,0.013051936402916908,0.0002
22658.0,48.0,0.01693429984152317,0.0002
22659.0,48.0,0.014646211639046669,0.0002
22660.0,48.0,0.013882248662412167,0.0002
22661.0,48.0,0.01111321710050106,0.0002
22662.0,48.0,0.017061663791537285,0.0002
22663.0,48.0,0.014175433665513992,0.0002
22664.0,48.0,0.013799458742141724,0.0002
22665.0,48.0,0.016374710947275162,0.0002
22666.0,48.0,0.01112001296132803,0.0002
22667.0,48.0,0.014231051318347454,0.0002
22668.0,48.0,0.015498673543334007,0.0002
22669.0,48.0,0.01802389696240425,0.0002
22670.0,48.0,0.01375972107052803,0.0002
22671.0,48.0,0.01307098101824522,0.0002
22672.0,48.0,0.015175665728747845,0.0002
22673.0,48.0,0.014659417793154716,0.0002
22674.0,48.0,0.013234020210802555,0.0002
22675.0,48.0,0.015068192034959793,0.0002
22676.0,48.0,0.012516694143414497,0.0002
22677.0,48.0,0.013418471440672874,0.0002
22678.0,48.0,0.014104096218943596,0.0002
22679.0,48.0,0.013424331322312355,0.0002
22680.0,48.0,0.017078157514333725,0.0002
22681.0,48.0,0.018781401216983795,0.0002
22682.0,48.0,0.013550462201237679,0.0002
22683.0,48.0,0.013342747464776039,0.0002
22684.0,48.0,0.01959821954369545,0.0002
22685.0,48.0,0.011831220239400864,0.0002
22686.0,48.0,0.013797502033412457,0.0002
22687.0,48.0,0.01259530521929264,0.0002
22688.0,48.0,0.01688273251056671,0.0002
22689.0,48.0,0.014104687608778477,0.0002
22690.0,48.0,0.013418595306575298,0.0002
22691.0,48.0,0.020190656185150146,0.0002
22692.0,48.0,0.014391349628567696,0.0002
22693.0,48.0,0.013372731395065784,0.0002
22694.0,48.0,0.01452928688377142,0.0002
22695.0,48.0,0.02044874057173729,0.0002
22696.0,48.0,0.016575094312429428,0.0002
22697.0,48.0,0.016915176063776016,0.0002
22698.0,48.0,0.013094775378704071,0.0002
22699.0,48.0,0.013324904255568981,0.0002
22700.0,48.0,0.01318420935422182,0.0002
22701.0,48.0,0.014625193551182747,0.0002
22702.0,48.0,0.017388686537742615,0.0002
22703.0,48.0,0.01641145348548889,0.0002
22704.0,48.0,0.013798464089632034,0.0002
22705.0,48.0,0.014351055026054382,0.0002
22706.0,48.0,0.014112493954598904,0.0002
22707.0,48.0,0.016980811953544617,0.0002
22708.0,48.0,0.017649956047534943,0.0002
22709.0,48.0,0.015328612178564072,0.0002
22710.0,48.0,0.014120523817837238,0.0002
22711.0,48.0,0.013664642348885536,0.0002
22712.0,48.0,0.014801215380430222,0.0002
22713.0,48.0,0.01379716768860817,0.0002
22714.0,48.0,0.017887908965349197,0.0002
22715.0,48.0,0.014476174488663673,0.0002
22716.0,48.0,0.0135272778570652,0.0002
22717.0,48.0,0.014187122695147991,0.0002
22718.0,48.0,0.015364723280072212,0.0002
22719.0,48.0,0.01415308564901352,0.0002
22720.0,48.0,0.012405646964907646,0.0002
22721.0,48.0,0.01376340165734291,0.0002
22722.0,48.0,0.01715080626308918,0.0002
22723.0,48.0,0.015339776873588562,0.0002
22724.0,48.0,0.01490931399166584,0.0002
22725.0,48.0,0.01705976203083992,0.0002
22726.0,48.0,0.01360752247273922,0.0002
22727.0,48.0,0.013759040273725986,0.0002
22728.0,48.0,0.01659541390836239,0.0002
22729.0,48.0,0.01383705623447895,0.0002
22730.0,48.0,0.01752839982509613,0.0002
22731.0,48.0,0.013441983610391617,0.0002
22732.0,48.0,0.01419883780181408,0.0002
22733.0,48.0,0.015113172121345997,0.0002
22734.0,48.0,0.016890425235033035,0.0002
22735.0,48.0,0.014311905950307846,0.0002
22736.0,48.0,0.014393373392522335,0.0002
22737.0,48.0,0.018081065267324448,0.0002
22738.0,48.0,0.015228056348860264,0.0002
22739.0,48.0,0.014253715984523296,0.0002
22740.0,48.0,0.01459377072751522,0.0002
22741.0,48.0,0.014499291777610779,0.0002
22742.0,48.0,0.013913637027144432,0.0002
22743.0,48.0,0.014300912618637085,0.0002
22744.0,48.0,0.013405298814177513,0.0002
22745.0,48.0,0.01702103391289711,0.0002
22746.0,48.0,0.01315470039844513,0.0002
22747.0,48.0,0.013453172519803047,0.0002
22748.0,48.0,0.011831125244498253,0.0002
22749.0,48.0,0.016010988503694534,0.0002
22750.0,48.0,0.012395723722875118,0.0002
22751.0,48.0,0.01420430839061737,0.0002
22752.0,48.0,0.013798716478049755,0.0002
22753.0,48.0,0.014591867104172707,0.0002
22754.0,48.0,0.015449571423232555,0.0002
22755.0,48.0,0.014525056816637516,0.0002
22756.0,48.0,0.015850212424993515,0.0002
22757.0,48.0,0.014506582170724869,0.0002
22758.0,48.0,0.014124607667326927,0.0002
22759.0,48.0,0.015989914536476135,0.0002
22760.0,48.0,0.014244040474295616,0.0002
22761.0,48.0,0.013365186750888824,0.0002
22762.0,48.0,0.013174394145607948,0.0002
22763.0,48.0,0.016350124031305313,0.0002
22764.0,48.0,0.012930097058415413,0.0002
22765.0,48.0,0.015346856787800789,0.0002
22766.0,48.0,0.01464569941163063,0.0002
22767.0,48.0,0.014229388907551765,0.0002
22768.0,48.0,0.015558943152427673,0.0002
22769.0,48.0,0.01558601949363947,0.0002
22770.0,48.0,0.010713085532188416,0.0002
22771.0,48.0,0.01567416451871395,0.0002
22772.0,48.0,0.012596895918250084,0.0002
22773.0,48.0,0.014475411735475063,0.0002
22774.0,48.0,0.014613550156354904,0.0002
22775.0,48.0,0.015353647992014885,0.0002
22776.0,48.0,0.016158677637577057,0.0002
22777.0,48.0,0.01661336049437523,0.0002
22778.0,48.0,0.015374566428363323,0.0002
22779.0,48.0,0.013866615481674671,0.0002
22780.0,48.0,0.01471759658306837,0.0002
22781.0,48.0,0.011706993915140629,0.0002
22782.0,48.0,0.01628660224378109,0.0002
22783.0,48.0,0.014722823165357113,0.0002
22784.0,48.0,0.01714421436190605,0.0002
22785.0,48.0,0.013801809400320053,0.0002
22786.0,48.0,0.012954086065292358,0.0002
22787.0,48.0,0.01385730691254139,0.0002
22788.0,48.0,0.012774599716067314,0.0002
22789.0,48.0,0.01486203819513321,0.0002
22790.0,48.0,0.016237523406744003,0.0002
22791.0,48.0,0.013508372008800507,0.0002
22792.0,48.0,0.01408478058874607,0.0002
22793.0,48.0,0.017946917563676834,0.0002
22794.0,48.0,0.013874037191271782,0.0002
22795.0,48.0,0.01519218273460865,0.0002
22796.0,48.0,0.013947478495538235,0.0002
22797.0,48.0,0.014813251793384552,0.0002
22798.0,48.0,0.015150904655456543,0.0002
22799.0,48.0,0.014554928988218307,0.0002
22800.0,48.0,0.015799570828676224,0.0002
22801.0,48.0,0.014022649265825748,0.0002
22802.0,48.0,0.011705370619893074,0.0002
22803.0,48.0,0.015392497181892395,0.0002
22804.0,48.0,0.016355035826563835,0.0002
22805.0,48.0,0.016213320195674896,0.0002
22806.0,48.0,0.014887090772390366,0.0002
22807.0,48.0,0.014132654294371605,0.0002
22808.0,48.0,0.016291338950395584,0.0002
22809.0,48.0,0.013219591230154037,0.0002
22810.0,48.0,0.01352153904736042,0.0002
22811.0,48.0,0.012945093214511871,0.0002
22812.0,48.0,0.012695513665676117,0.0002
22813.0,48.0,0.011648527346551418,0.0002
22814.0,48.0,0.013777862302958965,0.0002
22815.0,48.0,0.01620260439813137,0.0002
22816.0,48.0,0.014504244551062584,0.0002
22817.0,48.0,0.015616006217896938,0.0002
22818.0,48.0,0.015108495019376278,0.0002
22819.0,48.0,0.013523252680897713,0.0002
22820.0,48.0,0.015749577432870865,0.0002
22821.0,48.0,0.015096639283001423,0.0002
22822.0,48.0,0.014169130474328995,0.0002
22823.0,48.0,0.0146874338388443,0.0002
22824.0,48.0,0.013879070058465004,0.0002
22825.0,48.0,0.014818008989095688,0.0002
22826.0,48.0,0.015108331106603146,0.0002
22827.0,48.0,0.014254162088036537,0.0002
22828.0,48.0,0.013977788388729095,0.0002
22829.0,48.0,0.016392933204770088,0.0002
22830.0,48.0,0.01943972520530224,0.0002
22831.0,48.0,0.012762755155563354,0.0002
22832.0,48.0,0.015812119469046593,0.0002
22833.0,48.0,0.013617044314742088,0.0002
22834.0,48.0,0.017002694308757782,0.0002
22835.0,48.0,0.011965135112404823,0.0002
22836.0,48.0,0.014656303450465202,0.0002
22837.0,48.0,0.01508725993335247,0.0002
22838.0,48.0,0.014408744871616364,0.0002
22839.0,48.0,0.01674421690404415,0.0002
22840.0,48.0,0.014523444697260857,0.0002
22841.0,48.0,0.012329038232564926,0.0002
22842.0,48.0,0.014253463596105576,0.0002
22843.0,48.0,0.01743653416633606,0.0002
22844.0,48.0,0.014247698709368706,0.0002
22845.0,48.0,0.012456896714866161,0.0002
22846.0,48.0,0.013863025233149529,0.0002
22847.0,48.0,0.014087244868278503,0.0002
22848.0,48.0,0.012748654931783676,0.0002
22849.0,48.0,0.016803257167339325,0.0002
22850.0,48.0,0.013276435434818268,0.0002
22851.0,48.0,0.013617115095257759,0.0002
22852.0,48.0,0.01483971904963255,0.0002
22853.0,48.0,0.014270576648414135,0.0002
22854.0,48.0,0.01658964529633522,0.0002
22855.0,48.0,0.011769489385187626,0.0002
22856.0,48.0,0.0128960981965065,0.0002
22857.0,48.0,0.015944356098771095,0.0002
22858.0,48.0,0.01399196032434702,0.0002
22859.0,48.0,0.012178834527730942,0.0002
22860.0,48.0,0.01620238646864891,0.0002
22861.0,48.0,0.011264994740486145,0.0002
22862.0,48.0,0.014274987392127514,0.0002
22863.0,48.0,0.016301827505230904,0.0002
22864.0,48.0,0.014437861740589142,0.0002
22865.0,48.0,0.01410802360624075,0.0002
22866.0,48.0,0.015554741956293583,0.0002
22867.0,48.0,0.013112546876072884,0.0002
22868.0,48.0,0.014491320587694645,0.0002
22869.0,48.0,0.013467662036418915,0.0002
22870.0,48.0,0.015240535140037537,0.0002
22871.0,48.0,0.01225835271179676,0.0002
22872.0,48.0,0.013726482167840004,0.0002
22873.0,48.0,0.013984762132167816,0.0002
22874.0,48.0,0.016932576894760132,0.0002
22875.0,48.0,0.017631033435463905,0.0002
22876.0,48.0,0.016269102692604065,0.0002
22877.0,48.0,0.015503844246268272,0.0002
22878.0,48.0,0.0160415880382061,0.0002
22879.0,48.0,0.0135774165391922,0.0002
22880.0,48.0,0.011806925758719444,0.0002
22881.0,48.0,0.01629289798438549,0.0002
22882.0,48.0,0.016979895532131195,0.0002
22883.0,48.0,0.014390969648957253,0.0002
22884.0,48.0,0.017450984567403793,0.0002
22885.0,48.0,0.018246617168188095,0.0002
22886.0,48.0,0.016308946534991264,0.0002
22887.0,48.0,0.017037544399499893,0.0002
22888.0,48.0,0.015017416328191757,0.0002
22889.0,48.0,0.012996457517147064,0.0002
22890.0,48.0,0.014150077477097511,0.0002
22891.0,48.0,0.011437531560659409,0.0002
22892.0,48.0,0.013257872313261032,0.0002
22893.0,48.0,0.016841791570186615,0.0002
22894.0,48.0,0.014162605628371239,0.0002
22895.0,48.0,0.014794182032346725,0.0002
22896.0,48.0,0.015675842761993408,0.0002
22897.0,48.0,0.016644185408949852,0.0002
22898.0,48.0,0.01161380298435688,0.0002
22899.0,48.0,0.01765461638569832,0.0002
22900.0,48.0,0.015516758896410465,0.0002
22901.0,48.0,0.017543397843837738,0.0002
22902.0,48.0,0.011798994615674019,0.0002
22903.0,48.0,0.01463766023516655,0.0002
22904.0,48.0,0.013989265076816082,0.0002
22905.0,48.0,0.01463362853974104,0.0002
22906.0,48.0,0.013800996355712414,0.0002
22907.0,48.0,0.015587735921144485,0.0002
22908.0,48.0,0.013120759278535843,0.0002
22909.0,48.0,0.015583238564431667,0.0002
22910.0,48.0,0.016124751418828964,0.0002
22911.0,48.0,0.013875814154744148,0.0002
22912.0,48.0,0.017742859199643135,0.0002
22913.0,48.0,0.015588492155075073,0.0002
22914.0,48.0,0.013421955518424511,0.0002
22915.0,48.0,0.014940357767045498,0.0002
22916.0,48.0,0.01281893253326416,0.0002
22917.0,48.0,0.01695796474814415,0.0002
22918.0,48.0,0.014041082933545113,0.0002
22919.0,48.0,0.015001952648162842,0.0002
22920.0,48.0,0.013810648582875729,0.0002
22921.0,48.0,0.011541219428181648,0.0002
22922.0,48.0,0.012723905965685844,0.0002
22923.0,48.0,0.014712223783135414,0.0002
22924.0,48.0,0.013021580874919891,0.0002
22925.0,48.0,0.013245579786598682,0.0002
22926.0,48.0,0.016126379370689392,0.0002
22927.0,48.0,0.0181701872497797,0.0002
22928.0,48.0,0.012953460216522217,0.0002
22929.0,48.0,0.015890972688794136,0.0002
22930.0,48.0,0.012963604182004929,0.0002
22931.0,48.0,0.012996310368180275,0.0002
22932.0,48.0,0.014031901955604553,0.0002
22933.0,49.0,0.011280357837677002,0.0002
22934.0,49.0,0.015747809782624245,0.0002
22935.0,49.0,0.016726283356547356,0.0002
22936.0,49.0,0.012672388926148415,0.0002
22937.0,49.0,0.015298138372600079,0.0002
22938.0,49.0,0.016673889011144638,0.0002
22939.0,49.0,0.014541159383952618,0.0002
22940.0,49.0,0.0182399433106184,0.0002
22941.0,49.0,0.011034266091883183,0.0002
22942.0,49.0,0.01625387743115425,0.0002
22943.0,49.0,0.014202190563082695,0.0002
22944.0,49.0,0.01645655184984207,0.0002
22945.0,49.0,0.01352614164352417,0.0002
22946.0,49.0,0.015553341247141361,0.0002
22947.0,49.0,0.017179220914840698,0.0002
22948.0,49.0,0.013551446609199047,0.0002
22949.0,49.0,0.015184094198048115,0.0002
22950.0,49.0,0.012032102793455124,0.0002
22951.0,49.0,0.013962576165795326,0.0002
22952.0,49.0,0.015056855045258999,0.0002
22953.0,49.0,0.01266316045075655,0.0002
22954.0,49.0,0.013706700876355171,0.0002
22955.0,49.0,0.016367807984352112,0.0002
22956.0,49.0,0.011103883385658264,0.0002
22957.0,49.0,0.013093559071421623,0.0002
22958.0,49.0,0.011859383434057236,0.0002
22959.0,49.0,0.011752854101359844,0.0002
22960.0,49.0,0.015196536667644978,0.0002
22961.0,49.0,0.012935120612382889,0.0002
22962.0,49.0,0.014299366623163223,0.0002
22963.0,49.0,0.014495426788926125,0.0002
22964.0,49.0,0.013257002457976341,0.0002
22965.0,49.0,0.01499681081622839,0.0002
22966.0,49.0,0.011576982215046883,0.0002
22967.0,49.0,0.012952388264238834,0.0002
22968.0,49.0,0.013394209556281567,0.0002
22969.0,49.0,0.01412894669920206,0.0002
22970.0,49.0,0.011404355987906456,0.0002
22971.0,49.0,0.012652197852730751,0.0002
22972.0,49.0,0.01569364219903946,0.0002
22973.0,49.0,0.017102476209402084,0.0002
22974.0,49.0,0.017355451360344887,0.0002
22975.0,49.0,0.01407101470977068,0.0002
22976.0,49.0,0.015001529827713966,0.0002
22977.0,49.0,0.01651623286306858,0.0002
22978.0,49.0,0.01359429582953453,0.0002
22979.0,49.0,0.01768084242939949,0.0002
22980.0,49.0,0.011994984932243824,0.0002
22981.0,49.0,0.012710101902484894,0.0002
22982.0,49.0,0.01661401242017746,0.0002
22983.0,49.0,0.01684960164129734,0.0002
22984.0,49.0,0.012449894100427628,0.0002
22985.0,49.0,0.013526511378586292,0.0002
22986.0,49.0,0.011669663712382317,0.0002
22987.0,49.0,0.016396503895521164,0.0002
22988.0,49.0,0.013398032635450363,0.0002
22989.0,49.0,0.012656159698963165,0.0002
22990.0,49.0,0.013473553583025932,0.0002
22991.0,49.0,0.0142995435744524,0.0002
22992.0,49.0,0.018334917724132538,0.0002
22993.0,49.0,0.01858992874622345,0.0002
22994.0,49.0,0.01613485813140869,0.0002
22995.0,49.0,0.013233086094260216,0.0002
22996.0,49.0,0.017526499927043915,0.0002
22997.0,49.0,0.013584776781499386,0.0002
22998.0,49.0,0.01239460613578558,0.0002
22999.0,49.0,0.015409969724714756,0.0002
23000.0,49.0,0.014709832146763802,0.0002
23001.0,49.0,0.013985147699713707,0.0002
23002.0,49.0,0.016807056963443756,0.0002
23003.0,49.0,0.013567518442869186,0.0002
23004.0,49.0,0.014393020421266556,0.0002
23005.0,49.0,0.013386012986302376,0.0002
23006.0,49.0,0.012271637097001076,0.0002
23007.0,49.0,0.01651068404316902,0.0002
23008.0,49.0,0.018347162753343582,0.0002
23009.0,49.0,0.013016675598919392,0.0002
23010.0,49.0,0.01416881661862135,0.0002
23011.0,49.0,0.012151694856584072,0.0002
23012.0,49.0,0.01670948974788189,0.0002
23013.0,49.0,0.01547625008970499,0.0002
23014.0,49.0,0.015589660033583641,0.0002
23015.0,49.0,0.01437348686158657,0.0002
23016.0,49.0,0.01534141506999731,0.0002
23017.0,49.0,0.017491545528173447,0.0002
23018.0,49.0,0.013859281316399574,0.0002
23019.0,49.0,0.017463870346546173,0.0002
23020.0,49.0,0.0153213981539011,0.0002
23021.0,49.0,0.012265926226973534,0.0002
23022.0,49.0,0.01388000138103962,0.0002
23023.0,49.0,0.014343783259391785,0.0002
23024.0,49.0,0.015450111590325832,0.0002
23025.0,49.0,0.01383189670741558,0.0002
23026.0,49.0,0.017199398949742317,0.0002
23027.0,49.0,0.013256466016173363,0.0002
23028.0,49.0,0.01799093745648861,0.0002
23029.0,49.0,0.017222674563527107,0.0002
23030.0,49.0,0.011262781918048859,0.0002
23031.0,49.0,0.016035865992307663,0.0002
23032.0,49.0,0.016502244397997856,0.0002
23033.0,49.0,0.015056073665618896,0.0002
23034.0,49.0,0.013733375817537308,0.0002
23035.0,49.0,0.013109476305544376,0.0002
23036.0,49.0,0.01981491409242153,0.0002
23037.0,49.0,0.014930645003914833,0.0002
23038.0,49.0,0.015150535851716995,0.0002
23039.0,49.0,0.013818137347698212,0.0002
23040.0,49.0,0.014193800278007984,0.0002
23041.0,49.0,0.012264423072338104,0.0002
23042.0,49.0,0.01436117198318243,0.0002
23043.0,49.0,0.01230650208890438,0.0002
23044.0,49.0,0.01323815155774355,0.0002
23045.0,49.0,0.017656005918979645,0.0002
23046.0,49.0,0.014289348386228085,0.0002
23047.0,49.0,0.017363596707582474,0.0002
23048.0,49.0,0.01587052084505558,0.0002
23049.0,49.0,0.014744889922440052,0.0002
23050.0,49.0,0.02045551687479019,0.0002
23051.0,49.0,0.016801904886960983,0.0002
23052.0,49.0,0.01493246853351593,0.0002
23053.0,49.0,0.013855142518877983,0.0002
23054.0,49.0,0.013368885964155197,0.0002
23055.0,49.0,0.013519431464374065,0.0002
23056.0,49.0,0.01444972027093172,0.0002
23057.0,49.0,0.014311037957668304,0.0002
23058.0,49.0,0.012741593644022942,0.0002
23059.0,49.0,0.014958200044929981,0.0002
23060.0,49.0,0.015645459294319153,0.0002
23061.0,49.0,0.014354280196130276,0.0002
23062.0,49.0,0.012824107892811298,0.0002
23063.0,49.0,0.014474756084382534,0.0002
23064.0,49.0,0.012375995516777039,0.0002
23065.0,49.0,0.014271973632276058,0.0002
23066.0,49.0,0.014813065528869629,0.0002
23067.0,49.0,0.014627905562520027,0.0002
23068.0,49.0,0.019007457420229912,0.0002
23069.0,49.0,0.015314577147364616,0.0002
23070.0,49.0,0.016282062977552414,0.0002
23071.0,49.0,0.013797379098832607,0.0002
23072.0,49.0,0.013418707996606827,0.0002
23073.0,49.0,0.01457115076482296,0.0002
23074.0,49.0,0.016447409987449646,0.0002
23075.0,49.0,0.014258122071623802,0.0002
23076.0,49.0,0.01380910538136959,0.0002
23077.0,49.0,0.01649545505642891,0.0002
23078.0,49.0,0.011578286066651344,0.0002
23079.0,49.0,0.01538442075252533,0.0002
23080.0,49.0,0.014947942458093166,0.0002
23081.0,49.0,0.012752087786793709,0.0002
23082.0,49.0,0.014466282911598682,0.0002
23083.0,49.0,0.015670297667384148,0.0002
23084.0,49.0,0.014305390417575836,0.0002
23085.0,49.0,0.015118762850761414,0.0002
23086.0,49.0,0.016172222793102264,0.0002
23087.0,49.0,0.016633428633213043,0.0002
23088.0,49.0,0.01701173186302185,0.0002
23089.0,49.0,0.013448497280478477,0.0002
23090.0,49.0,0.014133647084236145,0.0002
23091.0,49.0,0.013861984014511108,0.0002
23092.0,49.0,0.018049515783786774,0.0002
23093.0,49.0,0.015788421034812927,0.0002
23094.0,49.0,0.014596011489629745,0.0002
23095.0,49.0,0.01833983324468136,0.0002
23096.0,49.0,0.012988593429327011,0.0002
23097.0,49.0,0.013377596624195576,0.0002
23098.0,49.0,0.01219148188829422,0.0002
23099.0,49.0,0.014367734082043171,0.0002
23100.0,49.0,0.013266629539430141,0.0002
23101.0,49.0,0.013421558775007725,0.0002
23102.0,49.0,0.01536933146417141,0.0002
23103.0,49.0,0.014693653210997581,0.0002
23104.0,49.0,0.01508956030011177,0.0002
23105.0,49.0,0.015076462179422379,0.0002
23106.0,49.0,0.01600906252861023,0.0002
23107.0,49.0,0.016659991815686226,0.0002
23108.0,49.0,0.013613241724669933,0.0002
23109.0,49.0,0.015044620260596275,0.0002
23110.0,49.0,0.015397758223116398,0.0002
23111.0,49.0,0.021446503698825836,0.0002
23112.0,49.0,0.01728183589875698,0.0002
23113.0,49.0,0.01656704768538475,0.0002
23114.0,49.0,0.01693853922188282,0.0002
23115.0,49.0,0.012602174654603004,0.0002
23116.0,49.0,0.013818001374602318,0.0002
23117.0,49.0,0.013502391055226326,0.0002
23118.0,49.0,0.015242315828800201,0.0002
23119.0,49.0,0.011959767900407314,0.0002
23120.0,49.0,0.014544371515512466,0.0002
23121.0,49.0,0.015065794810652733,0.0002
23122.0,49.0,0.013337651267647743,0.0002
23123.0,49.0,0.016856472939252853,0.0002
23124.0,49.0,0.014347659423947334,0.0002
23125.0,49.0,0.01739349588751793,0.0002
23126.0,49.0,0.011858491227030754,0.0002
23127.0,49.0,0.016427572816610336,0.0002
23128.0,49.0,0.016295503824949265,0.0002
23129.0,49.0,0.01343207061290741,0.0002
23130.0,49.0,0.012936619110405445,0.0002
23131.0,49.0,0.01547213178128004,0.0002
23132.0,49.0,0.01813555508852005,0.0002
23133.0,49.0,0.016373001039028168,0.0002
23134.0,49.0,0.013476835563778877,0.0002
23135.0,49.0,0.014365749433636665,0.0002
23136.0,49.0,0.014403583481907845,0.0002
23137.0,49.0,0.010755623690783978,0.0002
23138.0,49.0,0.016736838966608047,0.0002
23139.0,49.0,0.016724128276109695,0.0002
23140.0,49.0,0.013036156073212624,0.0002
23141.0,49.0,0.013366186991333961,0.0002
23142.0,49.0,0.0169684998691082,0.0002
23143.0,49.0,0.0180804505944252,0.0002
23144.0,49.0,0.017536181956529617,0.0002
23145.0,49.0,0.0125383036211133,0.0002
23146.0,49.0,0.0154250618070364,0.0002
23147.0,49.0,0.01574702188372612,0.0002
23148.0,49.0,0.013712285086512566,0.0002
23149.0,49.0,0.01772231049835682,0.0002
23150.0,49.0,0.013403242453932762,0.0002
23151.0,49.0,0.016809901222586632,0.0002
23152.0,49.0,0.013008220121264458,0.0002
23153.0,49.0,0.013905929401516914,0.0002
23154.0,49.0,0.015238295309245586,0.0002
23155.0,49.0,0.018000848591327667,0.0002
23156.0,49.0,0.012754226103425026,0.0002
23157.0,49.0,0.015769541263580322,0.0002
23158.0,49.0,0.016384076327085495,0.0002
23159.0,49.0,0.014562875032424927,0.0002
23160.0,49.0,0.017695816233754158,0.0002
23161.0,49.0,0.016153357923030853,0.0002
23162.0,49.0,0.013493115082383156,0.0002
23163.0,49.0,0.01462279912084341,0.0002
23164.0,49.0,0.013371261768043041,0.0002
23165.0,49.0,0.015928471460938454,0.0002
23166.0,49.0,0.013668274506926537,0.0002
23167.0,49.0,0.016670668497681618,0.0002
23168.0,49.0,0.018287010490894318,0.0002
23169.0,49.0,0.015062574297189713,0.0002
23170.0,49.0,0.016391519457101822,0.0002
23171.0,49.0,0.013782589696347713,0.0002
23172.0,49.0,0.010178124532103539,0.0002
23173.0,49.0,0.014248755760490894,0.0002
23174.0,49.0,0.011021274141967297,0.0002
23175.0,49.0,0.01630266383290291,0.0002
23176.0,49.0,0.012374887242913246,0.0002
23177.0,49.0,0.014650966040790081,0.0002
23178.0,49.0,0.01481630839407444,0.0002
23179.0,49.0,0.016843998804688454,0.0002
23180.0,49.0,0.020155716687440872,0.0002
23181.0,49.0,0.014286356046795845,0.0002
23182.0,49.0,0.011072734370827675,0.0002
23183.0,49.0,0.015239233151078224,0.0002
23184.0,49.0,0.014504938386380672,0.0002
23185.0,49.0,0.012922301888465881,0.0002
23186.0,49.0,0.014120073989033699,0.0002
23187.0,49.0,0.015926945954561234,0.0002
23188.0,49.0,0.017316505312919617,0.0002
23189.0,49.0,0.015724491328001022,0.0002
23190.0,49.0,0.016092218458652496,0.0002
23191.0,49.0,0.014858504757285118,0.0002
23192.0,49.0,0.013903612270951271,0.0002
23193.0,49.0,0.014354737475514412,0.0002
23194.0,49.0,0.01599913090467453,0.0002
23195.0,49.0,0.012567795813083649,0.0002
23196.0,49.0,0.01147056370973587,0.0002
23197.0,49.0,0.018142925575375557,0.0002
23198.0,49.0,0.01745503395795822,0.0002
23199.0,49.0,0.01194792054593563,0.0002
23200.0,49.0,0.017725756391882896,0.0002
23201.0,49.0,0.013510039076209068,0.0002
23202.0,49.0,0.014896964654326439,0.0002
23203.0,49.0,0.012745657004415989,0.0002
23204.0,49.0,0.01702127978205681,0.0002
23205.0,49.0,0.013675624504685402,0.0002
23206.0,49.0,0.015121258795261383,0.0002
23207.0,49.0,0.016166502609848976,0.0002
23208.0,49.0,0.015351619571447372,0.0002
23209.0,49.0,0.013709817081689835,0.0002
23210.0,49.0,0.013139624148607254,0.0002
23211.0,49.0,0.017150714993476868,0.0002
23212.0,49.0,0.012233443558216095,0.0002
23213.0,49.0,0.013595083728432655,0.0002
23214.0,49.0,0.013134087435901165,0.0002
23215.0,49.0,0.012915100902318954,0.0002
23216.0,49.0,0.014990350231528282,0.0002
23217.0,49.0,0.017172403633594513,0.0002
23218.0,49.0,0.017415469512343407,0.0002
23219.0,49.0,0.014661047607660294,0.0002
23220.0,49.0,0.014875080436468124,0.0002
23221.0,49.0,0.015017904341220856,0.0002
23222.0,49.0,0.014785459265112877,0.0002
23223.0,49.0,0.0168205127120018,0.0002
23224.0,49.0,0.016940899193286896,0.0002
23225.0,49.0,0.019018227234482765,0.0002
23226.0,49.0,0.012086429633200169,0.0002
23227.0,49.0,0.009943339973688126,0.0002
23228.0,49.0,0.012177450582385063,0.0002
23229.0,49.0,0.015069453045725822,0.0002
23230.0,49.0,0.01542527787387371,0.0002
23231.0,49.0,0.01406189240515232,0.0002
23232.0,49.0,0.013149525970220566,0.0002
23233.0,49.0,0.016429739072918892,0.0002
23234.0,49.0,0.015947625041007996,0.0002
23235.0,49.0,0.01422308012843132,0.0002
23236.0,49.0,0.010679949074983597,0.0002
23237.0,49.0,0.013046265579760075,0.0002
23238.0,49.0,0.01071527972817421,0.0002
23239.0,49.0,0.013714022934436798,0.0002
23240.0,49.0,0.01450213324278593,0.0002
23241.0,49.0,0.015035769902169704,0.0002
23242.0,49.0,0.015787465497851372,0.0002
23243.0,49.0,0.014555664733052254,0.0002
23244.0,49.0,0.01482032798230648,0.0002
23245.0,49.0,0.012147010304033756,0.0002
23246.0,49.0,0.014723630622029305,0.0002
23247.0,49.0,0.015134952962398529,0.0002
23248.0,49.0,0.014331850223243237,0.0002
23249.0,49.0,0.016929224133491516,0.0002
23250.0,49.0,0.012984676286578178,0.0002
23251.0,49.0,0.010520532727241516,0.0002
23252.0,49.0,0.01411630678921938,0.0002
23253.0,49.0,0.016022775322198868,0.0002
23254.0,49.0,0.014933906495571136,0.0002
23255.0,49.0,0.01372446957975626,0.0002
23256.0,49.0,0.014984936453402042,0.0002
23257.0,49.0,0.01666649803519249,0.0002
23258.0,49.0,0.013602245599031448,0.0002
23259.0,49.0,0.014963649213314056,0.0002
23260.0,49.0,0.014191939495503902,0.0002
23261.0,49.0,0.014813873916864395,0.0002
23262.0,49.0,0.015898320823907852,0.0002
23263.0,49.0,0.014239570125937462,0.0002
23264.0,49.0,0.015012707561254501,0.0002
23265.0,49.0,0.012117798440158367,0.0002
23266.0,49.0,0.014230730012059212,0.0002
23267.0,49.0,0.0101480046287179,0.0002
23268.0,49.0,0.013379852287471294,0.0002
23269.0,49.0,0.017301520332694054,0.0002
23270.0,49.0,0.016766667366027832,0.0002
23271.0,49.0,0.02094496600329876,0.0002
23272.0,49.0,0.013238714076578617,0.0002
23273.0,49.0,0.011766675859689713,0.0002
23274.0,49.0,0.019602078944444656,0.0002
23275.0,49.0,0.01326783001422882,0.0002
23276.0,49.0,0.013100658543407917,0.0002
23277.0,49.0,0.011169226840138435,0.0002
23278.0,49.0,0.017147120088338852,0.0002
23279.0,49.0,0.012572665698826313,0.0002
23280.0,49.0,0.01372923981398344,0.0002
23281.0,49.0,0.017552286386489868,0.0002
23282.0,49.0,0.01605268381536007,0.0002
23283.0,49.0,0.01502029038965702,0.0002
23284.0,49.0,0.01337142288684845,0.0002
23285.0,49.0,0.013248467817902565,0.0002
23286.0,49.0,0.014156410470604897,0.0002
23287.0,49.0,0.013637354597449303,0.0002
23288.0,49.0,0.017982076853513718,0.0002
23289.0,49.0,0.014444200322031975,0.0002
23290.0,49.0,0.015005695633590221,0.0002
23291.0,49.0,0.01665988191962242,0.0002
23292.0,49.0,0.013066238723695278,0.0002
23293.0,49.0,0.0173124298453331,0.0002
23294.0,49.0,0.01564878411591053,0.0002
23295.0,49.0,0.015912581235170364,0.0002
23296.0,49.0,0.016129136085510254,0.0002
23297.0,49.0,0.016213487833738327,0.0002
23298.0,49.0,0.014750825241208076,0.0002
23299.0,49.0,0.01613224297761917,0.0002
23300.0,49.0,0.012539321556687355,0.0002
23301.0,49.0,0.017012640833854675,0.0002
23302.0,49.0,0.014998803846538067,0.0002
23303.0,49.0,0.017073482275009155,0.0002
23304.0,49.0,0.01482255756855011,0.0002
23305.0,49.0,0.013525023125112057,0.0002
23306.0,49.0,0.016422197222709656,0.0002
23307.0,49.0,0.013421581126749516,0.0002
23308.0,49.0,0.014338120818138123,0.0002
23309.0,49.0,0.015588754788041115,0.0002
23310.0,49.0,0.015500683337450027,0.0002
23311.0,49.0,0.013624293729662895,0.0002
23312.0,49.0,0.014145663939416409,0.0002
23313.0,49.0,0.016586417332291603,0.0002
23314.0,49.0,0.012301774695515633,0.0002
23315.0,49.0,0.015085037797689438,0.0002
23316.0,49.0,0.013650520704686642,0.0002
23317.0,49.0,0.013644665479660034,0.0002
23318.0,49.0,0.018512062728405,0.0002
23319.0,49.0,0.012744849547743797,0.0002
23320.0,49.0,0.014116489328444004,0.0002
23321.0,49.0,0.0135264927521348,0.0002
23322.0,49.0,0.012290158309042454,0.0002
23323.0,49.0,0.015080846846103668,0.0002
23324.0,49.0,0.017440499737858772,0.0002
23325.0,49.0,0.015095068141818047,0.0002
23326.0,49.0,0.01454502809792757,0.0002
23327.0,49.0,0.010928148403763771,0.0002
23328.0,49.0,0.016390632838010788,0.0002
23329.0,49.0,0.012955794110894203,0.0002
23330.0,49.0,0.01408177986741066,0.0002
23331.0,49.0,0.014032850973308086,0.0002
23332.0,49.0,0.014977922663092613,0.0002
23333.0,49.0,0.010616190731525421,0.0002
23334.0,49.0,0.015584099106490612,0.0002
23335.0,49.0,0.014011111110448837,0.0002
23336.0,49.0,0.01798822358250618,0.0002
23337.0,49.0,0.01697596162557602,0.0002
23338.0,49.0,0.013434767723083496,0.0002
23339.0,49.0,0.014748240821063519,0.0002
23340.0,49.0,0.01604331284761429,0.0002
23341.0,49.0,0.011574284173548222,0.0002
23342.0,49.0,0.01507615391165018,0.0002
23343.0,49.0,0.018592853099107742,0.0002
23344.0,49.0,0.019356809556484222,0.0002
23345.0,49.0,0.016644056886434555,0.0002
23346.0,49.0,0.01671193353831768,0.0002
23347.0,49.0,0.014183040708303452,0.0002
23348.0,49.0,0.01729932613670826,0.0002
23349.0,49.0,0.015234909951686859,0.0002
23350.0,49.0,0.013103442266583443,0.0002
23351.0,49.0,0.013857509940862656,0.0002
23352.0,49.0,0.01712779514491558,0.0002
23353.0,49.0,0.013480489142239094,0.0002
23354.0,49.0,0.017072521150112152,0.0002
23355.0,49.0,0.01626189798116684,0.0002
23356.0,49.0,0.014460090547800064,0.0002
23357.0,49.0,0.015350798144936562,0.0002
23358.0,49.0,0.017791924998164177,0.0002
23359.0,49.0,0.016405483707785606,0.0002
23360.0,49.0,0.017742469906806946,0.0002
23361.0,49.0,0.01742505468428135,0.0002
23362.0,49.0,0.014380881562829018,0.0002
23363.0,49.0,0.013998347334563732,0.0002
23364.0,49.0,0.013352387584745884,0.0002
23365.0,49.0,0.011170639656484127,0.0002
23366.0,49.0,0.01634793169796467,0.0002
23367.0,49.0,0.01549013052135706,0.0002
23368.0,49.0,0.0137889813631773,0.0002
23369.0,49.0,0.015135858207941055,0.0002
23370.0,49.0,0.017673535272479057,0.0002
23371.0,49.0,0.01924341358244419,0.0002
23372.0,49.0,0.010814428329467773,0.0002
23373.0,49.0,0.019144944846630096,0.0002
23374.0,49.0,0.015534120611846447,0.0002
23375.0,49.0,0.013100124895572662,0.0002
23376.0,49.0,0.017001478001475334,0.0002
23377.0,49.0,0.013849429786205292,0.0002
23378.0,49.0,0.015467938967049122,0.0002
23379.0,49.0,0.016316499561071396,0.0002
23380.0,49.0,0.016301115974783897,0.0002
23381.0,49.0,0.012712041847407818,0.0002
23382.0,49.0,0.01737028732895851,0.0002
23383.0,49.0,0.014084898866713047,0.0002
23384.0,49.0,0.015097021125257015,0.0002
23385.0,49.0,0.012987308204174042,0.0002
23386.0,49.0,0.014527235180139542,0.0002
23387.0,49.0,0.014108555391430855,0.0002
23388.0,49.0,0.015455766580998898,0.0002
23389.0,49.0,0.014545196667313576,0.0002
23390.0,49.0,0.014795378781855106,0.0002
23391.0,49.0,0.014552471227943897,0.0002
23392.0,49.0,0.014611859805881977,0.0002
23393.0,49.0,0.015185488387942314,0.0002
23394.0,49.0,0.013772936537861824,0.0002
23395.0,49.0,0.01731150969862938,0.0002
23396.0,49.0,0.017346415668725967,0.0002
23397.0,49.0,0.014552464708685875,0.0002
23398.0,49.0,0.011571574956178665,0.0002
23399.0,49.0,0.015016257762908936,0.0002
23400.0,49.0,0.011514425277709961,0.0002
